timestamp,machine_id,rpm,temperature_k,pressure_bar,vibration_mms,power_output_mw,prediction,confidence,risk_level,source
2026-05-28 11:21:40,SEED-0,5226.726981111783,838.4708208438838,4.277896640373464,18.60740167135816,17876.830631038756,NORMAL,93.0,Medium,SEED
2026-05-28 11:31:40,SEED-1,1291.1035771051347,475.5701193532044,1.0578198648380368,0.17754363790956074,295.002358930648,NORMAL,85.2,Low,SEED
2026-05-28 11:41:40,SEED-2,1366.6418180450607,443.6582269258688,1.070410065128239,0.6127402947048841,284.1900017782894,NORMAL,76.6,Low,SEED
2026-05-28 11:51:40,SEED-3,1364.6151624595059,469.01403982971027,1.0540055553594845,0.19874611515555518,300.73251400274677,NORMAL,75.4,Low,SEED
2026-05-28 12:01:40,SEED-4,9156.100452055933,1167.7091147981694,8.185713159007578,249.94369301553206,57052.43545493816,FAULT,93.0,High,SEED
2026-05-28 12:11:40,SEED-5,8576.016145042298,1201.404434321896,8.39669029547371,184.3277395486607,57154.9850913739,FAULT,80.5,High,SEED
2026-05-28 12:21:40,SEED-6,1308.2769375088662,455.54705801896336,1.1334574078274953,0.3136138906138841,297.8270192496068,NORMAL,91.2,Low,SEED
2026-05-28 12:31:40,SEED-7,1363.1447062923846,475.0380461532177,1.1021275851820544,0.269131310219481,294.4748552223986,NORMAL,85.6,Low,SEED
2026-05-28 12:41:40,SEED-8,1383.4642082869948,460.3745453933726,1.0977237368709272,0.3754354106371256,293.24123032448,NORMAL,73.2,Low,SEED
2026-05-28 12:51:40,SEED-9,5213.285600933246,809.7889613008373,4.528238854623775,68.09167761318065,18844.846225596568,NORMAL,93.0,Medium,SEED
2026-05-28 13:01:40,SEED-10,5158.759651223018,776.2101720410682,4.296028110930389,10.226359844797457,17525.447583079753,NORMAL,93.0,Medium,SEED
2026-05-28 13:11:40,SEED-11,1399.6374953006257,467.1655925114533,1.0480175839136947,0.14865553950414778,291.65014609225955,NORMAL,71.0,Low,SEED
2026-05-28 13:21:40,SEED-12,1362.138199817961,445.8955115539754,1.0456856242629406,0.28399171142958224,304.3396231255856,NORMAL,70.2,Low,SEED
2026-05-28 13:31:40,SEED-13,1360.0241327197023,476.5804810873243,1.0746681102870868,0.37330860932267296,286.6781881481573,NORMAL,85.3,Low,SEED
2026-05-28 13:41:40,SEED-14,1291.0196190028703,462.94435323074316,1.0938915410717538,0.4772344735465701,303.64330426770334,NORMAL,87.7,Low,SEED
2026-05-28 13:51:40,SEED-15,1299.5500572011529,475.98458917078335,1.05693505547506,0.18393581084634825,277.1046995972718,NORMAL,82.2,Low,SEED
2026-05-28 14:01:40,SEED-16,1356.8879156594496,462.39494601707673,1.1412262994055447,0.3816554569376507,286.0284596643759,NORMAL,78.3,Low,SEED
2026-05-28 14:11:40,SEED-17,5185.622532810894,797.5568740596816,4.525955774627751,17.96209296812492,18128.04624742469,NORMAL,93.0,Medium,SEED
2026-05-28 14:21:40,SEED-18,1348.9633928857295,445.79746181299043,1.0905084090474515,0.09068311372623672,289.32260725766236,NORMAL,92.5,Low,SEED
2026-05-28 14:31:40,SEED-19,5167.1649901202145,762.9572476475325,4.528249494576792,36.638899743418165,18778.230024202505,NORMAL,93.0,Medium,SEED
2026-05-28 14:41:40,SEED-20,1360.7867706077714,445.5251673302478,1.0772553732202341,0.6227314394558041,299.57790583714933,NORMAL,82.6,Low,SEED
2026-05-28 14:51:40,SEED-21,1354.8182820124941,465.171545461442,1.1045121371473634,0.013259707937464782,284.72758312733873,NORMAL,80.8,Low,SEED
2026-05-28 15:01:40,SEED-22,1385.9648166221507,481.4157602332792,1.1340477906727382,0.39578287691427416,297.7639466804077,NORMAL,78.6,Low,SEED
2026-05-28 15:11:40,SEED-23,5050.469210877802,779.1895416109188,4.303959018042777,25.44884385235173,18285.580823484463,NORMAL,93.0,Medium,SEED
2026-05-28 15:21:40,SEED-24,1326.3021341539463,479.39032069740665,1.1439693710652596,0.047463116765881,296.0895404384574,NORMAL,74.2,Low,SEED
2026-05-28 15:31:40,SEED-25,8595.82235946956,1154.3332455439045,7.65866936674744,174.78973648805868,60939.74687121596,FAULT,91.8,High,SEED
2026-05-28 15:41:40,SEED-26,5128.315128104614,762.1640037415525,4.649598955400199,66.20721129271624,17587.031228345106,NORMAL,93.0,Medium,SEED
2026-05-28 15:51:40,SEED-27,1375.8250120018279,482.99791467762293,1.0889639082712026,0.35203036641533103,281.8339488627344,NORMAL,92.9,Low,SEED
2026-05-28 16:01:40,SEED-28,8931.486043778154,1194.2746054065065,7.658813053649551,290.8402438220621,61692.25448063005,FAULT,81.3,High,SEED
2026-05-28 16:11:40,SEED-29,5231.590181447207,836.6430515586346,4.595719826538785,50.510662707135,18338.770480546253,NORMAL,93.0,Medium,SEED
2026-05-28 16:21:40,SEED-30,1308.5826361011973,469.9591675201733,1.083899839141283,0.243709338395262,292.59937693343085,NORMAL,92.4,Low,SEED
2026-05-28 16:31:40,SEED-31,8828.95840172609,1100.9764350703235,8.20195462662954,198.82476247459158,59608.2955598121,FAULT,83.8,High,SEED
2026-05-28 16:41:40,SEED-32,1350.31141651472,467.7118104432925,1.0964536637226894,0.4904041381967552,283.4000105734169,NORMAL,74.8,Low,SEED
2026-05-28 16:51:40,SEED-33,5170.613946553501,762.7765703938213,4.564027603919386,2.3317736763042376,18783.48887888988,NORMAL,93.0,Medium,SEED
2026-05-28 17:01:40,SEED-34,1400.3401371759146,449.0491370061638,1.1281775881760165,0.06192661592068305,285.8979853316338,NORMAL,78.2,Low,SEED
2026-05-28 17:11:40,SEED-35,1315.831819764716,447.09108407653144,1.0841128596064205,0.010954970571358302,290.14562493190954,NORMAL,77.9,Low,SEED
2026-05-28 17:21:40,SEED-36,1362.5696892470094,449.21591265126904,1.1282506872292866,0.3425720436085573,289.49609772562496,NORMAL,79.7,Low,SEED
2026-05-28 17:31:40,SEED-37,5011.961615525132,762.7974828479314,4.54602493030513,16.538829343386396,18042.423140440696,NORMAL,93.0,Medium,SEED
2026-05-28 17:41:40,SEED-38,8912.851938841628,1171.8969717323978,8.239888914618957,174.27473073618285,57008.94547327361,FAULT,92.3,High,SEED
2026-05-28 17:51:40,SEED-39,1323.570055285345,442.3142188316618,1.1188981798460054,0.5485725808221664,293.84057614935995,NORMAL,85.3,Low,SEED
2026-05-28 18:01:40,SEED-40,1322.9728666342285,481.69048649360974,1.1339950415018596,0.5975702269453746,298.34140775238404,NORMAL,79.7,Low,SEED
2026-05-28 18:11:40,SEED-41,1371.3595399707497,457.59805561749175,1.0627229279081973,0.21763694901214325,302.8868134262279,NORMAL,84.3,Low,SEED
2026-05-28 18:21:40,SEED-42,1286.4443027907396,475.2754939002027,1.112442635486218,0.26847702708194277,297.70093784001796,NORMAL,83.0,Low,SEED
2026-05-28 18:31:40,SEED-43,1339.590459006036,483.52027199237386,1.090737293728889,0.045314885671114524,300.8354284445007,NORMAL,76.0,Low,SEED
2026-05-28 18:41:40,SEED-44,5167.614250790008,838.5474611173904,4.604341186604531,69.88993960219875,17629.393801809758,NORMAL,93.0,Medium,SEED
2026-05-28 18:51:40,SEED-45,9067.70672621653,1197.1624766524405,7.72171774323738,113.38275059132593,61561.42851086243,FAULT,85.3,High,SEED
2026-05-28 19:01:40,SEED-46,1316.0682013638707,476.30226675413246,1.0963657875854795,0.2682860534102227,303.7558243050899,NORMAL,73.6,Low,SEED
2026-05-28 19:11:40,SEED-47,9067.455123590182,1103.7717415270702,7.633414409902697,28.12622884074426,57537.524958699876,FAULT,79.9,High,SEED
2026-05-28 19:21:40,SEED-48,1370.4006245582416,456.2539782459558,1.0943750085903692,0.5232238722753726,278.30471767269876,NORMAL,83.0,Low,SEED
2026-05-28 19:31:40,SEED-49,1306.8310039069845,479.0223521525454,1.0975445332570435,0.023077476945013053,297.8024184197674,NORMAL,84.7,Low,SEED
2026-05-28 19:41:40,SEED-50,8948.534973255253,1146.2265791558912,7.854511366203398,291.2892761373489,60507.797284460336,FAULT,75.7,High,SEED
2026-05-28 19:51:40,SEED-51,4822.072457448238,824.253112315958,4.296697174508883,4.358275878771678,17160.076773908,NORMAL,93.0,Medium,SEED
2026-05-28 20:01:40,SEED-52,1293.7996748064402,454.24724554237537,1.046129099086191,0.2667353285709142,285.44298009684695,NORMAL,82.3,Low,SEED
2026-05-28 20:11:40,SEED-53,1298.2723928211742,483.3357530843467,1.0813348402581096,0.4293896883271451,289.0687824720069,NORMAL,89.5,Low,SEED
2026-05-28 20:21:40,SEED-54,1379.389885929695,479.3523599987025,1.0907605453992617,0.28310234669197865,296.27875908053613,NORMAL,78.7,Low,SEED
2026-05-28 20:31:40,SEED-55,4893.988552412873,837.8692915670474,4.418534267133717,13.273390222283524,18799.44160089177,NORMAL,93.0,Medium,SEED
2026-05-28 20:41:40,SEED-56,1393.9221299327542,447.890764811302,1.1212751314685987,0.10652742168714457,295.8862050922103,NORMAL,94.3,Low,SEED
2026-05-28 20:51:40,SEED-57,1350.7946796567353,466.9669024418264,1.1080882127306424,0.4469189523311945,286.5244278430294,NORMAL,77.1,Low,SEED
2026-05-28 21:01:40,SEED-58,1412.9683465562048,456.3011588710435,1.0863526211745036,0.2133996850217228,298.690574723387,NORMAL,84.6,Low,SEED
2026-05-28 21:11:40,SEED-59,1330.5804705610071,467.89662815688,1.048045032323154,0.346673571964609,276.8281564206981,NORMAL,76.9,Low,SEED
2026-05-28 21:21:40,SEED-60,5192.136010091246,809.832308778206,4.636446878795012,10.624087354385324,18169.229396779177,NORMAL,93.0,Medium,SEED
2026-05-28 21:31:40,SEED-61,1417.1051535002446,485.0340008143342,1.0865683847374557,0.326512349577329,290.74967430691385,NORMAL,70.8,Low,SEED
2026-05-28 21:41:40,SEED-62,8632.998052163628,1162.3177724601308,7.972321384798686,238.51933681053356,58716.78568414681,FAULT,75.1,High,SEED
2026-05-28 21:51:40,SEED-63,8607.610395487342,1151.1330777593735,7.718444826081241,296.74159524132597,62858.61074406703,FAULT,77.2,High,SEED
2026-05-28 22:01:40,SEED-64,5058.520763573172,834.302206820609,4.510742698250949,42.89582795924082,17166.142738122206,NORMAL,93.0,Medium,SEED
2026-05-28 22:11:40,SEED-65,1414.215816412169,467.9521417615509,1.0726217623185708,0.0035512315150150187,286.85864550937475,NORMAL,74.8,Low,SEED
2026-05-28 22:21:40,SEED-66,8836.302874589957,1147.7862516176865,7.664246765258991,219.6947935136443,59147.647983822055,FAULT,93.9,High,SEED
2026-05-28 22:31:40,SEED-67,5000.356417200652,826.4829881901866,4.422875160286114,21.72653249741245,18352.341254920928,NORMAL,93.0,Medium,SEED
2026-05-28 22:41:40,SEED-68,1403.528057194488,463.3112105167542,1.048533195241284,0.20548131490736576,284.0272535695713,NORMAL,86.3,Low,SEED
2026-05-28 22:51:40,SEED-69,1300.2677672681411,482.703309858458,1.1328495301837112,0.3762625968874662,303.88750398488105,NORMAL,92.0,Low,SEED
2026-05-28 23:01:40,SEED-70,1398.5655889802122,467.53493519894505,1.1513653690324317,0.35180949563129804,287.84525216599695,NORMAL,72.8,Low,SEED
2026-05-28 23:11:40,SEED-71,1361.1099520505504,459.61979048460387,1.1003650057860084,0.5283381505578122,282.0075169227023,NORMAL,85.1,Low,SEED
2026-05-28 23:21:40,SEED-72,1348.1419781334093,449.14644979008244,1.052444903637673,0.011256834150377593,279.2784315827193,NORMAL,93.7,Low,SEED
2026-05-28 23:31:40,SEED-73,1322.3384381379224,471.0215633185402,1.0482615629562202,0.29311459260330786,282.34367428319416,NORMAL,84.9,Low,SEED
2026-05-28 23:41:40,SEED-74,1351.5105916475918,461.6772933224343,1.1236640107396143,0.19283153648332885,289.1130286638067,NORMAL,92.2,Low,SEED
2026-05-28 23:51:40,SEED-75,1326.5812115508336,486.9700748350691,1.0624395014955619,0.20827565005607784,298.23221613884084,NORMAL,82.3,Low,SEED
2026-05-29 00:01:40,SEED-76,9168.751785518427,1185.7696422019014,7.674462389247496,181.35919898575435,62246.84495277173,FAULT,72.6,High,SEED
2026-05-29 00:11:40,SEED-77,4793.677811643597,778.0139044091948,4.50888776996815,50.56415267265572,17487.602486748994,NORMAL,93.0,Medium,SEED
2026-05-29 00:21:40,SEED-78,1331.8264561171043,444.64134009745027,1.1423619375773297,0.17064206494001155,295.12404609308896,NORMAL,76.7,Low,SEED
2026-05-29 00:31:40,SEED-79,1360.7752102996833,484.98169575118953,1.1003577312560644,0.03221234691685915,287.02949668279416,NORMAL,94.7,Low,SEED
2026-05-29 00:41:40,SEED-80,1402.1558087324916,482.3443931201146,1.1177308816683311,0.492686465615253,295.9758095098677,NORMAL,93.2,Low,SEED
2026-05-29 00:51:40,SEED-81,1367.3104324276887,473.2167192109081,1.1493894268190483,0.4795856360635673,301.7175452524852,NORMAL,77.2,Low,SEED
2026-05-29 01:01:40,SEED-82,9150.219278883127,1175.3731448698372,8.343652257621606,366.26598648263143,58524.973661199656,FAULT,73.5,High,SEED
2026-05-29 01:11:40,SEED-83,1339.7893388012785,451.5043489309482,1.0915304449507317,0.10531710248443549,292.07974741682654,NORMAL,71.8,Low,SEED
2026-05-29 01:21:40,SEED-84,1287.6432768700172,485.5076950260534,1.1094553931176543,0.015093524638859712,285.2616071719484,NORMAL,94.4,Low,SEED
2026-05-29 01:31:40,SEED-85,1311.7239251903984,476.3897773711191,1.1538746490717358,0.5328006566043673,284.60770861200496,NORMAL,78.1,Low,SEED
2026-05-29 01:41:40,SEED-86,1309.5625738806552,467.2827815059504,1.0579092371025345,0.08568214948362929,293.4854762777095,NORMAL,77.5,Low,SEED
2026-05-29 01:51:40,SEED-87,8749.59122709095,1113.8381588176342,7.733347942767141,48.473099655869646,62150.257794460995,FAULT,89.3,High,SEED
2026-05-29 02:01:40,SEED-88,1368.561582574852,470.7029594063828,1.0463342239149858,0.4013234923715814,290.3842194558049,NORMAL,74.2,Low,SEED
2026-05-29 02:11:40,SEED-89,1327.5829241649978,442.12057194704664,1.1500952460819418,0.1084273428727931,291.3356769720859,NORMAL,82.3,Low,SEED
2026-05-29 02:21:40,SEED-90,8558.900508731418,1201.560738239555,7.6068708138036865,132.31036797113143,59788.61316957421,FAULT,75.5,High,SEED
2026-05-29 02:31:40,SEED-91,1317.9135454147386,477.38200792685274,1.142145606238295,0.00288639990628603,280.9771361676323,NORMAL,92.5,Low,SEED
2026-05-29 02:41:40,SEED-92,1400.3677945064314,465.882669177297,1.0601070180115233,0.4459627230691581,286.9769632730338,NORMAL,89.8,Low,SEED
2026-05-29 02:51:40,SEED-93,4824.124662800474,807.4639331517018,4.593570045779795,17.537762109362347,17874.651698044476,NORMAL,93.0,Medium,SEED
2026-05-29 03:01:40,SEED-94,4882.893578321643,803.2622056615506,4.433386862621172,4.988838034491778,18528.00912908224,NORMAL,93.0,Medium,SEED
2026-05-29 03:11:40,SEED-95,5180.106749295732,829.86369731506,4.5698344793908365,21.11528152970277,17901.042069775187,NORMAL,93.0,Medium,SEED
2026-05-29 03:21:40,SEED-96,1398.0326492887464,453.3281123061827,1.0765645062287272,0.15987599014378784,298.54196394899253,NORMAL,93.2,Low,SEED
2026-05-29 03:31:40,SEED-97,5203.726687326263,838.0723012675244,4.293099313763631,29.72751033017846,17267.15265051762,NORMAL,93.0,Medium,SEED
2026-05-29 03:41:40,SEED-98,1414.908901130433,467.9423029065594,1.0964331337748885,0.30968957133521613,277.4972721679615,NORMAL,84.5,Low,SEED
2026-05-29 03:51:40,SEED-99,9001.856596064032,1181.724693440783,8.335135082719468,240.4349763552941,61598.019408272936,FAULT,72.5,High,SEED
2026-05-29 04:01:40,SEED-100,1414.3813297789047,445.30277278931703,1.1047129081434643,0.5530387680032431,298.24670509057177,NORMAL,87.1,Low,SEED
2026-05-29 04:11:40,SEED-101,1411.392450708218,463.766697239956,1.0666705256953206,0.16728661334717998,294.65478321744035,NORMAL,71.4,Low,SEED
2026-05-29 04:21:40,SEED-102,9428.996250077373,1156.6718715845884,8.056707517798229,155.17945345695193,60442.676155617926,FAULT,83.8,High,SEED
2026-05-29 04:31:40,SEED-103,1323.2709013405708,469.0452078323759,1.0509193078431573,0.18752116463768687,287.9556048093073,NORMAL,85.5,Low,SEED
2026-05-29 04:41:40,SEED-104,1338.4922270797126,464.83354848246165,1.0606752431635507,0.12534274052407657,280.0483677356441,NORMAL,85.8,Low,SEED
2026-05-29 04:51:40,SEED-105,8765.927970938028,1138.2528528527062,7.888433503148553,213.39951392292005,60182.239958770515,FAULT,94.3,High,SEED
2026-05-29 05:01:40,SEED-106,1300.8105558381787,451.0210676764084,1.0577971098307883,0.11764048734877797,286.5066681579199,NORMAL,94.5,Low,SEED
2026-05-29 05:11:40,SEED-107,9326.271074101476,1192.7795519698325,7.894034388620741,243.69018576318194,60205.13517698444,FAULT,94.6,High,SEED
2026-05-29 05:21:40,SEED-108,1285.7135613384487,483.5157206838624,1.1533061166511633,0.0433405048558928,281.8620003322535,NORMAL,91.1,Low,SEED
2026-05-29 05:31:40,SEED-109,4984.070169192799,765.3703836522188,4.565435953738393,33.65065460930566,17325.159010375166,NORMAL,93.0,Medium,SEED
2026-05-29 05:41:40,SEED-110,1390.0948457675509,443.31735223155624,1.1461922937215931,0.2066849341516317,279.66738837179594,NORMAL,76.1,Low,SEED
2026-05-29 05:51:40,SEED-111,1297.660699788824,457.77810471168374,1.1467729913378113,0.22758044704747604,291.48670743817627,NORMAL,80.8,Low,SEED
2026-05-29 06:01:40,SEED-112,1329.796060206579,484.7409439584931,1.0638517073897382,0.6390912727517097,302.4583990790753,NORMAL,74.5,Low,SEED
2026-05-29 06:11:40,SEED-113,1312.7913540326897,460.0675518323911,1.0551450633354666,0.10874060396399621,291.6242064819134,NORMAL,71.3,Low,SEED
2026-05-29 06:21:40,SEED-114,1320.0422703623453,448.0388497633354,1.0778763971606276,0.37782931817178333,295.8270377538437,NORMAL,79.2,Low,SEED
2026-05-29 06:31:40,SEED-115,1312.7492162577703,453.03250431545547,1.1034305493021337,0.17669458515624914,302.65345816909416,NORMAL,75.6,Low,SEED
2026-05-29 06:41:40,SEED-116,1342.9106727457656,487.148576520366,1.059042062718131,0.18837323399054462,284.0798236381261,NORMAL,94.8,Low,SEED
2026-05-29 06:51:40,SEED-117,8729.992680227902,1204.4568814020026,8.123327989939265,105.90162874501857,62937.3608721337,FAULT,91.9,High,SEED
2026-05-29 07:01:40,SEED-118,5074.781900625864,831.9901609534093,4.384047736390694,7.843499858507357,17238.99786632085,NORMAL,93.0,Medium,SEED
2026-05-29 07:11:40,SEED-119,1322.7418792135866,475.7489141516365,1.1265872178512895,0.3906723797622247,302.12368043140435,NORMAL,75.0,Low,SEED
2026-05-29 07:21:40,SEED-120,4823.196820593939,836.5015916167179,4.712055279846857,23.961519016290936,18617.112704742703,NORMAL,93.0,Medium,SEED
2026-05-29 07:31:40,SEED-121,1322.9338573072246,465.5128041157322,1.103473738505129,0.2689313642111939,275.67345161890154,NORMAL,81.3,Low,SEED
2026-05-29 07:41:40,SEED-122,1309.6961014010494,480.48737405369866,1.099408392707941,0.31833688870696264,280.0229824765297,NORMAL,76.8,Low,SEED
2026-05-29 07:51:40,SEED-123,5046.650465572295,777.1976108063856,4.327003209479482,12.466030209933706,17984.36160623251,NORMAL,93.0,Medium,SEED
2026-05-29 08:01:40,SEED-124,9092.904334819683,1154.917853805619,7.712013096838747,48.685888143653756,60869.28429091877,FAULT,92.7,High,SEED
2026-05-29 08:11:40,SEED-125,1358.7535182760585,456.6906408552684,1.0805608223063934,0.019973598939722947,294.9608426728841,NORMAL,78.4,Low,SEED
2026-05-29 08:21:40,SEED-126,8601.96778382584,1167.3736284811328,8.04524220791177,281.6077374547699,57848.06996855285,FAULT,77.7,High,SEED
2026-05-29 08:31:40,SEED-127,4845.661576463059,799.1357613771742,4.4726681557246355,23.092583221653626,18060.94429219878,NORMAL,93.0,Medium,SEED
2026-05-29 08:41:40,SEED-128,1358.6519699070095,472.2291869934531,1.1104713490302351,0.1732163199835819,285.5813035461281,NORMAL,88.0,Low,SEED
2026-05-29 08:51:40,SEED-129,5179.906163980172,785.5194128213589,4.530515570492936,46.52035953267614,17796.008272747753,NORMAL,93.0,Medium,SEED
2026-05-29 09:01:40,SEED-130,1313.0044550357636,451.7277785226599,1.1314592683543854,0.354610477626621,276.61448918583363,NORMAL,76.6,Low,SEED
2026-05-29 09:11:40,SEED-131,1394.0078504698745,469.303899738915,1.1536539626310522,0.44246246821735546,280.4693800077727,NORMAL,82.8,Low,SEED
2026-05-29 09:21:40,SEED-132,4877.311569044446,770.9134506324629,4.574372609339316,11.321642890166686,17158.35011555048,NORMAL,93.0,Medium,SEED
2026-05-29 09:31:40,SEED-133,1355.6737464389955,455.55490525964655,1.0918875897434288,0.17927275811909027,280.7754215391046,NORMAL,93.5,Low,SEED
2026-05-29 09:41:40,SEED-134,1381.3067397550058,485.69719597011886,1.0612710533661684,0.25385860935984095,290.43186918946486,NORMAL,90.2,Low,SEED
2026-05-29 09:51:40,SEED-135,1357.2351813967148,485.3088868225691,1.1141885477742863,0.043483927282611745,293.29258720838953,NORMAL,76.3,Low,SEED
2026-05-29 10:01:40,SEED-136,1398.9114331225212,441.27453219985597,1.0491709190448293,0.19757226223715207,302.0282758065703,NORMAL,72.2,Low,SEED
2026-05-29 10:11:40,SEED-137,9433.336641142228,1172.3663411841521,7.680657318527252,199.23179984077728,61019.60232855465,FAULT,80.6,High,SEED
2026-05-29 10:21:40,SEED-138,1411.326321536603,464.349831692536,1.0600741496185346,0.06990762930792194,289.1490502909676,NORMAL,92.4,Low,SEED
2026-05-29 10:31:40,SEED-139,1288.3517808459724,466.914676803755,1.0558196835101004,0.49808278861483046,285.50834939024435,NORMAL,81.2,Low,SEED
2026-05-29 10:41:40,SEED-140,4774.388179128541,770.8690021748959,4.418726554501822,36.53826081994771,17903.887124629404,NORMAL,93.0,Medium,SEED
2026-05-29 10:51:40,SEED-141,1336.2391078570183,475.63289501970513,1.0604940724331977,0.12566589821137786,281.48491927893764,NORMAL,70.1,Low,SEED
2026-05-29 11:01:40,SEED-142,4829.689810209967,764.6277060450357,4.500274231128726,6.169836575437898,17373.77164319581,NORMAL,93.0,Medium,SEED
2026-05-29 11:11:40,SEED-143,4826.351085467577,764.8578256252234,4.698525621608731,41.65040174801936,17288.97306859442,NORMAL,93.0,Medium,SEED
2026-05-29 11:21:40,SEED-144,5052.643671275826,819.1911649088145,4.28285825359674,17.885704551306162,17719.35439436646,NORMAL,93.0,Medium,SEED
2026-05-29 11:31:40,SEED-145,1340.4005700334249,449.4488730684437,1.077108715954668,0.00808747454014025,298.7569173261954,NORMAL,76.0,Low,SEED
2026-05-29 11:41:40,SEED-146,9415.496826511258,1107.608168155687,8.154997894628217,305.96240930495605,60978.87716879373,FAULT,77.4,High,SEED
2026-05-29 11:51:40,SEED-147,8810.33265803848,1123.7210008550312,8.292008332665034,168.61384078562105,59640.75610759217,FAULT,84.4,High,SEED
2026-05-29 12:01:40,SEED-148,4845.563007052516,794.1756026841512,4.51558921278673,32.7417695249726,17859.13184912926,NORMAL,93.0,Medium,SEED
2026-05-29 12:11:40,SEED-149,1307.7229508184012,461.13965224658733,1.1098570343684309,0.3357636409156335,301.22784686099635,NORMAL,77.3,Low,SEED
2026-05-29 12:21:40,SEED-150,1412.3703549487054,447.75873566031476,1.133223580844781,0.09991430703439974,292.50127857840454,NORMAL,89.5,Low,SEED
2026-05-29 12:31:40,SEED-151,1319.8181917018499,447.2150439296086,1.0965807490452633,0.33174334104610814,299.1600517567936,NORMAL,77.9,Low,SEED
2026-05-29 12:41:40,SEED-152,4814.3972069902875,825.2427155097683,4.67720674980413,38.46373025122978,17285.407708007235,NORMAL,93.0,Medium,SEED
2026-05-29 12:51:40,SEED-153,8890.601354980332,1118.9394259718238,8.09005900728151,277.5822872239446,58721.73674490147,FAULT,87.7,High,SEED
2026-05-29 13:01:40,SEED-154,5157.333863953823,816.279155907525,4.474474729277665,15.516168772993069,17978.540794581208,NORMAL,93.0,Medium,SEED
2026-05-29 13:11:40,SEED-155,9309.06751725589,1171.0775610873702,7.716632072232291,280.81988864485857,57008.18155837955,FAULT,74.1,High,SEED
2026-05-29 13:21:40,SEED-156,1327.2446021308158,482.51707467257955,1.0511945202039539,0.05460386580503407,291.4238319219362,NORMAL,83.9,Low,SEED
2026-05-29 13:31:40,SEED-157,8936.743252304668,1185.0312808094886,8.157693941842965,371.64010174567034,62149.5941098975,FAULT,82.7,High,SEED
2026-05-29 13:41:40,SEED-158,9156.193600955059,1129.6160012292655,7.92065006172602,341.29777127135594,59420.236207815535,FAULT,74.7,High,SEED
2026-05-29 13:51:40,SEED-159,5008.872155023131,785.1180374669799,4.452029655676224,4.721992199163424,17194.31487115677,NORMAL,93.0,Medium,SEED
2026-05-29 14:01:40,SEED-160,1338.6046592104747,465.43864611368497,1.1515022612129986,0.36097883440705125,295.31590183839063,NORMAL,74.7,Low,SEED
2026-05-29 14:11:40,SEED-161,9376.320717937602,1102.3015580088768,8.171576546951442,171.91316280408955,59210.725873652744,FAULT,86.6,High,SEED
2026-05-29 14:21:40,SEED-162,5207.261162224176,824.7119019034649,4.530844623241771,8.261774820223195,17634.71150829739,NORMAL,93.0,Medium,SEED
2026-05-29 14:31:40,SEED-163,1343.3363677700313,475.8947347071929,1.0687299505457126,0.05542755870801397,298.3498233812578,NORMAL,91.0,Low,SEED
2026-05-29 14:41:40,SEED-164,4935.934966570843,800.3793386064679,4.7192246344994215,22.94162107050977,17101.613062338427,NORMAL,93.0,Medium,SEED
2026-05-29 14:51:40,SEED-165,1293.9251181752047,479.4918815306669,1.148046225586896,0.08980813456818826,288.96031856504453,NORMAL,75.9,Low,SEED
2026-05-29 15:01:40,SEED-166,1412.3052173957929,442.6025284518309,1.112979524629076,0.015292257797688613,283.7526888900164,NORMAL,73.0,Low,SEED
2026-05-29 15:11:40,SEED-167,1328.5001096075093,462.29857747246865,1.136957558598837,0.3979701928714503,303.5008864317639,NORMAL,88.5,Low,SEED
2026-05-29 15:21:40,SEED-168,1285.2246080691762,478.3637760067163,1.052895998086741,0.078782786852992,303.3961989357923,NORMAL,85.4,Low,SEED
2026-05-29 15:31:40,SEED-169,1394.0509828754184,473.2632080279141,1.1455390374278018,0.7200776247207026,295.2246963620478,NORMAL,90.2,Low,SEED
2026-05-29 15:41:40,SEED-170,9336.933371472987,1136.84002462678,7.778580375431193,318.98539054631806,60065.78253207771,FAULT,94.9,High,SEED
2026-05-29 15:51:40,SEED-171,8795.3569690659,1186.187341811158,7.9474693390284195,201.47205569056177,61624.04647128853,FAULT,74.1,High,SEED
2026-05-29 16:01:40,SEED-172,1323.1964751856601,447.8081076358958,1.0906277638436335,0.20037570441005403,303.59027713861065,NORMAL,92.9,Low,SEED
2026-05-29 16:11:40,SEED-173,8636.875313371707,1126.1652480027678,7.622825485863636,148.29072952380056,58047.91671056402,FAULT,72.2,High,SEED
2026-05-29 16:21:40,SEED-174,1377.4934367313058,465.29203147959385,1.1428321551846305,0.23947322716209385,279.74923912485445,NORMAL,79.8,Low,SEED
2026-05-29 16:31:40,SEED-175,4929.282773891982,764.40240469616,4.550540810508637,20.008834574296316,17352.376334497727,NORMAL,93.0,Medium,SEED
2026-05-29 16:41:40,SEED-176,5079.831682498641,814.9078226619212,4.523221480335377,14.341227697667364,18850.073810544553,NORMAL,93.0,Medium,SEED
2026-05-29 16:51:40,SEED-177,1292.803022102157,482.1419719488797,1.1288926654179101,0.32699779161074183,276.1959191027212,NORMAL,93.6,Low,SEED
2026-05-29 17:01:40,SEED-178,5095.768795131681,772.7954871476959,4.6544122883945445,18.540634293475705,18194.955642825913,NORMAL,93.0,Medium,SEED
2026-05-29 17:11:40,SEED-179,1287.5053038526432,472.1764316965337,1.1290607410258648,0.11741129729136102,296.52008180014025,NORMAL,92.6,Low,SEED
2026-05-29 17:21:40,SEED-180,4840.2778732670695,778.732784264181,4.704367156521236,45.14921567948784,18532.28909472717,NORMAL,93.0,Medium,SEED
2026-05-29 17:31:40,SEED-181,5137.304282730009,799.2061707699477,4.400685452962198,0.6009014085195759,18038.55201143092,NORMAL,93.0,Medium,SEED
2026-05-29 17:41:40,SEED-182,1293.9089584513483,477.14604342340215,1.092909367586272,0.07547304262486954,293.519453033281,NORMAL,76.6,Low,SEED
2026-05-29 17:51:40,SEED-183,1298.0203045144756,444.7659028227937,1.113920164503189,0.17082048635677438,299.7003363802126,NORMAL,82.6,Low,SEED
2026-05-29 18:01:40,SEED-184,1299.9540955112539,485.3476480960292,1.0788542710632971,0.03820421760498949,289.42413919632384,NORMAL,77.5,Low,SEED
2026-05-29 18:11:40,SEED-185,1372.9886701973467,469.133952839767,1.1201019155988183,0.1858349795688925,281.67791477661626,NORMAL,85.8,Low,SEED
2026-05-29 18:21:40,SEED-186,1368.274919286442,442.97451898897344,1.1463778561658724,0.1949036352462068,298.46979980865535,NORMAL,73.4,Low,SEED
2026-05-29 18:31:40,SEED-187,1287.4220736728482,469.6964988649939,1.0522791915354817,0.6472403506133197,286.7042717826097,NORMAL,81.8,Low,SEED
2026-05-29 18:41:40,SEED-188,5058.541770239162,822.9924802343845,4.490941601797913,42.41064144205325,18450.401332867772,NORMAL,93.0,Medium,SEED
2026-05-29 18:51:40,SEED-189,1329.8366801010122,476.56438839234664,1.1354121802131933,0.28004964321321335,287.27000062915545,NORMAL,73.5,Low,SEED
2026-05-29 19:01:40,SEED-190,1299.7564295127183,448.2682142629313,1.1295857269963505,0.056002613914473365,297.1390796124128,NORMAL,81.9,Low,SEED
2026-05-29 19:11:40,SEED-191,1324.1242080998325,454.99482751602267,1.1303589904357243,0.15062231624656786,296.37808696559466,NORMAL,91.4,Low,SEED
2026-05-29 19:21:40,SEED-192,9032.18853614274,1096.775270768912,8.098249282912185,40.985627591699995,58149.48326493571,FAULT,87.9,High,SEED
2026-05-29 19:31:40,SEED-193,1360.0334367131827,475.7761837744271,1.1251403810636353,0.46938475983564487,281.7589488040869,NORMAL,76.6,Low,SEED
2026-05-29 19:41:40,SEED-194,5125.163470907388,772.7907064994055,4.342599057632666,23.74875474072701,17931.727348079352,NORMAL,93.0,Medium,SEED
2026-05-29 19:51:40,SEED-195,4961.596664874796,770.4464263029569,4.3278022162794,11.83387206431803,17738.12849170135,NORMAL,93.0,Medium,SEED
2026-05-29 20:01:40,SEED-196,1363.7121968211616,457.93747700944897,1.125528868906754,0.07562327459672868,302.22155467975824,NORMAL,83.3,Low,SEED
2026-05-29 20:11:40,SEED-197,1330.7398705295548,483.54419491155846,1.1283697895701104,0.3734240892288243,291.4683365568103,NORMAL,89.9,Low,SEED
2026-05-29 20:21:40,SEED-198,4921.185153284186,820.8305440348365,4.476366202353402,71.30815796769559,18081.204617473268,NORMAL,93.0,Medium,SEED
2026-05-29 20:31:40,SEED-199,5039.260119370089,775.7453741094129,4.61162087671513,23.319554450513465,18365.312445152173,NORMAL,93.0,Medium,SEED
2026-05-29 20:41:40,SEED-200,1340.4914691309104,476.04470422373043,1.144665706873426,0.03805239748630296,289.0709483098683,NORMAL,93.2,Low,SEED
2026-05-29 20:51:40,SEED-201,1405.738351279128,464.32058510290676,1.0938760238032619,0.28094819365303625,298.47185845858434,NORMAL,90.1,Low,SEED
2026-05-29 21:01:40,SEED-202,1284.6524622316056,455.52197621910466,1.0761025444468928,0.12049928049238634,298.8321419528334,NORMAL,77.8,Low,SEED
2026-05-29 21:11:40,SEED-203,5069.690522567037,786.6821531231657,4.52971007222123,11.387939794526574,17951.968194005007,NORMAL,93.0,Medium,SEED
2026-05-29 21:21:40,SEED-204,5010.292131062401,782.1134609336374,4.560289520473653,27.192361320932264,18875.189036859523,NORMAL,93.0,Medium,SEED
2026-05-29 21:31:40,SEED-205,1320.2489043293792,456.4961838146819,1.099242364193514,0.07147452833891865,298.89482935172884,NORMAL,77.9,Low,SEED
2026-05-29 21:41:40,SEED-206,4925.50479553652,788.268850533883,4.585312150865561,24.96389409641131,17543.176062986928,NORMAL,93.0,Medium,SEED
2026-05-29 21:51:40,SEED-207,1388.240785283266,479.9992944980268,1.0870636263174167,0.4556618326667392,287.51180721227973,NORMAL,83.6,Low,SEED
2026-05-29 22:01:40,SEED-208,1347.4636442329397,474.7271928777618,1.0556258173106126,0.6797240727467528,282.3954384704376,NORMAL,85.1,Low,SEED
2026-05-29 22:11:40,SEED-209,1285.3867463238364,458.870046672583,1.1233880088859036,0.34719368415773033,301.3163102823215,NORMAL,80.4,Low,SEED
2026-05-29 22:21:40,SEED-210,4904.8558618316565,836.085781143725,4.483199060282936,29.980319283075005,17453.94274100609,NORMAL,93.0,Medium,SEED
2026-05-29 22:31:40,SEED-211,5128.065083161066,772.5608415418311,4.541186135064939,48.539741047079815,18798.235073749926,NORMAL,93.0,Medium,SEED
2026-05-29 22:41:40,SEED-212,4934.1944074282255,839.6541848886421,4.690234220491162,47.131962373836586,17929.476011838393,NORMAL,93.0,Medium,SEED
2026-05-29 22:51:40,SEED-213,1309.5409033312797,448.7112407585055,1.153386571988744,0.30033649147830843,276.21464746713986,NORMAL,93.6,Low,SEED
2026-05-29 23:01:40,SEED-214,8559.199652652962,1155.1636580775385,8.399729417793107,193.4741770550413,60367.039630004525,FAULT,89.4,High,SEED
2026-05-29 23:11:40,SEED-215,1299.7116646229904,451.9923346124234,1.1104635690161713,0.547211479218153,284.89346471171706,NORMAL,81.6,Low,SEED
2026-05-29 23:21:40,SEED-216,9220.243182364233,1171.8764163734647,7.702346093232325,94.63149518940918,59946.55485924029,FAULT,90.1,High,SEED
2026-05-29 23:31:40,SEED-217,8728.475690389245,1162.3976334714919,8.29175773031061,224.8141328183865,57283.03972443236,FAULT,79.0,High,SEED
2026-05-29 23:41:40,SEED-218,1401.2075072789087,478.92196449223655,1.1462724167043075,0.008561515423633814,301.652035136643,NORMAL,94.2,Low,SEED
2026-05-29 23:51:40,SEED-219,4948.370672238485,800.6257816912195,4.422441714349903,36.96025249646834,18531.203634654696,NORMAL,93.0,Medium,SEED
2026-05-30 00:01:40,SEED-220,5145.024605366836,781.7383989615668,4.59212744860381,24.253828489091575,18354.158121184115,NORMAL,93.0,Medium,SEED
2026-05-30 00:11:40,SEED-221,8954.022054555608,1134.3830796141744,8.175367095128626,247.65361735608576,59806.295722817784,FAULT,81.8,High,SEED
2026-05-30 00:21:40,SEED-222,8910.276473845675,1138.767886349207,8.013632180027818,243.14974209693605,58129.01130655479,FAULT,80.8,High,SEED
2026-05-30 00:31:40,SEED-223,1344.6053614694026,482.8963968973811,1.1320845906584176,0.08497406450941725,297.4477019134276,NORMAL,74.9,Low,SEED
2026-05-30 00:41:40,SEED-224,5134.514226259932,820.4383525129188,4.494759517850808,50.50065487805523,17160.70129968393,NORMAL,93.0,Medium,SEED
2026-05-30 00:51:40,SEED-225,4784.180933379284,837.3387008311109,4.664280876410387,15.996232283640666,17473.653648965203,NORMAL,93.0,Medium,SEED
2026-05-30 01:01:40,SEED-226,1372.5345098284158,462.7403180752152,1.1493570502553212,0.2549737609824687,285.33663192506776,NORMAL,80.2,Low,SEED
2026-05-30 01:11:40,SEED-227,1403.3623503924025,445.49540115542766,1.0862767157562068,0.3789860777733498,281.4885849989381,NORMAL,94.7,Low,SEED
2026-05-30 01:21:40,SEED-228,1314.3498259986939,484.4722391166842,1.0505330796612744,0.22130790222870544,279.601487785861,NORMAL,91.0,Low,SEED
2026-05-30 01:31:40,SEED-229,1338.6560149763345,447.8151969191574,1.0544071153065386,0.30457812504500215,284.6662016379912,NORMAL,90.8,Low,SEED
2026-05-30 01:41:40,SEED-230,4851.4913512330095,779.4892147823351,4.625703718075511,36.112507809915996,17814.130989132886,NORMAL,93.0,Medium,SEED
2026-05-30 01:51:40,SEED-231,5183.75835070879,784.2608897456405,4.35225612171206,16.887030656105594,17588.927788621528,NORMAL,93.0,Medium,SEED
2026-05-30 02:01:40,SEED-232,8735.13500290953,1119.6827019565167,7.804623659367631,99.7079163245337,62072.44765206239,FAULT,80.3,High,SEED
2026-05-30 02:11:40,SEED-233,1317.8788000306433,482.2394729970423,1.1177132268099956,0.40253835669446403,294.9290607814516,NORMAL,83.9,Low,SEED
2026-05-30 02:21:40,SEED-234,4789.544777188474,785.8955590966082,4.590255134849996,14.840623936051998,17930.538016009417,NORMAL,93.0,Medium,SEED
2026-05-30 02:31:40,SEED-235,8828.995100606231,1098.3418372223402,7.627919885554721,255.58658508353687,57226.72562629822,FAULT,72.6,High,SEED
2026-05-30 02:41:40,SEED-236,1344.4385361524137,484.7140937381044,1.1412918147223932,0.3494381516405056,283.3322617457776,NORMAL,78.3,Low,SEED
2026-05-30 02:51:40,SEED-237,1286.8986357797287,476.5651070074829,1.1025434916040466,0.2673469331568388,277.0837580473765,NORMAL,91.6,Low,SEED
2026-05-30 03:01:40,SEED-238,5185.846948037358,836.627218089873,4.652073907877657,3.0883747320891644,18501.460360759713,NORMAL,93.0,Medium,SEED
2026-05-30 03:11:40,SEED-239,8762.303873155284,1154.2793179401058,8.004669184714814,117.85105769785378,57639.35302741068,FAULT,90.9,High,SEED
2026-05-30 03:21:40,SEED-240,5054.358959101006,763.1148670849691,4.461891997247076,21.619390855690654,17140.076864122657,NORMAL,93.0,Medium,SEED
2026-05-30 03:31:40,SEED-241,9036.589202024608,1124.5044519681112,7.768760042237466,295.51499910768575,58608.164494301665,FAULT,92.9,High,SEED
2026-05-30 03:41:40,SEED-242,1369.4684746472133,446.6951319149033,1.0972485823263027,0.06261113136336771,285.66362522936606,NORMAL,75.2,Low,SEED
2026-05-30 03:51:40,SEED-243,1301.548351176184,448.13205306851995,1.0798824123428732,0.4907097769265798,286.810413958369,NORMAL,83.5,Low,SEED
2026-05-30 04:01:40,SEED-244,1306.3503209200187,445.2450715262143,1.0984708806112222,0.3031384453569048,284.40883048853226,NORMAL,93.9,Low,SEED
2026-05-30 04:11:40,SEED-245,1343.3240271805407,475.4514850139778,1.1239288496951931,0.049704990416685746,295.14904924339265,NORMAL,72.7,Low,SEED
2026-05-30 04:21:40,SEED-246,1318.7822120518977,454.8463202922667,1.108290366976638,0.16497214442198693,290.9757548460895,NORMAL,79.1,Low,SEED
2026-05-30 04:31:40,SEED-247,1318.5994503077425,469.2187914846389,1.112905415740465,0.15963753296796845,288.7633993505598,NORMAL,82.9,Low,SEED
2026-05-30 04:41:40,SEED-248,4933.099342868944,832.7607251891679,4.546954419239357,13.222139041309447,18800.951773494948,NORMAL,93.0,Medium,SEED
2026-05-30 04:51:40,SEED-249,1313.6249151976212,454.5778770575932,1.0787256184930796,0.11802143810803578,292.08228186918035,NORMAL,86.7,Low,SEED
2026-05-30 05:01:40,SEED-250,9381.805682940909,1161.1499331888754,8.132759464643739,181.6782978400338,62873.19601647098,FAULT,87.4,High,SEED
2026-05-30 05:11:40,SEED-251,5164.28974859269,797.9952251526651,4.508044921320388,22.01768836585927,17343.627398240053,NORMAL,93.0,Medium,SEED
2026-05-30 05:21:40,SEED-252,9326.49548671124,1110.2215312289711,8.372666704131396,296.4397746696261,59779.596437124645,FAULT,94.3,High,SEED
2026-05-30 05:31:40,SEED-253,1412.258393743552,464.01635694143584,1.0478421641503743,0.4760747700294399,281.02380791738517,NORMAL,91.4,Low,SEED
2026-05-30 05:41:40,SEED-254,8614.000693836897,1158.8929100726245,8.295566990506856,348.71478091285076,62591.298584567136,FAULT,76.1,High,SEED
2026-05-30 05:51:40,SEED-255,1410.6766244897933,467.2900853877629,1.1099427352504228,0.5099428503186161,293.2065820192353,NORMAL,78.5,Low,SEED
2026-05-30 06:01:40,SEED-256,1347.21209996326,475.9388827493744,1.0764341528528047,0.15098551460515708,277.02020436344577,NORMAL,83.9,Low,SEED
2026-05-30 06:11:40,SEED-257,1400.3735730953051,446.67497735063944,1.1443845017819905,0.038258200214460025,301.5301061418498,NORMAL,71.2,Low,SEED
2026-05-30 06:21:40,SEED-258,1293.13588714846,462.9637691570128,1.1422612286600138,0.1544761403109849,294.70114483574065,NORMAL,88.8,Low,SEED
2026-05-30 06:31:40,SEED-259,9259.986843355618,1131.7191190414778,7.726887654552121,345.9476499669472,58254.47543312237,FAULT,84.5,High,SEED
2026-05-30 06:41:40,SEED-260,1387.1336557478242,469.28951409421995,1.065014090718115,0.078961377488862,299.00626322146405,NORMAL,94.8,Low,SEED
2026-05-30 06:51:40,SEED-261,1331.3924267980465,451.0691371132576,1.0885972315770691,0.24520091676453415,296.12229924846696,NORMAL,91.6,Low,SEED
2026-05-30 07:01:40,SEED-262,4833.581070206796,822.3601991154276,4.695635702141492,31.707734093460658,17932.43614170165,NORMAL,93.0,Medium,SEED
2026-05-30 07:11:40,SEED-263,1299.5689608890605,484.4689233878799,1.122729806131712,0.2621742888952161,294.4686042033252,NORMAL,85.5,Low,SEED
2026-05-30 07:21:40,SEED-264,1368.157340136596,457.77068106754456,1.051353844359454,0.05632039525424126,300.36148335189284,NORMAL,77.8,Low,SEED
2026-05-30 07:31:40,SEED-265,1377.4889192958103,450.72417306720456,1.096096651703114,0.025631474299506074,302.90942237071266,NORMAL,93.8,Low,SEED
2026-05-30 07:41:40,SEED-266,1382.7041467054012,455.4242480392182,1.081458048711021,0.4201207029948,289.74311791443165,NORMAL,89.3,Low,SEED
2026-05-30 07:51:40,SEED-267,1370.5410265962003,450.16029007177434,1.0868704107095597,0.06243604061740715,286.85802540283237,NORMAL,87.3,Low,SEED
2026-05-30 08:01:40,SEED-268,5012.582362265106,832.9097357928383,4.583300451252646,29.267043992800836,18427.488851412836,NORMAL,93.0,Medium,SEED
2026-05-30 08:11:40,SEED-269,4995.55524763755,799.7144179581564,4.478623525138014,17.214975025632384,17403.219211368694,NORMAL,93.0,Medium,SEED
2026-05-30 08:21:40,SEED-270,9252.38786686665,1111.4597231286452,7.831548604111672,228.6134310754835,59770.06627694581,FAULT,84.0,High,SEED
2026-05-30 08:31:40,SEED-271,9164.275527499269,1113.597518159236,8.283956989765832,1.5659616517391441,61341.59176885032,FAULT,89.2,High,SEED
2026-05-30 08:41:40,SEED-272,1391.0448987173068,466.06918347112304,1.1348441368005042,0.1287433494330612,281.5171619776553,NORMAL,80.7,Low,SEED
2026-05-30 08:51:40,SEED-273,1342.098398833668,465.95603351697355,1.088066204771584,0.2540009443174762,276.0957364212961,NORMAL,70.7,Low,SEED
2026-05-30 09:01:40,SEED-274,5169.09234919959,820.9075275175725,4.434338192954662,0.32145841609656145,17666.313087094608,NORMAL,93.0,Medium,SEED
2026-05-30 09:11:40,SEED-275,1359.6760595792753,472.3707268770411,1.0978699701439725,0.2420783749683446,276.2487860215148,NORMAL,70.1,Low,SEED
2026-05-30 09:21:40,SEED-276,9397.540205220655,1132.9922275798745,7.750814876364171,208.6949239759549,58297.307487008315,FAULT,80.2,High,SEED
2026-05-30 09:31:40,SEED-277,5238.90419533143,820.9098835641028,4.631571640737246,0.8339600493982289,17893.778381148266,NORMAL,93.0,Medium,SEED
2026-05-30 09:41:40,SEED-278,1404.0249419514714,443.8350199643619,1.105498868316095,0.37793932123008034,292.88588909025225,NORMAL,75.7,Low,SEED
2026-05-30 09:51:40,SEED-279,4995.461982226224,814.2322788835468,4.58581114567936,74.65019678695228,18839.575392002153,NORMAL,93.0,Medium,SEED
2026-05-30 10:01:40,SEED-280,1364.8056991800436,455.87544423055704,1.0581739412451792,0.17596754300539175,290.077375076812,NORMAL,80.5,Low,SEED
2026-05-30 10:11:40,SEED-281,4754.491628420969,782.9105526108275,4.624084994664173,16.07086044343987,18231.235117457985,NORMAL,93.0,Medium,SEED
2026-05-30 10:21:40,SEED-282,1345.3360146367675,452.4414515325073,1.0678762156158195,0.13420345670566203,283.7164402963228,NORMAL,81.9,Low,SEED
2026-05-30 10:31:40,SEED-283,1329.486896773288,443.64438541376376,1.056952957568042,0.3296434949891278,303.6922458486473,NORMAL,71.2,Low,SEED
2026-05-30 10:41:40,SEED-284,1349.109966312418,469.21315100131784,1.1117905666169943,0.12713699189237104,278.527700657465,NORMAL,87.1,Low,SEED
2026-05-30 10:51:40,SEED-285,1298.1650860265265,447.1583948063936,1.0731802124572722,0.29580756030060673,302.1571820123173,NORMAL,88.7,Low,SEED
2026-05-30 11:01:40,SEED-286,4765.6718937779215,839.3117007437124,4.347184367128207,7.930409088777992,18122.458113003275,NORMAL,93.0,Medium,SEED
2026-05-30 11:11:40,SEED-287,9393.705393962298,1162.8847572298657,7.645023658017782,139.58304128220448,60357.71734896356,FAULT,91.6,High,SEED
2026-05-30 11:21:40,SEED-288,1365.2832169250114,483.1645197688048,1.0997082855346694,0.3502063882078357,300.68625445865,NORMAL,75.1,Low,SEED
2026-05-30 11:31:40,SEED-289,1325.0138702893162,452.31062102583286,1.056410751756784,0.1310702924861813,279.9581449638848,NORMAL,84.1,Low,SEED
2026-05-30 11:41:40,SEED-290,4772.944060939692,765.3954364881062,4.479561171851644,1.5261958745302309,18369.416879284716,NORMAL,93.0,Medium,SEED
2026-05-30 11:51:40,SEED-291,1320.5097065338095,465.1097191658169,1.0968875765694088,0.4209735918403954,276.2446630682648,NORMAL,85.4,Low,SEED
2026-05-30 12:01:40,SEED-292,5069.043246058034,818.6227100139128,4.435360270310409,12.734823369511219,18871.388662565107,NORMAL,93.0,Medium,SEED
2026-05-30 12:11:40,SEED-293,8947.614694073876,1152.197598502276,8.219482025056525,285.1371216987866,61115.721398043504,FAULT,78.9,High,SEED
2026-05-30 12:21:40,SEED-294,5096.790496970133,818.7922400286687,4.498997401645211,13.790548932616161,17664.94999666654,NORMAL,93.0,Medium,SEED
2026-05-30 12:31:40,SEED-295,1289.754864269171,471.79521168101144,1.0948173442289508,0.08169292428369346,288.19671196344206,NORMAL,88.2,Low,SEED
2026-05-30 12:41:40,SEED-296,8931.137934108103,1113.1993131304705,7.645258643092656,264.86981700968136,60389.73923398791,FAULT,77.6,High,SEED
2026-05-30 12:51:40,SEED-297,1399.822496283327,442.48786704846333,1.0774438631129961,0.37020195894825214,290.8478912233222,NORMAL,70.2,Low,SEED
2026-05-30 13:01:40,SEED-298,4918.115765363171,823.968586119486,4.6925457406941975,3.669595527522233,18746.64287781066,NORMAL,93.0,Medium,SEED
2026-05-30 13:11:40,SEED-299,4937.711672658822,798.7702637547638,4.412434793466597,26.15562562390369,18190.58948900893,NORMAL,93.0,Medium,SEED
2026-05-30 13:21:40,SEED-300,5083.572031848609,827.371225776964,4.632853757069288,6.259591334856623,17312.447859449832,NORMAL,93.0,Medium,SEED
2026-05-30 13:31:40,SEED-301,1283.6783064289446,451.53918456366523,1.1346318072082664,0.28150321805277656,303.883239718086,NORMAL,85.5,Low,SEED
2026-05-30 13:41:40,SEED-302,1316.6023496970483,452.2253777548894,1.1286667978661247,0.40280117969682916,286.1099487313543,NORMAL,86.5,Low,SEED
2026-05-30 13:51:40,SEED-303,1309.958562055631,444.6569980453288,1.060227861371093,0.23130677587577253,290.8787672513849,NORMAL,78.2,Low,SEED
2026-05-30 14:01:40,SEED-304,1386.8258745208107,479.8409893993701,1.0988372960866493,0.2481584903757197,288.8233947569145,NORMAL,88.2,Low,SEED
2026-05-30 14:11:40,SEED-305,1355.1568266661595,445.7609832613329,1.0817601312859437,0.056023087876060806,295.13956583491955,NORMAL,80.6,Low,SEED
2026-05-30 14:21:40,SEED-306,1299.2491905499512,447.34612558155834,1.063794086226628,0.13840949561020022,278.44267986277504,NORMAL,82.6,Low,SEED
2026-05-30 14:31:40,SEED-307,1364.4580601101966,466.63528512197826,1.147061724442564,0.5360416166887507,298.1925948978069,NORMAL,74.3,Low,SEED
2026-05-30 14:41:40,SEED-308,1383.7600784947588,481.63493893186893,1.109640527891463,0.1518232388264762,290.8107526798063,NORMAL,70.9,Low,SEED
2026-05-30 14:51:40,SEED-309,1366.0605300332345,476.18494041432257,1.068329680899396,0.14396218487718837,299.12791628879336,NORMAL,78.0,Low,SEED
2026-05-30 15:01:40,SEED-310,9158.089510846321,1122.4685026160648,7.9006537695936805,147.79584392917513,60354.33735894233,FAULT,77.6,High,SEED
2026-05-30 15:11:40,SEED-311,1304.8724557764053,465.4862463468981,1.0671788487190064,0.22400012644613287,301.4730656333434,NORMAL,89.0,Low,SEED
2026-05-30 15:21:40,SEED-312,1331.2870436501823,459.045741006637,1.1235815513212515,0.07479460138356853,293.4371822641424,NORMAL,77.0,Low,SEED
2026-05-30 15:31:40,SEED-313,1401.995106237866,459.64953954112514,1.0551648079542675,0.4979594107941612,304.2448587489113,NORMAL,84.5,Low,SEED
2026-05-30 15:41:40,SEED-314,9078.509436955843,1158.115046982787,7.996917257364445,76.4033766294499,58000.63138215914,FAULT,86.6,High,SEED
2026-05-30 15:51:40,SEED-315,1367.58378184184,480.03312403206365,1.1389930551542247,0.45025212567373796,294.6169129956242,NORMAL,72.4,Low,SEED
2026-05-30 16:01:40,SEED-316,1304.211332451797,446.8706742755841,1.0686019590262001,0.5554290243836855,295.21403032436433,NORMAL,90.7,Low,SEED
2026-05-30 16:11:40,SEED-317,1285.5502752028276,480.07822812084476,1.1440899273419007,0.30581866408247205,302.50853333232067,NORMAL,93.8,Low,SEED
2026-05-30 16:21:40,SEED-318,9356.131339593747,1168.2845311962085,8.14363689122185,342.746175372665,58748.90942989339,FAULT,87.3,High,SEED
2026-05-30 16:31:40,SEED-319,8897.831484907358,1175.9968873377986,7.602583319139551,272.9520995419723,57110.821965152674,FAULT,75.4,High,SEED
2026-05-30 16:41:40,SEED-320,5152.946038944011,764.3688177104648,4.344264931463931,32.893563436099726,18067.42566068326,NORMAL,93.0,Medium,SEED
2026-05-30 16:51:40,SEED-321,1322.4011723095975,466.13378691703105,1.126148465314665,0.0812704283162411,295.1950212110656,NORMAL,89.4,Low,SEED
2026-05-30 17:01:40,SEED-322,1291.8218148863266,477.06927298273087,1.0664536643553435,0.34206382462584806,295.5780852374054,NORMAL,74.8,Low,SEED
2026-05-30 17:11:40,SEED-323,9018.935361449532,1122.0379124940093,7.987370960716373,103.10062926499427,62065.36609416048,FAULT,92.7,High,SEED
2026-05-30 17:21:40,SEED-324,5165.14306606553,800.6786764649111,4.6377510152204,25.522641278966034,17785.888650417764,NORMAL,93.0,Medium,SEED
2026-05-30 17:31:40,SEED-325,4804.964419392694,812.2460720414795,4.400122794137492,3.307828066386378,17478.009441106165,NORMAL,93.0,Medium,SEED
2026-05-30 17:41:40,SEED-326,8984.070274635575,1098.6436375099609,8.287960664213122,253.60683572944117,58112.51274165308,FAULT,92.5,High,SEED
2026-05-30 17:51:40,SEED-327,1283.7833966044632,485.41461977824764,1.1497970410680352,0.09704883146454879,286.2878386622831,NORMAL,80.8,Low,SEED
2026-05-30 18:01:40,SEED-328,4884.312440809692,838.5247866071277,4.4028689160608465,40.7999522023315,18824.217367431138,NORMAL,93.0,Medium,SEED
2026-05-30 18:11:40,SEED-329,8624.266182760357,1150.7474989816124,7.859862068188347,139.97550784499163,60633.171145569504,FAULT,94.5,High,SEED
2026-05-30 18:21:40,SEED-330,1373.1655147122617,480.32092871213894,1.1161994937875506,0.1528313787990916,290.21836305986244,NORMAL,86.0,Low,SEED
2026-05-30 18:31:40,SEED-331,8797.185187912715,1199.4248145371746,8.030112638527477,114.58141182071063,60430.22285251829,FAULT,87.1,High,SEED
2026-05-30 18:41:40,SEED-332,9210.465866017892,1105.3951697893367,8.08219029383891,254.43551045448226,60827.79712612967,FAULT,81.5,High,SEED
2026-05-30 18:51:40,SEED-333,1290.765074233178,456.15685915481055,1.0796291728844498,0.027836133385580553,289.64477126730884,NORMAL,91.9,Low,SEED
2026-05-30 19:01:40,SEED-334,5192.285011576343,828.6062536729736,4.471675628608024,28.75209878258056,17124.598432925715,NORMAL,93.0,Medium,SEED
2026-05-30 19:11:40,SEED-335,1311.2238697562652,443.67685759452513,1.0911291164989725,0.0992380439996623,303.87301593044185,NORMAL,91.1,Low,SEED
2026-05-30 19:21:40,SEED-336,1311.7170593553171,458.4514939452653,1.0776019119850102,0.4340101339297098,278.9623983656613,NORMAL,81.4,Low,SEED
2026-05-30 19:31:40,SEED-337,1366.7898997112814,463.5867409792303,1.084989196343254,0.5768139118992055,282.9923527541108,NORMAL,89.7,Low,SEED
2026-05-30 19:41:40,SEED-338,1398.0053392667946,457.06461477461664,1.0742926139362539,0.30574232039916893,302.11956691658554,NORMAL,91.2,Low,SEED
2026-05-30 19:51:40,SEED-339,1377.1497617078637,451.8014415462612,1.1401048916439323,0.10890584507571255,279.67245673342484,NORMAL,75.6,Low,SEED
2026-05-30 20:01:40,SEED-340,4810.911402174912,822.232850588481,4.395592212843176,30.073346068612864,17956.14011269022,NORMAL,93.0,Medium,SEED
2026-05-30 20:11:40,SEED-341,4989.435205461729,774.3848174282117,4.2788726031287885,10.12347437652295,17977.210824600086,NORMAL,93.0,Medium,SEED
2026-05-30 20:21:40,SEED-342,1303.2517356856442,449.1205916038657,1.1096038136685984,0.4712467353431675,289.97932901133146,NORMAL,72.8,Low,SEED
2026-05-30 20:31:40,SEED-343,4851.358877309403,838.9792796969871,4.480518685927803,26.608053643456515,18709.959328286666,NORMAL,93.0,Medium,SEED
2026-05-30 20:41:40,SEED-344,1309.2535660122437,446.87245216043095,1.1008819732535147,0.15793933156570628,297.3879427463359,NORMAL,83.4,Low,SEED
2026-05-30 20:51:40,SEED-345,1299.0225596816495,467.1009192606889,1.0631266926857412,0.05275408274084814,288.74733385460524,NORMAL,94.2,Low,SEED
2026-05-30 21:01:40,SEED-346,4937.553789857246,825.0407501238609,4.2770871631661915,35.57099553474268,17292.270880601234,NORMAL,93.0,Medium,SEED
2026-05-30 21:11:40,SEED-347,1367.231238486042,480.60682804814326,1.074886519939998,0.5814107376487545,276.45763548746584,NORMAL,77.1,Low,SEED
2026-05-30 21:21:40,SEED-348,1356.9660850310147,450.7560986408896,1.1391469380071224,0.5416799546802613,295.6699572379603,NORMAL,87.1,Low,SEED
2026-05-30 21:31:40,SEED-349,1305.8736725655947,482.37539273008105,1.0751689061021041,0.1989719709728286,280.6582000448515,NORMAL,87.3,Low,SEED
2026-05-30 21:41:40,SEED-350,9243.568424330651,1201.2284129123827,8.117676311062421,160.27414651445952,59999.98236868637,FAULT,76.5,High,SEED
2026-05-30 21:51:40,SEED-351,1354.3118242328926,473.7100915797533,1.060354390620371,0.09592166350645481,293.1548392384594,NORMAL,86.7,Low,SEED
2026-05-30 22:01:40,SEED-352,1353.8185079946575,463.57380518402164,1.08135141249423,0.5043669640440953,285.08324055045915,NORMAL,93.1,Low,SEED
2026-05-30 22:11:40,SEED-353,8741.280027114317,1156.375355421105,7.96656583948315,220.02182274701522,59331.80484765968,FAULT,72.8,High,SEED
2026-05-30 22:21:40,SEED-354,1380.4663746732954,481.1737973131725,1.1113855652376214,0.0029351754694530996,290.0343107511462,NORMAL,91.1,Low,SEED
2026-05-30 22:31:40,SEED-355,1309.784325123516,445.1542190021179,1.1237897080746788,0.42941818466002335,302.82525711280334,NORMAL,81.8,Low,SEED
2026-05-30 22:41:40,SEED-356,4758.280800591826,786.5146458826761,4.294115558934964,5.310793172570243,17769.65741786171,NORMAL,93.0,Medium,SEED
2026-05-30 22:51:40,SEED-357,8958.967623030592,1158.332062871121,8.320245690897446,106.02330335595707,57144.27194318461,FAULT,89.4,High,SEED
2026-05-30 23:01:40,SEED-358,1416.3651494752085,470.25313675113847,1.0628511432260919,0.5257005301518385,280.70873105614766,NORMAL,80.4,Low,SEED
2026-05-30 23:11:40,SEED-359,9323.490424280631,1113.3553630429014,8.161283498902757,86.65676557339657,62326.95153812826,FAULT,86.0,High,SEED
2026-05-30 23:21:40,SEED-360,5096.293974078076,825.6108350011788,4.572569570937518,44.06965035724522,17987.25668811892,NORMAL,93.0,Medium,SEED
2026-05-30 23:31:40,SEED-361,1308.1704441517388,457.44003213471507,1.0484248505236105,0.1243792936824013,290.58846185677123,NORMAL,92.8,Low,SEED
2026-05-30 23:41:40,SEED-362,8723.961157683432,1127.986050995735,8.293487892562935,226.4951649424545,57291.72393508077,FAULT,72.8,High,SEED
2026-05-30 23:51:40,SEED-363,4852.50256494188,761.9884693353476,4.688296793074267,18.734497102734963,17392.078697654128,NORMAL,93.0,Medium,SEED
2026-05-31 00:01:40,SEED-364,4812.71937870106,834.8614430056541,4.476132189777185,14.833189667259148,17298.927976541254,NORMAL,93.0,Medium,SEED
2026-05-31 00:11:40,SEED-365,1340.194577012909,478.78909244811814,1.048958162943694,0.34594533664707505,294.51498366810654,NORMAL,92.1,Low,SEED
2026-05-31 00:21:40,SEED-366,8864.927305801883,1132.4059290256205,8.261992952255227,127.75543644303184,57303.38813223009,FAULT,72.8,High,SEED
2026-05-31 00:31:40,SEED-367,1348.7235108813186,477.2679047218608,1.1113184825652382,0.07217327197446011,284.9287645487404,NORMAL,76.4,Low,SEED
2026-05-31 00:41:40,SEED-368,9113.462179313205,1150.8430903486842,8.069750319845806,84.46159390026378,62246.76728602023,FAULT,82.0,High,SEED
2026-05-31 00:51:40,SEED-369,1324.07319779368,478.13275645123423,1.0662953200337162,0.017891628219987687,288.634558094696,NORMAL,88.4,Low,SEED
2026-05-31 01:01:40,SEED-370,5031.812246103965,809.9152381458165,4.550548643715267,50.163636972583504,17369.092637247024,NORMAL,93.0,Medium,SEED
2026-05-31 01:11:40,SEED-371,9345.562495993729,1182.5671168685417,8.36614440331739,143.32474322487406,61995.24917721357,FAULT,85.8,High,SEED
2026-05-31 01:21:40,SEED-372,1362.5020216058385,466.9625239119007,1.075737522974724,0.020671536076654284,281.0993529518529,NORMAL,84.1,Low,SEED
2026-05-31 01:31:40,SEED-373,4802.954200833428,774.1842177842043,4.70110487561937,33.657046220448365,18006.692835480582,NORMAL,93.0,Medium,SEED
2026-05-31 01:41:40,SEED-374,1391.4216509140513,463.14066466718316,1.1486977474829456,0.30397751955350305,288.777398553295,NORMAL,86.1,Low,SEED
2026-05-31 01:51:40,SEED-375,1351.1636170572278,459.3570464011812,1.0942274246106694,0.4342342178778278,299.1866058691462,NORMAL,89.4,Low,SEED
2026-05-31 02:01:40,SEED-376,5138.254470081931,790.8315078745817,4.5084262720258135,12.287549991757828,17491.303608982522,NORMAL,93.0,Medium,SEED
2026-05-31 02:11:40,SEED-377,1408.8578199715434,478.46126624166993,1.0636718828703617,0.4027117948787797,287.04590452592987,NORMAL,77.3,Low,SEED
2026-05-31 02:21:40,SEED-378,5132.976024397275,830.7904605297484,4.590251234246684,45.173756540765794,18079.18794291763,NORMAL,93.0,Medium,SEED
2026-05-31 02:31:40,SEED-379,4910.617280923134,839.8008789235304,4.5851394353759085,27.60421988047881,17721.138385388498,NORMAL,93.0,Medium,SEED
2026-05-31 02:41:40,SEED-380,5027.013321893513,779.3748191952659,4.518581710752831,16.469238693571356,18862.930731394834,NORMAL,93.0,Medium,SEED
2026-05-31 02:51:40,SEED-381,5167.356854907797,797.4313867758829,4.581081923495497,10.574753588342219,18316.200917374896,NORMAL,93.0,Medium,SEED
2026-05-31 03:01:40,SEED-382,1325.4687495757762,475.23915981554325,1.0729811779862566,0.7255970586231264,299.83167204682195,NORMAL,84.6,Low,SEED
2026-05-31 03:11:40,SEED-383,1368.8629083268136,446.5700504503504,1.0939159497873578,0.1659872725599678,296.9037037287104,NORMAL,81.5,Low,SEED
2026-05-31 03:21:40,SEED-384,1291.8757075768588,450.3077908337404,1.0848923332291447,0.3777429722536221,291.63761308972704,NORMAL,74.7,Low,SEED
2026-05-31 03:31:40,SEED-385,5107.268423597326,805.260410252728,4.280277331770281,21.59165609365607,17815.732834580565,NORMAL,93.0,Medium,SEED
2026-05-31 03:41:40,SEED-386,4843.545429808997,780.6242287092896,4.702853402622212,6.080649458766743,18455.018604705812,NORMAL,93.0,Medium,SEED
2026-05-31 03:51:40,SEED-387,8609.036999126487,1172.819897645631,7.829594400496415,238.31690765234453,61187.09782592658,FAULT,74.7,High,SEED
2026-05-31 04:01:40,SEED-388,1327.9827552585884,469.03440914203753,1.0532369880854011,0.6556822566078413,287.66161696837537,NORMAL,75.6,Low,SEED
2026-05-31 04:11:40,SEED-389,1313.8075239607326,454.26331720227716,1.0615235680720383,0.45214662551294005,281.1989342839569,NORMAL,82.1,Low,SEED
2026-05-31 04:21:40,SEED-390,4902.783353596491,826.3640422147987,4.446991636399363,5.126110068528305,18021.091427885236,NORMAL,93.0,Medium,SEED
2026-05-31 04:31:40,SEED-391,1415.3385829043473,481.9467307634024,1.1207103030160397,0.060782927209833915,291.5890188947026,NORMAL,76.2,Low,SEED
2026-05-31 04:41:40,SEED-392,1385.2755468654145,467.6133754141627,1.1489616705625396,0.08115117288460194,289.3755477245672,NORMAL,80.4,Low,SEED
2026-05-31 04:51:40,SEED-393,1365.9101516813018,477.3315048339621,1.1410155751640232,0.4188194157721963,303.22573431446085,NORMAL,94.8,Low,SEED
2026-05-31 05:01:40,SEED-394,1404.5914960943696,475.1061740152837,1.0550658474951427,0.5691340357231658,287.7060663445799,NORMAL,76.0,Low,SEED
2026-05-31 05:11:40,SEED-395,1295.7795897605224,466.22825041137463,1.1372826989861493,0.44758049079099393,286.97847591785245,NORMAL,95.0,Low,SEED
2026-05-31 05:21:40,SEED-396,1393.5555554598748,474.5777458109793,1.056782372877657,0.048490467965523365,285.1122161980742,NORMAL,82.2,Low,SEED
2026-05-31 05:31:40,SEED-397,1375.9117153051216,469.46909714949714,1.1188379023749495,0.5069031795747039,289.24929906351656,NORMAL,89.9,Low,SEED
2026-05-31 05:41:40,SEED-398,5089.366107287386,827.1379775663892,4.7133788731101856,68.75668138257072,17664.41691120064,NORMAL,93.0,Medium,SEED
2026-05-31 05:51:40,SEED-399,1416.5755166894528,451.0636250996513,1.0749104834169432,0.025284238218514332,282.98964463457776,NORMAL,70.5,Low,SEED
2026-05-31 06:01:40,SEED-400,1376.2207343002308,458.26022323675846,1.1231280469621712,0.2046399582112972,296.3057363464261,NORMAL,73.5,Low,SEED
2026-05-31 06:11:40,SEED-401,1319.773022378596,478.50578911814995,1.0958931606082654,0.33718717285237165,296.0335569331866,NORMAL,81.0,Low,SEED
2026-05-31 06:21:40,SEED-402,1296.233120611643,452.9223475380354,1.1061367932494208,0.08814835265846277,276.56576352101615,NORMAL,72.5,Low,SEED
2026-05-31 06:31:40,SEED-403,5162.6606364533045,775.9363865818156,4.395074215794244,58.61171757392867,18890.51079939252,NORMAL,93.0,Medium,SEED
2026-05-31 06:41:40,SEED-404,9333.01312220326,1170.8631534785875,8.355172260327953,68.31691580920051,60085.60447626254,FAULT,83.3,High,SEED
2026-05-31 06:51:40,SEED-405,1358.8550485881074,471.97667004831897,1.1426993720923178,0.13717118294488273,294.4836033775349,NORMAL,79.1,Low,SEED
2026-05-31 07:01:40,SEED-406,1285.395676620728,452.26020132874805,1.153300358679912,0.03502586307440225,304.0152487113664,NORMAL,88.4,Low,SEED
2026-05-31 07:11:40,SEED-407,1286.4472823891967,481.8147070777729,1.125409226928994,0.33733717568436106,299.71809728115693,NORMAL,72.0,Low,SEED
2026-05-31 07:21:40,SEED-408,1385.393849470128,463.4009946694449,1.152156442407959,0.5211226032793306,304.2785160627531,NORMAL,75.5,Low,SEED
2026-05-31 07:31:40,SEED-409,1412.4182108297068,441.1362974360219,1.148345799971561,0.1432696979525323,301.234254966579,NORMAL,70.9,Low,SEED
2026-05-31 07:41:40,SEED-410,1365.9474305607941,454.51700368374355,1.138389982293284,0.547233717383838,304.33462223601776,NORMAL,89.4,Low,SEED
2026-05-31 07:51:40,SEED-411,1294.3018662079849,483.96745216532133,1.1072467494103153,0.6072738949586549,295.0053600627538,NORMAL,84.4,Low,SEED
2026-05-31 08:01:40,SEED-412,1309.2136276459394,462.1382389567656,1.062035559726024,0.2281106735159506,287.9495455889844,NORMAL,77.5,Low,SEED
2026-05-31 08:11:40,SEED-413,5076.408516322943,829.8763719665867,4.351155443039316,45.63206032568121,17247.236551576785,NORMAL,93.0,Medium,SEED
2026-05-31 08:21:40,SEED-414,1291.603953792325,451.0423895091189,1.1155385846500825,0.25062031121068085,280.8515823471188,NORMAL,81.9,Low,SEED
2026-05-31 08:31:40,SEED-415,5206.048628265566,768.5438753162431,4.679778506517877,12.691647724296331,17829.310764852922,NORMAL,93.0,Medium,SEED
2026-05-31 08:41:40,SEED-416,5197.434607751321,772.8605361635489,4.317598268165138,22.279788138587833,17734.190204703104,NORMAL,93.0,Medium,SEED
2026-05-31 08:51:40,SEED-417,1315.0543769210847,470.2660664910125,1.0607927506138624,0.10041549748896461,288.4627167723774,NORMAL,70.4,Low,SEED
2026-05-31 09:01:40,SEED-418,9215.348822144759,1132.6459152425682,7.880524352967258,268.11979837730996,61292.0433772684,FAULT,92.8,High,SEED
2026-05-31 09:11:40,SEED-419,1381.0609690737829,454.774476676627,1.0630009598501469,0.5554458019139137,288.9598521297615,NORMAL,78.4,Low,SEED
2026-05-31 09:21:40,SEED-420,9113.590718958705,1103.6108043467148,8.15725008480897,203.41795960782792,57016.14798938395,FAULT,72.2,High,SEED
2026-05-31 09:31:40,SEED-421,1366.088306706536,441.9396245455026,1.0998769044513539,0.4929725058454464,298.300937310753,NORMAL,88.6,Low,SEED
2026-05-31 09:41:40,SEED-422,1296.125145349835,486.47602754463065,1.0535499821975736,0.1039162069643611,286.64891153581806,NORMAL,86.3,Low,SEED
2026-05-31 09:51:40,SEED-423,5197.094818290451,817.4293270741275,4.478628066579521,67.16030371423392,18166.270640095707,NORMAL,93.0,Medium,SEED
2026-05-31 10:01:40,SEED-424,9390.091013037969,1115.2048301602376,8.124147174610346,387.1951039884241,59920.04726829731,FAULT,91.1,High,SEED
2026-05-31 10:11:40,SEED-425,1330.24814789879,452.9757899814685,1.1057420831068008,0.1647622374076425,294.5231349991735,NORMAL,78.0,Low,SEED
2026-05-31 10:21:40,SEED-426,1289.29293675804,445.8758429692992,1.0452392732589832,0.0671335885559472,291.50467935252703,NORMAL,71.5,Low,SEED
2026-05-31 10:31:40,SEED-427,9158.484106948501,1158.8848844788438,7.693266851930774,110.28841811923667,57427.16189843429,FAULT,89.0,High,SEED
2026-05-31 10:41:40,SEED-428,1367.8502588264073,450.5528672697599,1.1116763114360915,0.2695603764291441,296.3741201484652,NORMAL,90.4,Low,SEED
2026-05-31 10:51:40,SEED-429,8674.749921186283,1130.9239528073736,7.827833963232902,303.98587487462214,57028.14412717001,FAULT,79.8,High,SEED
2026-05-31 11:01:40,SEED-430,1403.7332290909649,453.96514069506946,1.1354872580537771,0.2550800088720244,282.76547607525276,NORMAL,75.8,Low,SEED
2026-05-31 11:11:40,SEED-431,8960.002917557838,1121.3194367169742,7.68026696222284,20.964492373751,62767.91831582767,FAULT,87.8,High,SEED
2026-05-31 11:21:40,SEED-432,9010.412541168254,1116.702887707987,7.805650083282436,144.42967761296813,58411.63005424491,FAULT,85.8,High,SEED
2026-05-31 11:31:40,SEED-433,1412.5921332762146,449.77306681950387,1.0956058741229004,0.17336526181686462,292.9369338132269,NORMAL,79.5,Low,SEED
2026-05-31 11:41:40,SEED-434,1302.7718674653127,481.7289008895188,1.0482143234985914,0.005293886447844898,281.80208956731036,NORMAL,89.7,Low,SEED
2026-05-31 11:51:40,SEED-435,1294.4612709624303,452.10017187457566,1.1458732632122604,0.0681914220069606,280.8918817256434,NORMAL,85.6,Low,SEED
2026-05-31 12:01:40,SEED-436,9212.568440916983,1197.0170914001676,7.735180697612496,300.3985572497513,60424.19873946511,FAULT,84.6,High,SEED
2026-05-31 12:11:40,SEED-437,9310.741693221687,1117.3669309563777,7.900048986584796,245.11149470654732,58913.63343805101,FAULT,85.7,High,SEED
2026-05-31 12:21:40,SEED-438,1385.3749723565325,469.5481538386177,1.065451855449668,0.500343848760207,300.63828800573185,NORMAL,90.9,Low,SEED
2026-05-31 12:31:40,SEED-439,1307.270102511152,450.6428544469531,1.119805976586522,0.01526629953013181,281.4346586395872,NORMAL,84.7,Low,SEED
2026-05-31 12:41:40,SEED-440,1366.3306865128425,442.0427507486954,1.087502577624633,0.042891812685780906,276.97650311177614,NORMAL,75.9,Low,SEED
2026-05-31 12:51:40,SEED-441,1335.7451389549703,454.56635045042077,1.0865433019942292,0.6703190645191306,293.41068979525386,NORMAL,87.9,Low,SEED
2026-05-31 13:01:40,SEED-442,5214.2872414030835,834.0080048453123,4.438508436468551,13.786272551294928,17788.01501689149,NORMAL,93.0,Medium,SEED
2026-05-31 13:11:40,SEED-443,1409.6546046677838,461.5074047632988,1.126122347973731,0.520602395366085,303.2863910813612,NORMAL,85.9,Low,SEED
2026-05-31 13:21:40,SEED-444,8636.690558156504,1130.2699535938657,7.992379822217846,165.1482458222781,59922.37400497253,FAULT,76.3,High,SEED
2026-05-31 13:31:40,SEED-445,1400.201619789354,447.74964993079067,1.0799175267452052,0.3342694306060121,276.71969209248255,NORMAL,87.5,Low,SEED
2026-05-31 13:41:40,SEED-446,1405.3034430372986,451.9607234510595,1.0795186709636997,0.0947358806562919,283.27691751402017,NORMAL,91.9,Low,SEED
2026-05-31 13:51:40,SEED-447,1373.4556081022495,445.10940005352757,1.0760209979155566,0.649119388068895,302.9144278729247,NORMAL,79.1,Low,SEED
2026-05-31 14:01:40,SEED-448,5209.704272947646,797.9451218997564,4.6525664343390405,58.7915103202389,18148.67116249726,NORMAL,93.0,Medium,SEED
2026-05-31 14:11:40,SEED-449,9123.880084462628,1144.862262521429,8.204665745749875,169.97717974092507,60582.9796771216,FAULT,76.7,High,SEED
2026-05-31 14:21:40,SEED-450,1339.6371667741712,469.19613067522494,1.0735633671104932,0.02835451541769629,300.46665530316227,NORMAL,82.6,Low,SEED
2026-05-31 14:31:40,SEED-451,1313.9541367106615,470.59356696552214,1.1268974851047422,0.10088610629565764,282.33695006679824,NORMAL,82.9,Low,SEED
2026-05-31 14:41:40,SEED-452,1351.8484657432498,454.6470251622861,1.065193483708608,0.025686038139745904,291.3750375914009,NORMAL,77.8,Low,SEED
2026-05-31 14:51:40,SEED-453,8721.453716027707,1109.8590707852838,7.735798523459231,246.25044192826226,60487.07373248129,FAULT,78.0,High,SEED
2026-05-31 15:01:40,SEED-454,5100.412660674419,804.6890568479331,4.338624948868743,60.691697740618565,18277.911767176392,NORMAL,93.0,Medium,SEED
2026-05-31 15:11:40,SEED-455,1399.3662829292819,455.20674540459436,1.1083927443125758,0.1671482557563566,301.10769293398846,NORMAL,70.7,Low,SEED
2026-05-31 15:21:40,SEED-456,1396.2997257185739,451.20685314093515,1.148469126964376,0.07662254550226599,293.3483276421327,NORMAL,94.3,Low,SEED
2026-05-31 15:31:40,SEED-457,9173.136865034714,1168.9767525058023,8.250309794798353,289.1487470125187,57594.55624823569,FAULT,93.2,High,SEED
2026-05-31 15:41:40,SEED-458,4906.454043810543,830.7144522791269,4.579898127041975,14.225281434218573,18496.94859741932,NORMAL,93.0,Medium,SEED
2026-05-31 15:51:40,SEED-459,1289.8705278250366,449.58882147033705,1.1480877459203,0.20532223825032414,298.0132599609296,NORMAL,80.7,Low,SEED
2026-05-31 16:01:40,SEED-460,1352.9930788600082,475.448771491823,1.0539476593852406,0.039355518195745454,275.66323452407505,NORMAL,89.0,Low,SEED
2026-05-31 16:11:40,SEED-461,1388.5131812612094,444.72890476646234,1.0463679017054224,0.13809724735704698,280.31531203021115,NORMAL,85.8,Low,SEED
2026-05-31 16:21:40,SEED-462,1351.921080303056,484.8100468930015,1.0889668203617116,0.24157747735408552,286.048001430227,NORMAL,86.5,Low,SEED
2026-05-31 16:31:40,SEED-463,4835.214782014259,781.7905388166201,4.635714381979753,30.62700604893496,18437.068881241736,NORMAL,93.0,Medium,SEED
2026-05-31 16:41:40,SEED-464,1414.504524109105,473.73552673485415,1.1272303906637164,0.5227187360128278,303.9567938378871,NORMAL,90.9,Low,SEED
2026-05-31 16:51:40,SEED-465,1350.0585932076253,461.8611198241042,1.068490778751822,0.18285645152404495,293.24894868243894,NORMAL,76.8,Low,SEED
2026-05-31 17:01:40,SEED-466,1388.0020383196274,451.2616228936626,1.0593624934437345,0.31327581236311186,293.64806320142003,NORMAL,94.6,Low,SEED
2026-05-31 17:11:40,SEED-467,1380.0477772495162,463.1843845630224,1.0566617930573996,0.13158329652374423,303.1282987938192,NORMAL,78.9,Low,SEED
2026-05-31 17:21:40,SEED-468,8595.733729094707,1117.7477505729485,7.872089434145423,295.8478009203916,62162.231362325445,FAULT,88.1,High,SEED
2026-05-31 17:31:40,SEED-469,1408.1189476982493,460.56675551040314,1.0500142832666757,0.48965569097455486,283.0611547350614,NORMAL,94.8,Low,SEED
2026-05-31 17:41:40,SEED-470,8814.630768965566,1153.9113503048045,7.662423984469962,268.9539733979568,59420.01553010171,FAULT,80.0,High,SEED
2026-05-31 17:51:40,SEED-471,9328.606384060477,1151.475539960412,8.114721462436473,171.33330732505829,62510.49647248422,FAULT,86.3,High,SEED
2026-05-31 18:01:40,SEED-472,5123.659779904965,825.1766449327129,4.324745385938413,31.011955024121903,17570.592100342288,NORMAL,93.0,Medium,SEED
2026-05-31 18:11:40,SEED-473,1299.0629455434544,472.4055687233989,1.0944615620809488,0.6082144629723683,280.29429097158857,NORMAL,83.4,Low,SEED
2026-05-31 18:21:40,SEED-474,1416.5447002649628,462.01368382039914,1.0536749033453598,0.46996384871402874,278.1430894108294,NORMAL,92.6,Low,SEED
2026-05-31 18:31:40,SEED-475,5071.467807736088,763.9310606564947,4.362240694419361,11.687631776024318,18199.31276325677,NORMAL,93.0,Medium,SEED
2026-05-31 18:41:40,SEED-476,9432.262778132645,1119.9738133879316,8.130071037806763,150.9827171215743,62972.8405707306,FAULT,72.4,High,SEED
2026-05-31 18:51:40,SEED-477,1312.0570830203244,466.16904310188454,1.1373230937673984,0.22591392439282476,290.1067471919597,NORMAL,78.4,Low,SEED
2026-05-31 19:01:40,SEED-478,5005.5657003104325,774.6429480782076,4.447099166135499,25.386686307200193,18300.182910913456,NORMAL,93.0,Medium,SEED
2026-05-31 19:11:40,SEED-479,1400.9438451520668,485.6056715545256,1.147316439955786,0.20269639013820662,290.5985733900792,NORMAL,77.8,Low,SEED
2026-05-31 19:21:40,SEED-480,5157.176529108375,792.5839427900698,4.43075872673836,34.28454592531534,17208.44456253643,NORMAL,93.0,Medium,SEED
2026-05-31 19:31:40,SEED-481,1377.439515213235,485.23349616845843,1.0583600219752751,0.27165999528125884,282.66130480391627,NORMAL,84.9,Low,SEED
2026-05-31 19:41:40,SEED-482,1319.515054485487,450.7618631477319,1.1535851720159886,0.30617099424875693,286.33328408798343,NORMAL,90.8,Low,SEED
2026-05-31 19:51:40,SEED-483,1347.7155687881875,477.1002533692929,1.1382552298017241,0.5014764145859596,281.3952774664129,NORMAL,85.8,Low,SEED
2026-05-31 20:01:40,SEED-484,1371.236950073179,446.14029598439754,1.1531435338074183,0.1296662638016839,301.2218301630947,NORMAL,78.5,Low,SEED
2026-05-31 20:11:40,SEED-485,9226.490513870005,1114.524438591738,8.146969301840686,220.1455188963164,60160.360959764876,FAULT,93.0,High,SEED
2026-05-31 20:21:40,SEED-486,1383.5249060442245,463.56286258221866,1.0764802837223484,0.3477808637241431,282.97592919991166,NORMAL,78.7,Low,SEED
2026-05-31 20:31:40,SEED-487,1397.8670094398683,448.26564788411935,1.0932233342225541,0.05042809395434844,284.9165995590088,NORMAL,76.8,Low,SEED
2026-05-31 20:41:40,SEED-488,4894.329173262064,760.7208626391681,4.317640526027326,17.679878892920215,18666.292833108957,NORMAL,93.0,Medium,SEED
2026-05-31 20:51:40,SEED-489,9214.649913264011,1136.7534730921452,7.787479239808157,194.19878673398694,61895.23935720796,FAULT,76.9,High,SEED
2026-05-31 21:01:40,SEED-490,1346.8350407559028,448.7912454122281,1.1163285921493853,0.007933010825584397,291.34257031890917,NORMAL,76.4,Low,SEED
2026-05-31 21:11:40,SEED-491,8930.005706520344,1154.3057227284332,8.26255513589212,327.5206914001044,59097.10853747988,FAULT,91.4,High,SEED
2026-05-31 21:21:40,SEED-492,1381.1817538413525,445.30940878407694,1.078251332171168,0.04783539468767817,286.95620271684305,NORMAL,73.2,Low,SEED
2026-05-31 21:31:40,SEED-493,5106.1804542221935,827.8842026372629,4.385867127595347,15.066240198204014,18278.890609963022,NORMAL,93.0,Medium,SEED
2026-05-31 21:41:40,SEED-494,9279.464534231141,1157.8310182628306,7.918167575986324,108.73665542571644,61867.837396321,FAULT,72.1,High,SEED
2026-05-31 21:51:40,SEED-495,5042.965232304016,833.5674111029815,4.422710251031597,35.0249601139335,18720.18440333134,NORMAL,93.0,Medium,SEED
2026-05-31 22:01:40,SEED-496,1405.6002067046588,450.0463134054097,1.0761762223321605,0.2588923246478725,301.62667778921116,NORMAL,80.6,Low,SEED
2026-05-31 22:11:40,SEED-497,9250.6351626239,1127.9840286061387,8.064897369761068,17.301628139804052,60366.543151431615,FAULT,91.2,High,SEED
2026-05-31 22:21:40,SEED-498,1373.2787673604073,449.49771877288566,1.1324781123463754,0.5899775847015745,285.25733646678793,NORMAL,72.9,Low,SEED
2026-05-31 22:31:40,SEED-499,1311.9611075062874,473.181434417466,1.0912803067454133,0.13981978764202996,287.0902211289196,NORMAL,75.1,Low,SEED
2026-05-31 22:41:40,SEED-500,1404.5230062579355,449.02509987367284,1.0889345070077205,0.1039168864839084,294.82493578636365,NORMAL,84.8,Low,SEED
2026-05-31 22:51:40,SEED-501,1342.5361537080544,449.2418156497955,1.0841246923256913,0.37100612313397896,283.46301726900526,NORMAL,83.1,Low,SEED
2026-05-31 23:01:40,SEED-502,1292.2894096521559,460.13484142440626,1.1506322323830187,0.456043965797317,289.8147117018783,NORMAL,77.4,Low,SEED
2026-05-31 23:11:40,SEED-503,1382.655973871847,477.3358543172175,1.0977518929408807,0.02588003989486687,281.21289308063365,NORMAL,70.8,Low,SEED
2026-05-31 23:21:40,SEED-504,1333.4490876649197,445.0926968200135,1.0913987261456033,0.05821201367765827,286.9203800661491,NORMAL,87.3,Low,SEED
2026-05-31 23:31:40,SEED-505,1336.1841677169432,461.15384454533614,1.1002285250273267,0.25779950879940206,299.83090906702165,NORMAL,80.1,Low,SEED
2026-05-31 23:41:40,SEED-506,1376.6134378232214,455.0613056461721,1.134516462954118,0.47210601441133715,297.13775114859095,NORMAL,74.7,Low,SEED
2026-05-31 23:51:40,SEED-507,4860.2386692647615,783.1117597673991,4.638394900155227,8.34819171634308,18044.86143876269,NORMAL,93.0,Medium,SEED
2026-06-01 00:01:40,SEED-508,1378.6515719294835,484.98769646527336,1.0710138699666034,0.6690780618492589,303.7137367838519,NORMAL,94.9,Low,SEED
2026-06-01 00:11:40,SEED-509,4767.677659853875,760.5893326409594,4.389543040127778,44.640725861541796,18636.504145313156,NORMAL,93.0,Medium,SEED
2026-06-01 00:21:40,SEED-510,1414.8164303653393,441.0293961021807,1.1255700087139406,0.2748992647659305,279.95834224416217,NORMAL,88.7,Low,SEED
2026-06-01 00:31:40,SEED-511,9221.637174291593,1167.5167297937182,8.359478533210414,193.59840574664122,58804.747539069394,FAULT,77.6,High,SEED
2026-06-01 00:41:40,SEED-512,1314.9861748839267,473.307734636562,1.0999682003187334,0.21349338626067205,286.99639775337937,NORMAL,83.7,Low,SEED
2026-06-01 00:51:40,SEED-513,1354.7426951826853,472.4884565406778,1.0574999133946534,0.49117940408694505,287.80284849012526,NORMAL,93.8,Low,SEED
2026-06-01 01:01:40,SEED-514,1330.9731088978733,464.60151572643457,1.090005679557018,0.37431229562667045,301.9811249819625,NORMAL,84.6,Low,SEED
2026-06-01 01:11:40,SEED-515,1351.8955238750582,470.15966152610144,1.1158030589186791,0.023605134332525424,297.53408942408697,NORMAL,85.8,Low,SEED
2026-06-01 01:21:40,SEED-516,4994.113232694794,770.5462680332265,4.7054153573449975,22.364084761491995,17412.89170522819,NORMAL,93.0,Medium,SEED
2026-06-01 01:31:40,SEED-517,5100.640295918124,826.5853421078386,4.5782131993476565,44.65507526340582,17496.285263592177,NORMAL,93.0,Medium,SEED
2026-06-01 01:41:40,SEED-518,4830.862007875579,775.8512936697098,4.511148231010727,64.66264955704571,18786.668434164985,NORMAL,93.0,Medium,SEED
2026-06-01 01:51:40,SEED-519,8750.661029896313,1193.7787494584256,8.13777675138299,249.3026456566231,60301.69584028427,FAULT,90.2,High,SEED
2026-06-01 02:01:40,SEED-520,8945.149416656534,1182.5311195102795,7.63145722803317,314.9512406106053,58432.252697903874,FAULT,80.2,High,SEED
2026-06-01 02:11:40,SEED-521,9251.873565647917,1150.3657188851125,8.283359868312028,239.44924721011034,58296.535754026736,FAULT,86.7,High,SEED
2026-06-01 02:21:40,SEED-522,4762.234116760568,778.3418320657416,4.309674359752415,35.35460730480645,18067.07018066241,NORMAL,93.0,Medium,SEED
2026-06-01 02:31:40,SEED-523,1400.4707294975312,484.4622893442517,1.13722349471703,0.4144993862779467,276.4772258582609,NORMAL,89.3,Low,SEED
2026-06-01 02:41:40,SEED-524,1283.9829586875235,464.3681811209813,1.148948048522972,0.21737398422884535,296.72161036543093,NORMAL,80.9,Low,SEED
2026-06-01 02:51:40,SEED-525,4793.116480458189,810.2883473563146,4.705094560343562,51.01878286738656,18842.03366853178,NORMAL,93.0,Medium,SEED
2026-06-01 03:01:40,SEED-526,1350.664960755519,448.6874563307414,1.0792050620068967,0.26679061202286203,295.8928778994138,NORMAL,70.7,Low,SEED
2026-06-01 03:11:40,SEED-527,1371.3230147951858,473.79635828728885,1.0988400204198066,0.19497812566593176,298.7471090565929,NORMAL,72.0,Low,SEED
2026-06-01 03:21:40,SEED-528,8891.587713330684,1099.0383182575324,7.67603405813337,277.7902141529737,61830.67683274963,FAULT,85.8,High,SEED
2026-06-01 03:31:40,SEED-529,1299.20998602033,476.50792275027624,1.087635461892444,0.35597339098091574,291.5628814477411,NORMAL,93.1,Low,SEED
2026-06-01 03:41:40,SEED-530,1377.0966817746482,481.6341443398926,1.1168517703091463,0.01991961120135244,294.9385320027319,NORMAL,86.7,Low,SEED
2026-06-01 03:51:40,SEED-531,5211.4869226097735,799.3802961335196,4.541906876720496,54.16399738400196,17748.549121680346,NORMAL,93.0,Medium,SEED
2026-06-01 04:01:40,SEED-532,5185.942764411674,772.9431140667986,4.598659368939633,28.32364366602917,17296.848111023675,NORMAL,93.0,Medium,SEED
2026-06-01 04:11:40,SEED-533,1386.2365935778473,442.7904834057424,1.1198221688057846,0.09006630391509152,281.6108360700057,NORMAL,92.3,Low,SEED
2026-06-01 04:21:40,SEED-534,4760.229287792869,819.6455753287115,4.419768566375652,15.08294421973767,17181.019037700713,NORMAL,93.0,Medium,SEED
2026-06-01 04:31:40,SEED-535,1321.8820431895956,444.6766122722243,1.1509573563343156,0.43209066884184555,277.56394798924833,NORMAL,93.5,Low,SEED
2026-06-01 04:41:40,SEED-536,1402.9256098535704,463.97510668562103,1.07437349650047,0.4719889438786007,284.8437407647296,NORMAL,88.8,Low,SEED
2026-06-01 04:51:40,SEED-537,1322.2217649577315,442.5262923275013,1.047460492907351,0.30640719825002094,290.8868078011254,NORMAL,88.4,Low,SEED
2026-06-01 05:01:40,SEED-538,1365.7411472427295,454.2974377389594,1.1379176317579056,0.28055754883284134,275.5053063558273,NORMAL,94.6,Low,SEED
2026-06-01 05:11:40,SEED-539,1343.8619738587188,473.28757706177385,1.077851106453776,0.23629960476020617,277.94243047230856,NORMAL,88.7,Low,SEED
2026-06-01 05:21:40,SEED-540,4901.467011321421,790.2736327502728,4.646842298166584,14.681586448054077,17632.289563712508,NORMAL,93.0,Medium,SEED
2026-06-01 05:31:40,SEED-541,1304.5285430709573,466.6237843350054,1.1478663443485428,0.26111291407563275,294.8941714955386,NORMAL,90.6,Low,SEED
2026-06-01 05:41:40,SEED-542,8734.344525022361,1107.5104653214305,8.046633628514952,28.33969564674544,59859.428850188284,FAULT,87.7,High,SEED
2026-06-01 05:51:40,SEED-543,1339.0945003091365,441.0944997683413,1.0644303060600087,0.07177544379450662,282.1193593458673,NORMAL,77.7,Low,SEED
2026-06-01 06:01:40,SEED-544,1411.4476655803003,449.65298025412955,1.1406635129132852,0.03155094273640913,281.2171850352508,NORMAL,90.2,Low,SEED
2026-06-01 06:11:40,SEED-545,1354.3787185103274,450.29054137409815,1.1200210001862005,0.45384080200491095,287.47572776216134,NORMAL,92.4,Low,SEED
2026-06-01 06:21:40,SEED-546,1338.2484201056086,449.3792665413294,1.0858321631529027,0.20284782989947914,290.9755599995565,NORMAL,73.7,Low,SEED
2026-06-01 06:31:40,SEED-547,8685.962640578826,1195.459918259452,7.708357247715928,211.68839227186095,61663.929798405865,FAULT,87.4,High,SEED
2026-06-01 06:41:40,SEED-548,9120.504772949098,1149.0902645014137,7.810996754231082,156.9304939983249,62384.73336889776,FAULT,77.6,High,SEED
2026-06-01 06:51:40,SEED-549,8865.870560373643,1178.0289650435275,8.058712637797464,43.47488977023704,60575.35275255482,FAULT,89.2,High,SEED
2026-06-01 07:01:40,SEED-550,9129.591787532727,1105.6872771973444,8.028087776778907,336.8141588344524,61930.4237974663,FAULT,78.9,High,SEED
2026-06-01 07:11:40,SEED-551,1349.8747983314806,454.66198212333256,1.0659107467354356,0.018033039415778163,283.9440526284673,NORMAL,80.2,Low,SEED
2026-06-01 07:21:40,SEED-552,1406.736235571494,448.6286172403154,1.0487144369420218,0.2749759300553638,287.4682337680744,NORMAL,80.4,Low,SEED
2026-06-01 07:31:40,SEED-553,1283.8837301474462,453.47854535399944,1.0829467934593178,0.21614084302481107,300.96797547170377,NORMAL,86.6,Low,SEED
2026-06-01 07:41:40,SEED-554,1411.6973167522494,467.50035771394107,1.086745238502005,0.360105660555754,286.96279929722124,NORMAL,81.1,Low,SEED
2026-06-01 07:51:40,SEED-555,9304.937632264468,1098.7522730004218,8.303759444778393,43.47102790308463,61940.46601279948,FAULT,79.5,High,SEED
2026-06-01 08:01:40,SEED-556,1363.2171662619337,444.05532108791925,1.1408926194265283,0.6062211616531856,281.80980301487466,NORMAL,82.5,Low,SEED
2026-06-01 08:11:40,SEED-557,1411.512792096426,453.5731447811787,1.1304395680078403,0.2185727490646867,291.177407188695,NORMAL,87.4,Low,SEED
2026-06-01 08:21:40,SEED-558,1323.2642286380149,446.16953643137373,1.1314349960044447,0.37717239554772775,278.13530787114865,NORMAL,75.8,Low,SEED
2026-06-01 08:31:40,SEED-559,1396.7216944917188,464.62695738798845,1.0812522940289337,0.23164680336652665,275.5038558786088,NORMAL,72.0,Low,SEED
2026-06-01 08:41:40,SEED-560,5235.619308952332,839.9255717373826,4.405045008586217,56.383003735619354,18866.032711181146,NORMAL,93.0,Medium,SEED
2026-06-01 08:51:40,SEED-561,1340.785203215221,455.54191409619483,1.1347487180909592,0.2323134040525643,293.10106805180544,NORMAL,76.8,Low,SEED
2026-06-01 09:01:40,SEED-562,1349.181905229472,479.8209758016373,1.0931195498390476,0.10976683612195615,302.2571491786271,NORMAL,85.7,Low,SEED
2026-06-01 09:11:40,SEED-563,1308.1141270671912,459.6226028520007,1.0891516644367536,0.24776203104802708,292.532771964886,NORMAL,75.7,Low,SEED
2026-06-01 09:21:40,SEED-564,4981.783517884778,831.4426964531114,4.61096934386134,49.50951899019947,18572.423247201416,NORMAL,93.0,Medium,SEED
2026-06-01 09:31:40,SEED-565,1388.255164762459,466.648674908274,1.104009170817383,0.18412826090025725,286.76910959021956,NORMAL,88.3,Low,SEED
2026-06-01 09:41:40,SEED-566,5217.390392576394,806.83846910956,4.332986197107845,22.753351944634232,18516.774459159114,NORMAL,93.0,Medium,SEED
2026-06-01 09:51:40,SEED-567,1358.2120027676415,455.7830267511378,1.0701078738652878,0.32650551149981943,278.0541624707849,NORMAL,93.4,Low,SEED
2026-06-01 10:01:40,SEED-568,1304.8290774207676,482.69778702115576,1.1130943424899247,0.08056678996780953,276.10489969347367,NORMAL,75.0,Low,SEED
2026-06-01 10:11:40,SEED-569,1317.041297054642,486.6921102499624,1.1103306386350436,0.345737165807237,278.51770053995693,NORMAL,90.5,Low,SEED
2026-06-01 10:21:40,SEED-570,1371.3812440173845,471.8054454983964,1.0512711777619714,0.13032763193514096,303.9982472447956,NORMAL,82.7,Low,SEED
2026-06-01 10:31:40,SEED-571,5241.069372730713,778.1986094584354,4.599576776022067,11.127196604303435,18200.582533349192,NORMAL,93.0,Medium,SEED
2026-06-01 10:41:40,SEED-572,1357.8398321272425,466.67639951913696,1.082180378483872,0.28996083821697294,296.678548812128,NORMAL,73.2,Low,SEED
2026-06-01 10:51:40,SEED-573,1412.2029439359555,457.01138773259413,1.1442430118177205,0.5273390745444946,280.6071519740353,NORMAL,93.7,Low,SEED
2026-06-01 11:01:40,SEED-574,8747.64999703461,1106.4069603220232,8.137093628974835,118.40676590667817,59613.33260702735,FAULT,89.3,High,SEED
2026-06-01 11:11:40,SEED-575,1297.190239487223,450.64556148837517,1.0735891476556516,0.027191559806550636,296.22069373368953,NORMAL,71.2,Low,SEED
2026-06-01 11:21:40,SEED-576,1330.9849245257403,451.8447314012951,1.1431737920588398,0.0455806577970419,297.9558597033689,NORMAL,72.5,Low,SEED
2026-06-01 11:31:40,SEED-577,1309.2322052098468,458.62966008587756,1.0923641342822077,0.10639549617706479,293.00488125225553,NORMAL,81.8,Low,SEED
2026-06-01 11:41:40,SEED-578,1328.8468376313765,477.58346641178014,1.1226190548419173,0.18568102698416844,296.9140264964273,NORMAL,85.2,Low,SEED
2026-06-01 11:51:40,SEED-579,1299.3943693302128,448.2609147974987,1.1184364795197819,0.012989225419296702,288.5445551635388,NORMAL,70.1,Low,SEED
2026-06-01 12:01:40,SEED-580,9277.350557683741,1152.4568994218923,7.72892259124334,143.37803446835665,61694.8497446324,FAULT,72.5,High,SEED
2026-06-01 12:11:40,SEED-581,1299.4372207655736,474.63724727682023,1.1244404000306074,0.2635064627020194,285.8459413627856,NORMAL,85.1,Low,SEED
2026-06-01 12:21:40,SEED-582,1324.048212291426,455.002024106102,1.0562770697701678,0.158135552715315,284.8862705933901,NORMAL,85.4,Low,SEED
2026-06-01 12:31:40,SEED-583,1390.2900453675918,449.12185496459426,1.054918540377166,0.08381348552630197,303.6552346939007,NORMAL,78.1,Low,SEED
2026-06-01 12:41:40,SEED-584,4929.670072871677,823.9335393673796,4.622017049753941,20.728998902330545,18007.96082446287,NORMAL,93.0,Medium,SEED
2026-06-01 12:51:40,SEED-585,5006.494705897635,828.1520601032867,4.315862819420692,16.730365782358376,18895.06503635985,NORMAL,93.0,Medium,SEED
2026-06-01 13:01:40,SEED-586,1360.3606391483738,462.7948973823739,1.1357992812212039,0.3565551059027001,292.31796937880256,NORMAL,94.3,Low,SEED
2026-06-01 13:11:40,SEED-587,5181.904192087535,819.2424077208575,4.330989396128961,26.338055782252923,17827.756285185784,NORMAL,93.0,Medium,SEED
2026-06-01 13:21:40,SEED-588,1308.6804566439723,466.7728353142819,1.0820546734602816,0.12012730048820419,297.59152807419497,NORMAL,83.2,Low,SEED
2026-06-01 13:31:40,SEED-589,1397.2792941332882,468.6361584724701,1.1385136337885255,0.23807046164151835,297.7772755601146,NORMAL,79.5,Low,SEED
2026-06-01 13:41:40,SEED-590,5192.374528524338,816.0143332242721,4.396091594730808,11.510518495927954,17208.653375038164,NORMAL,93.0,Medium,SEED
2026-06-01 13:51:40,SEED-591,1317.3082052437535,483.9611710381611,1.0682713173602674,0.144694477893748,285.9683709710326,NORMAL,73.7,Low,SEED
2026-06-01 14:01:40,SEED-592,5184.605887538633,773.0963022642939,4.303406056266127,77.74909040774082,18324.60391274844,NORMAL,93.0,Medium,SEED
2026-06-01 14:11:40,SEED-593,1347.8026645989323,454.45618428695605,1.149961331713624,0.0317503649490094,284.60598434252677,NORMAL,92.1,Low,SEED
2026-06-01 14:21:40,SEED-594,4845.888213033019,818.391769533193,4.482252294954644,2.3054038957841385,18701.806271991638,NORMAL,93.0,Medium,SEED
2026-06-01 14:31:40,SEED-595,4757.261499774915,770.0853162227098,4.546748485607214,0.9262596804197756,17415.432529734124,NORMAL,93.0,Medium,SEED
2026-06-01 14:41:40,SEED-596,1388.6289529293356,486.8293116996572,1.1304564109367563,0.2650126757628888,288.1074109467264,NORMAL,80.2,Low,SEED
2026-06-01 14:51:40,SEED-597,5027.497826458214,775.4004687498394,4.589208658738088,17.79947708956638,18780.808771494416,NORMAL,93.0,Medium,SEED
2026-06-01 15:01:40,SEED-598,9031.11172765017,1100.5128135323753,7.739945090129687,280.533261927264,57910.59332652588,FAULT,80.8,High,SEED
2026-06-01 15:11:40,SEED-599,1381.9842935871106,445.52044368312124,1.1357324804072806,0.17905615805164743,283.0089480624023,NORMAL,78.7,Low,SEED
2026-06-01 15:21:40,SEED-600,8887.831840977296,1103.698592205266,7.671339227276346,134.25768564623104,61021.93747923145,FAULT,93.7,High,SEED
2026-06-01 15:31:40,SEED-601,8665.46700546037,1152.1768797089558,8.132810951272528,222.6103448714773,61372.50140116837,FAULT,72.9,High,SEED
2026-06-01 15:41:40,SEED-602,1345.0150631480317,469.51666858288417,1.052368756303816,0.5098519474105601,278.5002334270634,NORMAL,72.1,Low,SEED
2026-06-01 15:51:40,SEED-603,9272.948456141916,1196.834457272606,8.355247243147618,259.3599346466633,60430.95319547221,FAULT,76.9,High,SEED
2026-06-01 16:01:40,SEED-604,5028.1883089057665,771.3115451820014,4.638575838608322,33.01617785246583,18311.880295255698,NORMAL,93.0,Medium,SEED
2026-06-01 16:11:40,SEED-605,8815.432927207477,1121.2551476146512,7.945308337776317,236.84645484285898,60848.96985402421,FAULT,83.1,High,SEED
2026-06-01 16:21:40,SEED-606,1288.0963101307957,462.0317592971875,1.1305202485650854,0.28996501321969603,296.798098552953,NORMAL,82.9,Low,SEED
2026-06-01 16:31:40,SEED-607,9382.709384395332,1181.899417043231,7.907290746302002,387.4061637868854,58213.52793561738,FAULT,79.6,High,SEED
2026-06-01 16:41:40,SEED-608,1313.1367471591057,451.0322838279047,1.102933000432534,0.5413069178408207,289.8499696808705,NORMAL,77.8,Low,SEED
2026-06-01 16:51:40,SEED-609,5217.450943906554,801.7053927145134,4.690876954859671,58.085502617524526,18277.82084072352,NORMAL,93.0,Medium,SEED
2026-06-01 17:01:40,SEED-610,1350.6274370197525,448.18697750987417,1.1357018241557117,0.025909596115400113,298.12003985285935,NORMAL,79.4,Low,SEED
2026-06-01 17:11:40,SEED-611,1411.2069710045766,457.8068172043677,1.141321314594724,0.7261581597610629,295.4251784775677,NORMAL,82.4,Low,SEED
2026-06-01 17:21:40,SEED-612,9230.908425765892,1186.4499510750854,7.970262028484437,195.48957685872983,59613.29625691377,FAULT,85.5,High,SEED
2026-06-01 17:31:40,SEED-613,8959.586387448242,1202.2923327718784,7.986883129266558,48.058822235713706,61448.975977661714,FAULT,81.3,High,SEED
2026-06-01 17:41:40,SEED-614,4912.957967350226,833.9832047336636,4.420580473624057,9.913126981881078,17206.789808204256,NORMAL,93.0,Medium,SEED
2026-06-01 17:51:40,SEED-615,4800.476104600578,792.7305528678614,4.568622283537575,12.237603104447885,18784.78461267234,NORMAL,93.0,Medium,SEED
2026-06-01 18:01:40,SEED-616,1324.5642215974967,484.8747115160805,1.1537617780785792,0.37960046431253236,285.42828642051916,NORMAL,86.1,Low,SEED
2026-06-01 18:11:40,SEED-617,4934.274640600058,833.552002858578,4.673641392407041,45.708892215747255,18420.594749709966,NORMAL,93.0,Medium,SEED
2026-06-01 18:21:40,SEED-618,1332.6878621397177,475.7220273936211,1.109669431075261,0.46877459621636675,296.2971825455512,NORMAL,84.0,Low,SEED
2026-06-01 18:31:40,SEED-619,1354.8604779692616,469.9808885253385,1.0838122888493023,0.12984512755663502,295.6111239289783,NORMAL,83.7,Low,SEED
2026-06-01 18:41:40,SEED-620,1286.041055675953,451.4105696537285,1.109497211003402,0.5817424075942661,295.2014337776467,NORMAL,83.3,Low,SEED
2026-06-01 18:51:40,SEED-621,8675.65387621119,1103.0834219728065,7.935150332503937,159.48267347797605,58843.12945459148,FAULT,92.4,High,SEED
2026-06-01 19:01:40,SEED-622,1345.183615478712,473.68631249447424,1.148692632632968,0.2699907967687789,294.5093203787037,NORMAL,89.6,Low,SEED
2026-06-01 19:11:40,SEED-623,1306.1712155532266,484.8396611580996,1.112580990102467,0.5487299637183192,304.4197351925065,NORMAL,91.5,Low,SEED
2026-06-01 19:21:40,SEED-624,1362.10220224737,483.58064152427175,1.1169487252135337,0.19462866031733483,295.31552427873714,NORMAL,89.2,Low,SEED
2026-06-01 19:31:40,SEED-625,1323.9025247258285,443.63397998345704,1.0622769724701893,0.32429767439432666,276.4841953742245,NORMAL,77.7,Low,SEED
2026-06-01 19:41:40,SEED-626,1368.5334119653305,464.6994083007219,1.1338421119221063,0.28371965977428193,295.2484092343993,NORMAL,70.9,Low,SEED
2026-06-01 19:51:40,SEED-627,5119.508683100253,804.2756312113801,4.4441073476749615,54.16446318502449,17127.22703277119,NORMAL,93.0,Medium,SEED
2026-06-01 20:01:40,SEED-628,1344.8971466482633,454.0779898234061,1.0859795246028519,0.6771442358953612,295.93527611337635,NORMAL,71.1,Low,SEED
2026-06-01 20:11:40,SEED-629,1370.4302948775567,477.5613216833334,1.1066329206022867,0.09056480565996505,292.62965316919014,NORMAL,83.0,Low,SEED
2026-06-01 20:21:40,SEED-630,1308.3337554419531,477.6530705930108,1.1200614417243568,0.008624127426001493,278.1540736812615,NORMAL,88.6,Low,SEED
2026-06-01 20:31:40,SEED-631,1316.864693098562,458.65549020862125,1.131470941635983,0.22942686516440158,288.9588591204379,NORMAL,81.4,Low,SEED
2026-06-01 20:41:40,SEED-632,1394.795020235643,484.4169445377602,1.1141789931775163,0.2179107715243358,288.70536792750306,NORMAL,85.5,Low,SEED
2026-06-01 20:51:40,SEED-633,5057.603862349503,788.6615549211954,4.646949748132457,35.695846994757176,18717.11605145465,NORMAL,93.0,Medium,SEED
2026-06-01 21:01:40,SEED-634,1350.9828998264038,480.3101243605829,1.154623789827233,0.31214149437089844,280.7744029495641,NORMAL,72.6,Low,SEED
2026-06-01 21:11:40,SEED-635,1283.2658508496727,444.78782223834605,1.0732076751904085,0.12411430351619845,298.75614832327057,NORMAL,70.4,Low,SEED
2026-06-01 21:21:40,SEED-636,1289.460109276851,471.6568410971983,1.0525000336706822,0.16830563894130535,302.41908304520706,NORMAL,88.6,Low,SEED
2026-06-01 21:31:40,SEED-637,1372.29347163321,468.0094140400605,1.083989373125713,0.23048141159363755,279.02649314188164,NORMAL,86.7,Low,SEED
2026-06-01 21:41:40,SEED-638,1295.288984368626,457.5489171823061,1.0637464161856816,0.4356681383641625,290.83931267608716,NORMAL,89.4,Low,SEED
2026-06-01 21:51:40,SEED-639,1372.755604439761,442.18738184197844,1.0491703233219627,0.6338273893184319,276.9276887153061,NORMAL,73.4,Low,SEED
2026-06-01 22:01:40,SEED-640,1305.3075996374268,465.38580337467,1.116608885689192,0.47325332300779177,290.9871856820932,NORMAL,89.3,Low,SEED
2026-06-01 22:11:40,SEED-641,4825.89944947052,782.7604744335617,4.37436249356769,19.596424831781633,17233.462888432347,NORMAL,93.0,Medium,SEED
2026-06-01 22:21:40,SEED-642,1330.107163999129,467.5380447735017,1.0941402455060378,0.6332373943249845,298.4513492354314,NORMAL,85.7,Low,SEED
2026-06-01 22:31:40,SEED-643,1376.2080796986231,466.20746806690426,1.1442716695925217,0.004190961906692436,302.3419576369174,NORMAL,80.8,Low,SEED
2026-06-01 22:41:40,SEED-644,1386.247049571951,467.2517905608277,1.0678373184268428,0.041096562388887925,276.84583271988953,NORMAL,87.8,Low,SEED
2026-06-01 22:51:40,SEED-645,5112.813091858427,785.5651430018276,4.490632674222852,20.546287026647747,17693.06085199601,NORMAL,93.0,Medium,SEED
2026-06-01 23:01:40,SEED-646,5177.480030787676,769.0318882871267,4.696409918267034,19.26325281995082,17835.009330658195,NORMAL,93.0,Medium,SEED
2026-06-01 23:11:40,SEED-647,1327.930469709428,460.4906279240049,1.1118540894115305,0.058039443243786515,276.3927228144618,NORMAL,86.2,Low,SEED
2026-06-01 23:21:40,SEED-648,1342.7528914596878,455.54193153116046,1.0814477305337693,0.10006305497489532,297.4376880298489,NORMAL,78.8,Low,SEED
2026-06-01 23:31:40,SEED-649,1294.7381620642818,474.3415082034325,1.1236003297619708,0.5273936317717833,302.244377637804,NORMAL,89.9,Low,SEED
2026-06-01 23:41:40,SEED-650,1344.727624983349,451.8572154394215,1.127749686712036,0.3949567431946832,302.14698201067466,NORMAL,83.5,Low,SEED
2026-06-01 23:51:40,SEED-651,1349.715006372195,470.27204398270743,1.1170384263093385,0.12273121999224923,299.47391916330594,NORMAL,71.8,Low,SEED
2026-06-02 00:01:40,SEED-652,1300.349836425016,462.5626945993127,1.0532025548818902,0.01040513573250923,288.7358360182247,NORMAL,89.1,Low,SEED
2026-06-02 00:11:40,SEED-653,1359.9910319406893,445.3979526943253,1.0939959774754113,0.16605036541772655,278.9139329211949,NORMAL,85.1,Low,SEED
2026-06-02 00:21:40,SEED-654,1337.278340555608,443.58953911653083,1.138745872629536,0.47439156578515096,279.4455322101368,NORMAL,75.4,Low,SEED
2026-06-02 00:31:40,SEED-655,5209.635352446433,786.5383285999726,4.632565369727081,27.431203738045838,18032.246311601328,NORMAL,93.0,Medium,SEED
2026-06-02 00:41:40,SEED-656,5189.516459300841,762.1957159826813,4.316883083945701,29.070387605363862,17615.072325572637,NORMAL,93.0,Medium,SEED
2026-06-02 00:51:40,SEED-657,1410.3096804847721,447.52594210918033,1.0828908136158772,0.060402484417846125,277.7170676657749,NORMAL,79.2,Low,SEED
2026-06-02 01:01:40,SEED-658,8943.470576465224,1121.8000178006416,8.214802347840935,200.7089305711952,59997.470790892075,FAULT,94.5,High,SEED
2026-06-02 01:11:40,SEED-659,1359.406363176918,471.13850556272314,1.0788194716540274,0.16037316876264462,284.75247144584574,NORMAL,73.0,Low,SEED
2026-06-02 01:21:40,SEED-660,1404.2191606234485,486.95159093568316,1.1165918349422959,0.040835838829976545,287.8981368793904,NORMAL,88.3,Low,SEED
2026-06-02 01:31:40,SEED-661,1361.0237469611934,480.32126215730636,1.133001324673149,0.11176247013788299,289.5202401115053,NORMAL,94.8,Low,SEED
2026-06-02 01:41:40,SEED-662,1370.3922398612565,441.36274781441375,1.122245732070435,0.07259630380765447,286.6352709636881,NORMAL,88.1,Low,SEED
2026-06-02 01:51:40,SEED-663,1362.650452774145,484.3802026409452,1.0771136726616506,0.33246492768402547,278.7885173133951,NORMAL,91.1,Low,SEED
2026-06-02 02:01:40,SEED-664,1374.237885214633,474.44842908881986,1.1112236965247544,0.11939920592075559,288.0064598365444,NORMAL,74.6,Low,SEED
2026-06-02 02:11:40,SEED-665,5189.191208106896,792.4273896158652,4.708054983230097,12.05039548982404,17170.64242707158,NORMAL,93.0,Medium,SEED
2026-06-02 02:21:40,SEED-666,4794.1460725496,823.0142416286478,4.62905194633994,5.429374138166736,18056.448442923916,NORMAL,93.0,Medium,SEED
2026-06-02 02:31:40,SEED-667,1313.294080464296,467.39894699483403,1.0770967834109604,0.2650540290489607,292.4275877156871,NORMAL,89.0,Low,SEED
2026-06-02 02:41:40,SEED-668,1289.6353297681592,449.4143360399619,1.1058720820619827,0.00458529507598282,279.67592715777255,NORMAL,76.4,Low,SEED
2026-06-02 02:51:40,SEED-669,5138.959564028041,795.5908543204152,4.449345706703294,0.9451933900771792,17855.26057471809,NORMAL,93.0,Medium,SEED
2026-06-02 03:01:40,SEED-670,1322.8426818873302,481.78474510819154,1.0683537932995806,0.1754249059591837,279.5451001446867,NORMAL,79.7,Low,SEED
2026-06-02 03:11:40,SEED-671,1382.4565671121363,475.7191356729545,1.1009909199172407,0.05141507630826858,283.31911355919914,NORMAL,87.1,Low,SEED
2026-06-02 03:21:40,SEED-672,1300.5125122138245,444.69437931602255,1.1357522953983727,0.01581452055735788,301.63703666078123,NORMAL,73.5,Low,SEED
2026-06-02 03:31:40,SEED-673,1366.2836594704206,456.19045335349665,1.0623236243325875,0.17891871680838722,284.59122699393805,NORMAL,88.9,Low,SEED
2026-06-02 03:41:40,SEED-674,1284.5374819713813,459.16106096634803,1.1141839015424788,0.5758779306941291,286.7676048871809,NORMAL,79.4,Low,SEED
2026-06-02 03:51:40,SEED-675,1327.6426564595379,481.61714479645104,1.0744105846585346,0.23531953143181905,280.49375121295105,NORMAL,82.2,Low,SEED
2026-06-02 04:01:40,SEED-676,1336.2146773547113,463.0225909054208,1.1001315275066468,0.432758742755901,298.87178840710027,NORMAL,81.5,Low,SEED
2026-06-02 04:11:40,SEED-677,9054.750050767056,1165.5437028733131,8.29542753942354,206.17288735360444,61041.173101367625,FAULT,94.0,High,SEED
2026-06-02 04:21:40,SEED-678,1304.5421369646947,467.1378112930289,1.1480541263554513,0.059117790131963055,293.91897954665944,NORMAL,94.2,Low,SEED
2026-06-02 04:31:40,SEED-679,4767.653012674312,828.1736502257228,4.4689878631682864,5.677268967378609,18327.211698481195,NORMAL,93.0,Medium,SEED
2026-06-02 04:41:40,SEED-680,1368.6700633454316,450.9765998348218,1.1506364486325469,0.36854134257240023,284.1884904263734,NORMAL,72.0,Low,SEED
2026-06-02 04:51:40,SEED-681,5049.013304288814,819.6476048543424,4.469533280541846,19.64963782121754,17304.17458773473,NORMAL,93.0,Medium,SEED
2026-06-02 05:01:40,SEED-682,1352.1036471865925,469.2401852965287,1.0580124065512775,0.0791647799687949,286.7226496447194,NORMAL,85.7,Low,SEED
2026-06-02 05:11:40,SEED-683,1291.1687841255784,479.9269925753686,1.1402165646178046,0.28860279814516065,296.7298771217949,NORMAL,88.6,Low,SEED
2026-06-02 05:21:40,SEED-684,1401.3370495970785,451.4317857354049,1.0531885732085096,0.27376529850124776,277.33075043211346,NORMAL,83.7,Low,SEED
2026-06-02 05:31:40,SEED-685,1374.7451276137494,483.609349692425,1.1502939167728559,0.5167547995991253,292.53167775424436,NORMAL,90.7,Low,SEED
2026-06-02 05:41:40,SEED-686,1391.962411369063,481.1490628497254,1.0773200658947106,0.2757593280349333,293.3461068433553,NORMAL,93.7,Low,SEED
2026-06-02 05:51:40,SEED-687,4861.975926679019,831.0474639628565,4.682384505304293,61.19394058399507,18553.56862911679,NORMAL,93.0,Medium,SEED
2026-06-02 06:01:40,SEED-688,4882.558907448624,762.2774940742667,4.6465911251222,24.28237885534145,17515.197441555105,NORMAL,93.0,Medium,SEED
2026-06-02 06:11:40,SEED-689,1306.0543597370304,461.3491422487157,1.080522107071795,0.34198345297093,276.53131894272065,NORMAL,84.5,Low,SEED
2026-06-02 06:21:40,SEED-690,1398.624466851515,441.1090311053363,1.0908583463164294,0.5937786928964268,284.3039366945108,NORMAL,94.4,Low,SEED
2026-06-02 06:31:40,SEED-691,1295.7261114992323,442.7667675042065,1.0778618483669673,0.05615989899012863,298.3573548547415,NORMAL,82.9,Low,SEED
2026-06-02 06:41:40,SEED-692,8589.307076679808,1185.8846553730357,7.7706031391852965,241.3665280826158,59962.60054015181,FAULT,75.4,High,SEED
2026-06-02 06:51:40,SEED-693,1406.7309771000732,446.21493433457886,1.1369686864590938,0.03944670673516537,283.6768687563954,NORMAL,78.6,Low,SEED
2026-06-02 07:01:40,SEED-694,9122.980286670194,1141.4602834837058,8.167369606808652,140.77714076938014,62841.15679292471,FAULT,80.9,High,SEED
2026-06-02 07:11:40,SEED-695,1283.987765256967,450.94953163396053,1.0610715443590857,0.4114738880489863,302.1757313977422,NORMAL,74.3,Low,SEED
2026-06-02 07:21:40,SEED-696,1290.2709359689936,463.41524425725623,1.0750259418064156,0.17742242231235128,300.28579966759827,NORMAL,87.7,Low,SEED
2026-06-02 07:31:40,SEED-697,1410.9644585019328,485.81397169799914,1.0761986678225541,0.5303942744018357,276.4067952711617,NORMAL,80.0,Low,SEED
2026-06-02 07:41:40,SEED-698,4976.790352669027,779.6661525011277,4.540551264613794,6.46102478487694,18568.526721585837,NORMAL,93.0,Medium,SEED
2026-06-02 07:51:40,SEED-699,4957.464574179546,784.1773524211774,4.631840525790722,16.719453963524984,18665.644759710223,NORMAL,93.0,Medium,SEED
2026-06-02 08:01:40,SEED-700,1396.4987044419495,459.2766777117962,1.1149824339387235,0.21876243401777806,301.21489595334,NORMAL,81.7,Low,SEED
2026-06-02 08:11:40,SEED-701,1349.3416954795139,456.5476889907313,1.069204267233281,0.08235265198271424,302.14605451238987,NORMAL,79.6,Low,SEED
2026-06-02 08:21:40,SEED-702,1357.5891506827054,448.6565917822486,1.1502350239698156,0.09932554991926068,281.58010884290815,NORMAL,87.3,Low,SEED
2026-06-02 08:31:40,SEED-703,1311.8316420283218,465.639291376454,1.0639005029298674,0.09803143350184218,278.19194466441627,NORMAL,81.7,Low,SEED
2026-06-02 08:41:40,SEED-704,1382.2237131969503,476.69475901342383,1.1029987375101529,0.27296053904989837,281.2861497013114,NORMAL,72.6,Low,SEED
2026-06-02 08:51:40,SEED-705,1301.9127869501094,446.38424467772813,1.0494423466776568,0.08936928769925334,278.8215725343864,NORMAL,85.4,Low,SEED
2026-06-02 09:01:40,SEED-706,1351.5873591664397,461.98002453203014,1.1343395150072293,0.08297969892517543,300.72623869502405,NORMAL,86.7,Low,SEED
2026-06-02 09:11:40,SEED-707,4864.298286249039,828.688583072068,4.6782605457490005,41.638599320708636,17235.94407264847,NORMAL,93.0,Medium,SEED
2026-06-02 09:21:40,SEED-708,1401.4701395939405,469.2351819611064,1.0499630082608669,0.08530039253688049,284.46410419566564,NORMAL,87.2,Low,SEED
2026-06-02 09:31:40,SEED-709,1338.7751380940902,469.78123050010527,1.142585232695532,0.2076475769052708,287.2637568332271,NORMAL,70.6,Low,SEED
2026-06-02 09:41:40,SEED-710,4915.539697680943,773.8162569440915,4.512677505235817,1.1278416531183666,18679.98034194337,NORMAL,93.0,Medium,SEED
2026-06-02 09:51:40,SEED-711,1403.1621862244926,458.22287488580156,1.1439682425425826,0.5418184855299959,282.18339644190377,NORMAL,70.8,Low,SEED
2026-06-02 10:01:40,SEED-712,9070.002372916384,1195.3241571748692,8.251650010772032,210.66181852718773,61672.657518408945,FAULT,81.9,High,SEED
2026-06-02 10:11:40,SEED-713,5078.29907667102,816.107491670181,4.314918243826691,25.800763746024472,17882.651025976666,NORMAL,93.0,Medium,SEED
2026-06-02 10:21:40,SEED-714,1356.2484159944856,447.80173933721767,1.1101652024624213,0.584065217538245,292.7627875508659,NORMAL,78.0,Low,SEED
2026-06-02 10:31:40,SEED-715,1398.2697880240157,463.6331895337296,1.1231074021242091,0.11631361916059824,281.9707292908418,NORMAL,81.8,Low,SEED
2026-06-02 10:41:40,SEED-716,1401.581722115868,455.2120118463869,1.1267951146264055,0.0013855387816743558,292.5069993989382,NORMAL,86.0,Low,SEED
2026-06-02 10:51:40,SEED-717,4859.764762629618,770.8512589361773,4.451653242557806,22.19644249385101,18603.23783523146,NORMAL,93.0,Medium,SEED
2026-06-02 11:01:40,SEED-718,4888.240425028407,772.4210037728201,4.422569331301074,19.36124643579592,18287.479938166114,NORMAL,93.0,Medium,SEED
2026-06-02 11:11:40,SEED-719,9211.921935225715,1176.9364777299065,8.125239538147003,114.91411320340626,59214.69882136638,FAULT,93.2,High,SEED
2026-06-02 11:21:40,SEED-720,5039.827282286027,791.8087399280761,4.57596665535866,17.248415653038137,17357.919002181967,NORMAL,93.0,Medium,SEED
2026-06-02 11:31:40,SEED-721,1408.865291221064,468.6189618470755,1.1199657785486057,0.09314099952255273,280.84401448744234,NORMAL,79.2,Low,SEED
2026-06-02 11:41:40,SEED-722,1413.7569361179292,464.9922616357916,1.063594636206671,0.4779490654154639,277.02870449774946,NORMAL,82.8,Low,SEED
2026-06-02 11:51:40,SEED-723,1350.0706891075965,465.549976309968,1.1248812440165648,0.20749575389584862,293.2648112549339,NORMAL,75.4,Low,SEED
2026-06-02 12:01:40,SEED-724,4860.514591070065,818.6195564909619,4.293678513415477,27.571615493953686,18449.941303466105,NORMAL,93.0,Medium,SEED
2026-06-02 12:11:40,SEED-725,5040.42824374538,839.6271901488373,4.562690327208638,33.2526883539515,17910.12461416778,NORMAL,93.0,Medium,SEED
2026-06-02 12:21:40,SEED-726,1309.7050215904233,479.17880832402,1.060130734724403,0.167943611358516,280.6160483986645,NORMAL,80.0,Low,SEED
2026-06-02 12:31:40,SEED-727,4905.22555392431,783.9539949164692,4.677207241381073,27.858010401365846,17689.856148730818,NORMAL,93.0,Medium,SEED
2026-06-02 12:41:40,SEED-728,1384.4306735470307,460.9770865387993,1.0802859562263778,0.24772452215613683,288.9097448734023,NORMAL,72.3,Low,SEED
2026-06-02 12:51:40,SEED-729,1332.1861440268433,442.9019893234645,1.1003465444696614,0.47567451392056803,292.303840007041,NORMAL,92.1,Low,SEED
2026-06-02 13:01:40,SEED-730,1353.001346596105,469.8921980824617,1.083416978127499,0.10161222059718344,280.20100917177433,NORMAL,84.2,Low,SEED
2026-06-02 13:11:40,SEED-731,9389.243717287836,1175.135696665607,8.110219888820488,337.2697360088057,58804.49502758382,FAULT,93.2,High,SEED
2026-06-02 13:21:40,SEED-732,8757.655084914979,1167.4133513426439,7.693660900820316,96.30580606145713,62327.26329120528,FAULT,90.0,High,SEED
2026-06-02 13:31:40,SEED-733,1394.8455535346798,464.6485432829043,1.1084142889898787,0.2960810509079188,281.0636563369953,NORMAL,71.4,Low,SEED
2026-06-02 13:41:40,SEED-734,5056.525866781821,815.2115270115733,4.675572322973131,8.593335506651215,17238.156040843154,NORMAL,93.0,Medium,SEED
2026-06-02 13:51:40,SEED-735,1396.070301366981,459.6273134394596,1.0886784054572036,0.6632220089629675,288.978085973605,NORMAL,84.5,Low,SEED
2026-06-02 14:01:40,SEED-736,1360.65266403549,481.0409044663235,1.109017421067225,0.36339551914107737,280.71126766112775,NORMAL,79.6,Low,SEED
2026-06-02 14:11:40,SEED-737,5186.903613171543,810.2868658382608,4.558589482482554,22.494637786272165,17919.247535028968,NORMAL,93.0,Medium,SEED
2026-06-02 14:21:40,SEED-738,8972.41621951051,1199.5045970125182,7.827399504399972,145.96984793006186,60424.79433897799,FAULT,83.2,High,SEED
2026-06-02 14:31:40,SEED-739,1330.345941438673,452.2460920403092,1.0714583530726467,0.30821371719641544,299.5747708154786,NORMAL,71.7,Low,SEED
2026-06-02 14:41:40,SEED-740,1283.9794190467499,469.53273004955645,1.0892334519521996,0.042619011902323756,302.41019813752536,NORMAL,81.1,Low,SEED
2026-06-02 14:51:40,SEED-741,5231.444333125852,825.2926269167249,4.6154181747606895,8.454920534535177,18276.78278532474,NORMAL,93.0,Medium,SEED
2026-06-02 15:01:40,SEED-742,1354.2324933187347,462.7803749667913,1.1251159606973393,0.3063127978009108,294.3022681939859,NORMAL,84.7,Low,SEED
2026-06-02 15:11:40,SEED-743,1297.9758907024745,447.9594286551399,1.0598455125842423,0.3572147895519935,284.89261004759817,NORMAL,70.9,Low,SEED
2026-06-02 15:21:40,SEED-744,1345.0959781172376,480.0654168364453,1.085593486597019,0.025577876418563683,288.29353606255654,NORMAL,81.4,Low,SEED
2026-06-02 15:31:40,SEED-745,1415.151924042464,462.417880390649,1.1429798741939008,0.43532349212421284,282.8337829009906,NORMAL,73.8,Low,SEED
2026-06-02 15:41:40,SEED-746,4944.962134411941,820.3750776199607,4.6409492428478485,51.774921602237214,18722.49757847637,NORMAL,93.0,Medium,SEED
2026-06-02 15:51:40,SEED-747,5210.042699679239,803.5299195740711,4.40446398456919,23.13672003887143,17229.83403184468,NORMAL,93.0,Medium,SEED
2026-06-02 16:01:40,SEED-748,1293.7152812540892,460.8705591571353,1.075565898779465,0.42509876353179,284.0758621399373,NORMAL,82.6,Low,SEED
2026-06-02 16:11:40,SEED-749,1408.030792289658,455.0402628818689,1.0562136014317174,0.4886321823468034,283.35936095334046,NORMAL,80.7,Low,SEED
2026-06-02 16:21:40,SEED-750,1368.513100814832,469.93584381990877,1.0703166956382333,0.410026729482607,299.9924144026826,NORMAL,86.9,Low,SEED
2026-06-02 16:31:40,SEED-751,1319.2881055163102,486.7517479518109,1.0974682196706464,0.15968141584651896,293.4670198026651,NORMAL,79.6,Low,SEED
2026-06-02 16:41:40,SEED-752,9389.290609102327,1200.2247762750337,8.136851272151661,256.8660177711197,57854.14577849701,FAULT,80.0,High,SEED
2026-06-02 16:51:40,SEED-753,5194.908761988759,776.7314996717273,4.625177155035479,40.409163192158985,18279.76265565741,NORMAL,93.0,Medium,SEED
2026-06-02 17:01:40,SEED-754,1290.8726599564104,458.84681273809707,1.1354229800628415,0.4856846413800824,302.3799619816215,NORMAL,71.6,Low,SEED
2026-06-02 17:11:40,SEED-755,1284.416597893693,479.1862579653956,1.1000410787143546,0.0887831500237155,283.3721253763516,NORMAL,94.8,Low,SEED
2026-06-02 17:21:40,SEED-756,4823.098618278237,781.4806634602278,4.5073115859598945,26.0965043632159,17940.34990464132,NORMAL,93.0,Medium,SEED
2026-06-02 17:31:40,SEED-757,1331.3648984854162,467.3413056577782,1.0542179953377786,0.39669368194415444,283.531071923115,NORMAL,90.2,Low,SEED
2026-06-02 17:41:40,SEED-758,5001.249245658688,811.935662738434,4.7023743434076115,33.07148426312153,18674.690539085084,NORMAL,93.0,Medium,SEED
2026-06-02 17:51:40,SEED-759,1298.0910237230987,470.0411930639312,1.0581038124916087,0.6577943054935682,283.0307927464324,NORMAL,78.0,Low,SEED
2026-06-02 18:01:40,SEED-760,4751.648265251556,826.3814587691971,4.436212924735886,50.183067009682645,18152.7025075002,NORMAL,93.0,Medium,SEED
2026-06-02 18:11:40,SEED-761,8894.845557106908,1112.810258557333,7.968144820620759,314.768398752037,61357.10082673135,FAULT,75.5,High,SEED
2026-06-02 18:21:40,SEED-762,4918.29875115035,822.3364329436937,4.592042069016935,15.609526318934627,18573.78016786167,NORMAL,93.0,Medium,SEED
2026-06-02 18:31:40,SEED-763,4913.645383686825,811.1345705712293,4.7032572694941095,37.33362659610441,17766.35987965454,NORMAL,93.0,Medium,SEED
2026-06-02 18:41:40,SEED-764,4995.166167291359,833.416023334724,4.620477973334922,33.210407944720714,18786.696552375925,NORMAL,93.0,Medium,SEED
2026-06-02 18:51:40,SEED-765,5142.861858001736,793.1254040703792,4.376137940700524,17.85277609609136,18729.99904091032,NORMAL,93.0,Medium,SEED
2026-06-02 19:01:40,SEED-766,4810.6032269961015,824.8057147283088,4.619775346993252,17.467924062861243,18133.168275054544,NORMAL,93.0,Medium,SEED
2026-06-02 19:11:40,SEED-767,1288.089746715493,483.11526348740665,1.101267442110571,0.20580302543834605,284.90537646535205,NORMAL,71.4,Low,SEED
2026-06-02 19:21:40,SEED-768,4874.512576010232,770.8466565841297,4.700863853136126,23.764461634089002,18540.026596480653,NORMAL,93.0,Medium,SEED
2026-06-02 19:31:40,SEED-769,1300.079398357655,466.42351191440207,1.091337072537379,0.28073674834383144,282.5217733370526,NORMAL,74.8,Low,SEED
2026-06-02 19:41:40,SEED-770,5014.950151967775,817.2281326719549,4.4462204581346505,11.622643262165184,18894.216615424688,NORMAL,93.0,Medium,SEED
2026-06-02 19:51:40,SEED-771,1375.0442627401158,474.7966735398404,1.077213157326278,0.601733331958858,294.36761235769853,NORMAL,88.4,Low,SEED
2026-06-02 20:01:40,SEED-772,5120.296234250966,794.234307764738,4.364244212469879,36.40468840541155,17380.857030177867,NORMAL,93.0,Medium,SEED
2026-06-02 20:11:40,SEED-773,5009.959155143861,797.9022762715248,4.4872640459973026,5.528409566415235,17537.4057072733,NORMAL,93.0,Medium,SEED
2026-06-02 20:21:40,SEED-774,5020.247945859075,836.8278295643687,4.3334270868792215,10.066527053349091,18335.982379354704,NORMAL,93.0,Medium,SEED
2026-06-02 20:31:40,SEED-775,1378.273547230062,456.95328720054994,1.1495171391964705,0.29735437552923916,303.6093611472152,NORMAL,77.5,Low,SEED
2026-06-02 20:41:40,SEED-776,1317.7273951231282,472.48179460541814,1.0610235450705636,0.06734340275676765,290.4563522292092,NORMAL,82.9,Low,SEED
2026-06-02 20:51:40,SEED-777,1328.001952572153,469.3866813530933,1.1134045576715603,0.05162001297269203,297.60653767637893,NORMAL,82.8,Low,SEED
2026-06-02 21:01:40,SEED-778,4843.531487030272,801.6200715322732,4.418971438388992,20.504049199617043,18256.191313056184,NORMAL,93.0,Medium,SEED
2026-06-02 21:11:40,SEED-779,1351.5110051521162,465.0155469465415,1.1518448494138416,0.48638615155641673,289.2078299195477,NORMAL,93.8,Low,SEED
2026-06-02 21:21:40,SEED-780,4932.536766113723,797.9984433240521,4.712480437149943,43.313572735588195,17877.355816230353,NORMAL,93.0,Medium,SEED
2026-06-02 21:31:40,SEED-781,1300.1981377132045,444.47298252191155,1.052024349057348,0.37992118957868115,276.88039972811737,NORMAL,72.7,Low,SEED
2026-06-02 21:41:40,SEED-782,1394.5914524569007,464.40200339503554,1.1053051820849618,0.3459472755553197,282.7885671450757,NORMAL,85.9,Low,SEED
2026-06-02 21:51:40,SEED-783,4893.1537262636375,774.6891234377376,4.497499999673523,18.199404181472232,18821.27092570748,NORMAL,93.0,Medium,SEED
2026-06-02 22:01:40,SEED-784,1334.8091626824335,448.3597117349673,1.1374671832292713,0.05288068981628058,276.67985412289215,NORMAL,78.6,Low,SEED
2026-06-02 22:11:40,SEED-785,8796.499404267262,1202.075559271173,7.7350179127945,24.24724412571868,58014.687104720666,FAULT,87.3,High,SEED
2026-06-02 22:21:40,SEED-786,1347.8298773833778,445.85194361396753,1.1391569381096505,0.2317506588456748,295.4061409608863,NORMAL,89.1,Low,SEED
2026-06-02 22:31:40,SEED-787,1381.9100142249922,459.9360163526642,1.0836795092396434,0.5186459316825607,303.0030245117939,NORMAL,90.5,Low,SEED
2026-06-02 22:41:40,SEED-788,5189.787090995357,823.8442418193235,4.359441921822273,23.39159623382534,18699.178056266333,NORMAL,93.0,Medium,SEED
2026-06-02 22:51:40,SEED-789,1326.3044825609345,470.0212741844125,1.1166006287424541,0.0235640706374749,280.08947680361877,NORMAL,90.4,Low,SEED
2026-06-02 23:01:40,SEED-790,1409.0066250060524,462.33466617276866,1.1392690250308526,0.5853524518820876,288.31028048850453,NORMAL,76.2,Low,SEED
2026-06-02 23:11:40,SEED-791,4777.752970827796,766.5307724621306,4.50971747748647,11.178682669018372,17377.550745842203,NORMAL,93.0,Medium,SEED
2026-06-02 23:21:40,SEED-792,1359.6224143116708,458.76035544805615,1.1168861808991897,0.13561128972180292,279.31800375751703,NORMAL,75.5,Low,SEED
2026-06-02 23:31:40,SEED-793,1291.4055452628177,458.24194061806264,1.122093869396149,0.006201244456785382,296.59459888048144,NORMAL,74.4,Low,SEED
2026-06-02 23:41:40,SEED-794,1398.3177918933677,474.8030517771044,1.1316001367380828,0.019949595225593697,303.9110482380511,NORMAL,86.0,Low,SEED
2026-06-02 23:51:40,SEED-795,1372.9077557912335,478.4933049779311,1.1370073324394336,0.236614489071572,293.7066122826931,NORMAL,90.9,Low,SEED
2026-06-03 00:01:40,SEED-796,8913.884227506534,1181.1435745025772,7.60396989709165,46.39814988282569,58524.59936218793,FAULT,91.8,High,SEED
2026-06-03 00:11:40,SEED-797,8670.271126323256,1161.4039974662705,7.9352867202295645,236.9044431823695,61549.59614507333,FAULT,92.6,High,SEED
2026-06-03 00:21:40,SEED-798,5068.869798208629,831.9511869079797,4.309567966607434,59.01127345022235,17749.898978763686,NORMAL,93.0,Medium,SEED
2026-06-03 00:31:40,SEED-799,1395.9565057375216,475.9513495310466,1.14786138430693,0.21403741877252003,284.9888315067597,NORMAL,75.9,Low,SEED
2026-06-03 00:41:40,SEED-800,1289.573107700193,466.6928845851258,1.1173470153866605,0.05664031258306679,289.08013646931147,NORMAL,90.3,Low,SEED
2026-06-03 00:51:40,SEED-801,1286.1831446707931,469.74662419255037,1.102660852560382,0.12224323463702991,287.8054157328638,NORMAL,75.4,Low,SEED
2026-06-03 01:01:40,SEED-802,5014.210747611707,775.2655532528089,4.30946556347804,59.02913881021402,18055.001817624532,NORMAL,93.0,Medium,SEED
2026-06-03 01:11:40,SEED-803,1299.802338046774,462.29749668768403,1.057513326217226,0.04503751076599549,302.3015210999285,NORMAL,93.2,Low,SEED
2026-06-03 01:21:40,SEED-804,4959.213742078528,792.8066031451601,4.347058219838965,13.773094552062958,17517.15156564926,NORMAL,93.0,Medium,SEED
2026-06-03 01:31:40,SEED-805,9316.870862509671,1147.6940534302105,8.0205538332299,385.39110151124373,61080.41433456158,FAULT,88.3,High,SEED
2026-06-03 01:41:40,SEED-806,4886.370404428911,813.7660834207932,4.335276357091093,20.574673249837133,18348.908745410394,NORMAL,93.0,Medium,SEED
2026-06-03 01:51:40,SEED-807,1339.0449122835862,469.4435153557645,1.0464138824629639,0.19042722437548676,280.2482026246724,NORMAL,92.1,Low,SEED
2026-06-03 02:01:40,SEED-808,1286.0927179144762,453.69368028619937,1.0561896637356902,0.15623669003954355,286.72952806921916,NORMAL,72.8,Low,SEED
2026-06-03 02:11:40,SEED-809,9344.30766446677,1144.5822892222818,8.253073626139605,140.64497909554825,58501.0643161238,FAULT,86.1,High,SEED
2026-06-03 02:21:40,SEED-810,4880.514762887524,775.3874966600833,4.505381425077424,29.9968723643359,18195.055995023158,NORMAL,93.0,Medium,SEED
2026-06-03 02:31:40,SEED-811,8827.635409521523,1170.5398418516766,8.289588157540889,261.06199515983644,57451.779596591434,FAULT,84.7,High,SEED
2026-06-03 02:41:40,SEED-812,1413.2728569549126,458.9020527985203,1.069692494865277,0.09032579925715023,284.77736375308535,NORMAL,75.2,Low,SEED
2026-06-03 02:51:40,SEED-813,1389.1044338780932,477.998380347907,1.1399633097279103,0.10450892523521649,291.3271653298486,NORMAL,85.0,Low,SEED
2026-06-03 03:01:40,SEED-814,1374.865468553565,443.3036156649853,1.1452899062159396,0.04800806144151615,276.91382805490747,NORMAL,75.9,Low,SEED
2026-06-03 03:11:40,SEED-815,5013.393974537685,768.8209074699222,4.356771957423799,71.10485149926126,18535.25113223597,NORMAL,93.0,Medium,SEED
2026-06-03 03:21:40,SEED-816,4768.429537313565,834.4519390960022,4.687941940407282,42.147941892057474,17326.340044263758,NORMAL,93.0,Medium,SEED
2026-06-03 03:31:40,SEED-817,1373.8625103498287,455.5956267964141,1.1079427313661894,0.09481843210435414,297.4150692602077,NORMAL,81.2,Low,SEED
2026-06-03 03:41:40,SEED-818,1364.8878950122605,452.4349819327988,1.049792209115826,0.09167197134076588,289.75725498388056,NORMAL,81.8,Low,SEED
2026-06-03 03:51:40,SEED-819,5188.635066198855,767.1701099379949,4.562889202132498,0.6502602961554658,17717.73872913913,NORMAL,93.0,Medium,SEED
2026-06-03 04:01:40,SEED-820,5102.849952938823,815.003147400395,4.326085100955492,50.55177985131991,17693.40972108264,NORMAL,93.0,Medium,SEED
2026-06-03 04:11:40,SEED-821,1409.947309963553,475.1317572344488,1.128562225212486,0.35802581779507836,279.3824856571706,NORMAL,81.1,Low,SEED
2026-06-03 04:21:40,SEED-822,1397.0602586042671,482.06869213781897,1.116667846607077,0.03382875155493892,299.2771416523475,NORMAL,89.7,Low,SEED
2026-06-03 04:31:40,SEED-823,1396.0496642509831,448.12843403118035,1.13583329194571,0.4347559356344428,294.45097880040413,NORMAL,91.5,Low,SEED
2026-06-03 04:41:40,SEED-824,4951.220066626602,776.5239152118318,4.410565858912212,26.95042743487045,18081.603745724737,NORMAL,93.0,Medium,SEED
2026-06-03 04:51:40,SEED-825,1305.0769020935643,442.52877000784684,1.0721127541409192,0.4649431495844647,304.0168182736001,NORMAL,87.3,Low,SEED
2026-06-03 05:01:40,SEED-826,1380.8249124210265,480.2987103954582,1.0493184857454434,0.26042351052380486,281.0572261722254,NORMAL,83.4,Low,SEED
2026-06-03 05:11:40,SEED-827,5019.885595041088,790.1455774027366,4.385593517263769,37.723960593934066,17750.81458717282,NORMAL,93.0,Medium,SEED
2026-06-03 05:21:40,SEED-828,9389.245586470253,1152.270647305579,7.980532739952849,134.69690140324656,58456.72351370371,FAULT,88.6,High,SEED
2026-06-03 05:31:40,SEED-829,4873.523355285515,782.2644156817676,4.527981690628685,23.37007651941451,18533.6559549817,NORMAL,93.0,Medium,SEED
2026-06-03 05:41:40,SEED-830,1381.3130437631303,484.9209702176428,1.0970848231269765,0.024008601801445373,283.2031777568506,NORMAL,83.7,Low,SEED
2026-06-03 05:51:40,SEED-831,1407.1497943897336,464.23717299722944,1.0723158713321834,0.6070344260734455,283.8599523627935,NORMAL,79.7,Low,SEED
2026-06-03 06:01:40,SEED-832,1299.1955770697737,447.19278576347006,1.0584848040279689,0.6269561984094123,303.8434329908635,NORMAL,83.4,Low,SEED
2026-06-03 06:11:40,SEED-833,8672.009355758724,1122.1914708299387,7.632618833820095,200.98324181029193,60529.033291077845,FAULT,85.6,High,SEED
2026-06-03 06:21:40,SEED-834,5106.443713734539,808.0410907205287,4.289223309335743,34.859277171660665,18132.929254191647,NORMAL,93.0,Medium,SEED
2026-06-03 06:31:40,SEED-835,5075.981287133794,788.302868042176,4.4068641399122574,3.134180290980339,18241.723829883395,NORMAL,93.0,Medium,SEED
2026-06-03 06:41:40,SEED-836,1374.7615035656436,470.2464190945733,1.1082092378063972,0.11979725500526595,275.90366586662736,NORMAL,81.2,Low,SEED
2026-06-03 06:51:40,SEED-837,1363.4397517609334,448.32516275054024,1.0989735662523104,0.28761676031899164,301.89275722855695,NORMAL,94.3,Low,SEED
2026-06-03 07:01:40,SEED-838,9080.30615884278,1182.0541716192806,8.309213256533106,203.28880695185944,62170.81199262719,FAULT,88.3,High,SEED
2026-06-03 07:11:40,SEED-839,1309.4639650114354,482.32911576627515,1.1347093295833262,0.5968148535742426,275.52199885278907,NORMAL,93.9,Low,SEED
2026-06-03 07:21:40,SEED-840,4934.0426913214715,804.0553805989546,4.575517125946492,8.238625854936117,18880.350274315853,NORMAL,93.0,Medium,SEED
2026-06-03 07:31:40,SEED-841,1312.0749033460052,486.5834693972272,1.091698465726305,0.09696075646391034,297.26062108461775,NORMAL,94.1,Low,SEED
2026-06-03 07:41:40,SEED-842,1357.1025493697223,453.2542987205615,1.109741504118804,0.2825048361622793,282.1170489248229,NORMAL,80.6,Low,SEED
2026-06-03 07:51:40,SEED-843,9046.472135860135,1177.5837747787937,8.250144605222376,189.54574205476,59453.97984885156,FAULT,82.6,High,SEED
2026-06-03 08:01:40,SEED-844,1385.19076477672,481.5526795290749,1.120677850271926,0.02557379935851678,285.7812869251508,NORMAL,89.9,Low,SEED
2026-06-03 08:11:40,SEED-845,1287.2163389441869,486.2562110165811,1.0933876831852976,0.05830925997288361,300.7135717974523,NORMAL,84.4,Low,SEED
2026-06-03 08:21:40,SEED-846,1328.9758921537273,460.8550848338238,1.1452487708867638,0.009192952729600634,288.38910882762104,NORMAL,77.4,Low,SEED
2026-06-03 08:31:40,SEED-847,1342.9391822684722,463.79680305792857,1.0947703816013248,0.43843899038940926,299.2819221002123,NORMAL,79.7,Low,SEED
2026-06-03 08:41:40,SEED-848,1332.8432173834692,446.4024569666948,1.1530682495124767,0.39222876015465236,303.70198684673784,NORMAL,74.7,Low,SEED
2026-06-03 08:51:40,SEED-849,1323.1385706153576,448.97503331959166,1.0799427726702788,0.33294445657176563,294.00305626561556,NORMAL,90.3,Low,SEED
2026-06-03 09:01:40,SEED-850,9321.65186604122,1120.3556145085063,7.69830607861402,288.70274241941047,61293.76222534823,FAULT,81.8,High,SEED
2026-06-03 09:11:40,SEED-851,4832.429595087953,806.4321362999221,4.634426611301414,31.25716383384281,18574.734325775353,NORMAL,93.0,Medium,SEED
2026-06-03 09:21:40,SEED-852,1389.8111961618933,480.2615328913981,1.1244598927609724,0.44618321255951265,278.99995959087227,NORMAL,82.1,Low,SEED
2026-06-03 09:31:40,SEED-853,1312.8426773229814,468.57357163242955,1.0773262649513424,0.07070873222936314,282.66585443746465,NORMAL,76.8,Low,SEED
2026-06-03 09:41:40,SEED-854,1313.0523799755078,482.80611954195325,1.089538562408672,0.20125392178627344,290.9186610683676,NORMAL,72.0,Low,SEED
2026-06-03 09:51:40,SEED-855,8893.688405182775,1156.3141303056468,8.33195849058026,278.45631619119877,58276.1756193188,FAULT,86.7,High,SEED
2026-06-03 10:01:40,SEED-856,1388.8831783642058,476.7489181771448,1.0861698569751805,0.061858929948735764,285.60085134658704,NORMAL,74.7,Low,SEED
2026-06-03 10:11:40,SEED-857,1286.9324855043112,475.956474983017,1.1375886176460146,0.27918916901316315,297.1462523080968,NORMAL,77.8,Low,SEED
2026-06-03 10:21:40,SEED-858,1343.8435256338905,443.59087970743775,1.1074364801142929,0.014761749756670994,284.804343272125,NORMAL,86.7,Low,SEED
2026-06-03 10:31:40,SEED-859,1381.536198689304,486.3871222305008,1.1000355096160104,0.12578692837524486,297.44015664854146,NORMAL,74.8,Low,SEED
2026-06-03 10:41:40,SEED-860,1316.060312786524,452.3044087860026,1.1514191268669505,0.49127671591958677,298.86519339980106,NORMAL,84.9,Low,SEED
2026-06-03 10:51:40,SEED-861,9333.314877525652,1139.6330003932142,8.045853352671076,307.8455998737452,60466.455510479194,FAULT,73.2,High,SEED
2026-06-03 11:01:40,SEED-862,1345.3940665090017,486.28902940163584,1.057302884015694,0.3853240967502085,297.8790979774471,NORMAL,82.1,Low,SEED
2026-06-03 11:11:40,SEED-863,1353.7004291159194,456.1535113476947,1.0573238744617377,0.16064896466649348,286.3041001105464,NORMAL,74.1,Low,SEED
2026-06-03 11:21:40,SEED-864,1407.3925518080766,448.99339314941017,1.0940282587729615,0.20940573498103987,298.1832414738016,NORMAL,71.8,Low,SEED
2026-06-03 11:31:40,SEED-865,4790.662714682768,804.4400368123693,4.4503064560854755,21.28623208404747,18735.855538353644,NORMAL,93.0,Medium,SEED
2026-06-03 11:41:40,SEED-866,1325.0465420551811,472.69113097671294,1.1437483187730213,0.33047127700582024,300.03777905272653,NORMAL,89.0,Low,SEED
2026-06-03 11:51:40,SEED-867,5138.998076752959,827.8203809564711,4.356023272347687,9.92505464939427,18348.29217686977,NORMAL,93.0,Medium,SEED
2026-06-03 12:01:40,SEED-868,1304.1442721584644,478.9249016110452,1.1124949715989083,0.1525836927821942,289.33221104288305,NORMAL,82.0,Low,SEED
2026-06-03 12:11:40,SEED-869,1391.038707131199,466.6529898961662,1.0520502898910058,0.014510332221621347,302.53604897964004,NORMAL,77.2,Low,SEED
2026-06-03 12:21:40,SEED-870,1383.1863159091608,444.39309566812705,1.1536432405125894,0.04001649502667792,291.41352881975524,NORMAL,91.3,Low,SEED
2026-06-03 12:31:40,SEED-871,1287.2135148855662,482.22719452801556,1.1064459616413787,0.4329368391804751,294.05404897610816,NORMAL,83.0,Low,SEED
2026-06-03 12:41:40,SEED-872,1304.3127768564689,446.68587741896096,1.1111220090801655,0.5412900218574848,278.6079348621769,NORMAL,87.8,Low,SEED
2026-06-03 12:51:40,SEED-873,9021.379351062456,1110.8566325414424,7.644664635512128,122.2170218445201,59184.882541493454,FAULT,76.2,High,SEED
2026-06-03 13:01:40,SEED-874,1332.0276828289666,485.8880373422147,1.0710738212855644,0.4299788832392366,276.74423415075825,NORMAL,71.9,Low,SEED
2026-06-03 13:11:40,SEED-875,1367.053897963411,442.9715115662106,1.1372785300579202,0.39424968858679854,297.00597054396616,NORMAL,80.0,Low,SEED
2026-06-03 13:21:40,SEED-876,1326.4043415674403,464.99751252129835,1.0532927613467837,0.2920006904697203,298.14618972738174,NORMAL,75.0,Low,SEED
2026-06-03 13:31:40,SEED-877,1356.8782766176923,446.90109883677144,1.1486990480921426,0.2205008221825162,304.3257908894402,NORMAL,94.0,Low,SEED
2026-06-03 13:41:40,SEED-878,1290.4641953427522,442.19312143311714,1.0775142368228543,0.24872681293802845,290.12758335989395,NORMAL,78.6,Low,SEED
2026-06-03 13:51:40,SEED-879,1414.1042737813793,458.32807012885934,1.0510677032585871,0.004701336554611579,300.17394399799554,NORMAL,73.0,Low,SEED
2026-06-03 14:01:40,SEED-880,1348.551875455762,479.2580602629097,1.093304276830864,0.013316352497962924,279.3262502312546,NORMAL,85.1,Low,SEED
2026-06-03 14:11:40,SEED-881,1350.5478347639594,441.31262270462463,1.0570174822023597,0.01713136256332337,298.42860305707654,NORMAL,76.7,Low,SEED
2026-06-03 14:21:40,SEED-882,9151.250514175274,1205.628491228175,7.781249144368267,78.69146814057262,57124.30248774152,FAULT,88.7,High,SEED
2026-06-03 14:31:40,SEED-883,9074.689491560192,1160.982662923738,7.72710220149493,165.08313608606386,59299.77738723192,FAULT,79.2,High,SEED
2026-06-03 14:41:40,SEED-884,1378.97823591307,449.58849330248114,1.0762413176611714,0.4907274420850136,303.7297422014691,NORMAL,84.2,Low,SEED
2026-06-03 14:51:40,SEED-885,4946.816369237088,817.7899594038804,4.420056122810186,21.201582860675444,18090.92845163787,NORMAL,93.0,Medium,SEED
2026-06-03 15:01:40,SEED-886,1297.6487664300819,441.29742184231867,1.105474471694864,0.09188013918694082,295.86527197446077,NORMAL,73.6,Low,SEED
2026-06-03 15:11:40,SEED-887,1365.4407708349627,471.78148992744764,1.113659790003054,0.1517244453792559,281.8483031355968,NORMAL,86.6,Low,SEED
2026-06-03 15:21:40,SEED-888,1337.4398421382132,478.87849401237776,1.1035550715039986,0.12314274620417276,298.9865373199324,NORMAL,70.5,Low,SEED
2026-06-03 15:31:40,SEED-889,4951.497323782447,779.8670912929465,4.33812100869946,2.204495329320025,17668.30796401179,NORMAL,93.0,Medium,SEED
2026-06-03 15:41:40,SEED-890,5033.022876157024,824.0243238887057,4.507453675996369,15.58967979664726,17815.98239719828,NORMAL,93.0,Medium,SEED
2026-06-03 15:51:40,SEED-891,4792.67279889605,832.7442299534894,4.644359861117376,23.051336633583787,17887.54577155002,NORMAL,93.0,Medium,SEED
2026-06-03 16:01:40,SEED-892,1337.0339429409203,443.7973697998604,1.142724928622145,0.2400505669336006,276.40273893096156,NORMAL,94.3,Low,SEED
2026-06-03 16:11:40,SEED-893,1416.3668462524286,448.28802145926613,1.049734705337851,0.4553947608308846,293.0765426607889,NORMAL,78.6,Low,SEED
2026-06-03 16:21:40,SEED-894,1310.2357622815846,460.27405529240013,1.1122787638375857,0.04172294337184024,295.0167761972524,NORMAL,91.4,Low,SEED
2026-06-03 16:31:40,SEED-895,9439.834296222716,1159.7965740290485,8.178188129609357,170.9321850756969,58028.740525853995,FAULT,80.2,High,SEED
2026-06-03 16:41:40,SEED-896,1351.459570367718,466.5298758185296,1.1393430725241387,0.026176072844872778,292.0574217757436,NORMAL,82.9,Low,SEED
2026-06-03 16:51:40,SEED-897,1337.512519558354,458.5057607281906,1.131972469490017,0.6203169274749056,275.9256626955085,NORMAL,73.5,Low,SEED
2026-06-03 17:01:40,SEED-898,1400.9599499962371,454.5089720826689,1.1042244779027326,0.4203915049863314,294.2732040183568,NORMAL,73.3,Low,SEED
2026-06-03 17:11:40,SEED-899,1358.8923891445147,460.807380252962,1.129936686562884,0.4963698250624349,286.19097266523977,NORMAL,81.8,Low,SEED
2026-06-03 17:21:40,SEED-900,5010.234224195382,837.9251948114058,4.3801756108462335,37.86441278846041,18475.80749165612,NORMAL,93.0,Medium,SEED
2026-06-03 17:31:40,SEED-901,4793.317182244854,829.690692402983,4.634298863219944,40.90280960399093,18694.305570059612,NORMAL,93.0,Medium,SEED
2026-06-03 17:41:40,SEED-902,1288.8781955112954,449.0736033550563,1.0877642901139275,0.15558045686699895,302.02495596479105,NORMAL,75.9,Low,SEED
2026-06-03 17:51:40,SEED-903,1348.4788901700374,457.2577054757916,1.105449125068183,0.41746787922538076,287.277431790164,NORMAL,84.0,Low,SEED
2026-06-03 18:01:40,SEED-904,8694.212953196236,1107.4644484450012,7.851887196522965,220.0511499484578,62755.161005105794,FAULT,92.3,High,SEED
2026-06-03 18:11:40,SEED-905,5172.527483647012,797.3936536833115,4.589633306223664,24.05490699279403,18361.319472690684,NORMAL,93.0,Medium,SEED
2026-06-03 18:21:40,SEED-906,1290.9689024142904,469.5460139783354,1.1379744671706935,0.05484151770255341,301.1907819675727,NORMAL,86.7,Low,SEED
2026-06-03 18:31:40,SEED-907,5098.855421654016,790.864515969252,4.362486055190189,71.07734885828938,18220.83557600983,NORMAL,93.0,Medium,SEED
2026-06-03 18:41:40,SEED-908,8670.77086603745,1138.954211075804,7.669583948190657,283.80585384064693,57054.81001437553,FAULT,90.6,High,SEED
2026-06-03 18:51:40,SEED-909,1330.806104998798,454.1890654595794,1.0841290903903618,0.2654885913450613,281.5946385879423,NORMAL,81.0,Low,SEED
2026-06-03 19:01:40,SEED-910,8871.756576306632,1190.5534395346424,8.240353947940207,160.59328237055,61747.49247969231,FAULT,79.1,High,SEED
2026-06-03 19:11:40,SEED-911,8923.436292134042,1159.117992183693,8.301808182097606,178.01147306832104,60090.259178014654,FAULT,78.4,High,SEED
2026-06-03 19:21:40,SEED-912,1287.6481340012426,454.72997369523785,1.1186550404357167,0.5343168865574359,281.2962335593848,NORMAL,93.5,Low,SEED
2026-06-03 19:31:40,SEED-913,9221.309204291354,1099.8891753189919,8.207577801858003,144.68997028697913,62030.26084162404,FAULT,93.9,High,SEED
2026-06-03 19:41:40,SEED-914,1376.0012294177627,468.0751951380246,1.0484961116321383,0.5987905742482527,300.3959207033258,NORMAL,75.1,Low,SEED
2026-06-03 19:51:40,SEED-915,4914.984252603794,826.7290816394219,4.4660903768520095,5.9980833916481515,17969.006027496525,NORMAL,93.0,Medium,SEED
2026-06-03 20:01:40,SEED-916,1395.0266877828944,444.37911678516105,1.0917815718472414,0.3412598090602419,277.3615683687913,NORMAL,87.3,Low,SEED
2026-06-03 20:11:40,SEED-917,1326.2626662593416,458.2068300643812,1.1189747465818176,0.39072640850693663,304.43797917696526,NORMAL,77.1,Low,SEED
2026-06-03 20:21:40,SEED-918,1352.5963050261616,448.12734000307836,1.1279486701222448,0.15675920770842033,290.7453716853919,NORMAL,79.7,Low,SEED
2026-06-03 20:31:40,SEED-919,8940.42992373236,1184.5141814303306,8.068571767565018,122.02771916867005,57971.29163533012,FAULT,92.1,High,SEED
2026-06-03 20:41:40,SEED-920,1342.6804244987277,448.77219660516215,1.0539796825684364,0.06580803277202119,276.24877954390547,NORMAL,73.1,Low,SEED
2026-06-03 20:51:40,SEED-921,4907.418655378262,823.7522803994381,4.674125366998046,54.77544110867075,17237.999824269024,NORMAL,93.0,Medium,SEED
2026-06-03 21:01:40,SEED-922,5059.007537229838,770.3677336977439,4.624380340949152,22.298574345588918,18233.28826328217,NORMAL,93.0,Medium,SEED
2026-06-03 21:11:40,SEED-923,1327.9659816641934,475.7393603245109,1.135337385042258,0.20660106727204486,285.7803095010626,NORMAL,79.1,Low,SEED
2026-06-03 21:21:40,SEED-924,5071.281769640478,827.363923439975,4.475487011906065,34.97333351410407,17260.228461878367,NORMAL,93.0,Medium,SEED
2026-06-03 21:31:40,SEED-925,8591.627205144829,1174.3345904799744,7.877823383095455,238.94184129506175,57014.512419468134,FAULT,84.0,High,SEED
2026-06-03 21:41:40,SEED-926,1391.3721002996094,466.04929935192905,1.0794593761483657,0.38260140424719946,293.3726975486016,NORMAL,83.9,Low,SEED
2026-06-03 21:51:40,SEED-927,1380.4537216583963,481.7989475977696,1.1468747269204016,0.3598156438775666,282.0563041631869,NORMAL,76.0,Low,SEED
2026-06-03 22:01:40,SEED-928,4930.720810899884,829.7523863562159,4.351215590684742,19.592222335868087,17603.9244342382,NORMAL,93.0,Medium,SEED
2026-06-03 22:11:40,SEED-929,1375.1230889151782,453.04031800416135,1.1548912925324688,0.2598681679535515,277.40251281686096,NORMAL,71.3,Low,SEED
2026-06-03 22:21:40,SEED-930,1326.4147857590258,471.1010966635994,1.0928504268446229,0.27499061300573135,293.029708119396,NORMAL,94.5,Low,SEED
2026-06-03 22:31:40,SEED-931,4883.167476822826,807.997826022601,4.326256091423071,0.511148835619224,17705.827182465877,NORMAL,93.0,Medium,SEED
2026-06-03 22:41:40,SEED-932,1337.085753045232,452.5648817033151,1.0455751232818498,0.06801466925106325,289.5791213037081,NORMAL,94.7,Low,SEED
2026-06-03 22:51:40,SEED-933,1340.1817567723,452.61579583132306,1.0937249232881219,0.3085297513417933,282.85315812364394,NORMAL,73.7,Low,SEED
2026-06-03 23:01:40,SEED-934,1292.4349226868928,447.9560250595683,1.1353990759193269,0.03536370405961087,299.39826230550824,NORMAL,74.1,Low,SEED
2026-06-03 23:11:40,SEED-935,1378.0095887712966,469.6839029848691,1.1216677528085117,0.29573779978146497,276.7520760863111,NORMAL,78.1,Low,SEED
2026-06-03 23:21:40,SEED-936,1365.6306218949298,472.38065552875287,1.1129361766325534,0.12668066199062178,277.563498674325,NORMAL,70.5,Low,SEED
2026-06-03 23:31:40,SEED-937,8608.766491774117,1105.6373613617623,7.882198527345437,2.591509504550686,61128.64758411008,FAULT,89.3,High,SEED
2026-06-03 23:41:40,SEED-938,1297.6644686889863,472.8835857861199,1.1207417936241968,0.21361566297389167,295.0541461299962,NORMAL,93.4,Low,SEED
2026-06-03 23:51:40,SEED-939,8972.592329874635,1129.4987233184672,8.395998824516663,163.83941030689857,60331.61628584016,FAULT,91.6,High,SEED
2026-06-04 00:01:40,SEED-940,1313.3068651975316,485.5520990034459,1.1133741539502218,0.3337451672918146,276.617567827922,NORMAL,72.0,Low,SEED
2026-06-04 00:11:40,SEED-941,4820.834836917146,782.0287034194745,4.301989071295036,0.0518442649164399,18885.556418579406,NORMAL,93.0,Medium,SEED
2026-06-04 00:21:40,SEED-942,1339.9217023560043,481.16844582153055,1.0968861025800265,0.35153092043751766,277.22815430981825,NORMAL,72.7,Low,SEED
2026-06-04 00:31:40,SEED-943,1330.3920290441329,486.53342141055543,1.1222554535557667,0.38233580045412197,295.6863698196831,NORMAL,72.4,Low,SEED
2026-06-04 00:41:40,SEED-944,1301.6767931480622,455.05029029508046,1.1497271288330007,0.14021775505188128,304.0866304515041,NORMAL,86.0,Low,SEED
2026-06-04 00:51:40,SEED-945,8606.970866131926,1133.0138420140768,7.695467738307026,394.9984847841404,62550.129278498345,FAULT,92.0,High,SEED
2026-06-04 01:01:40,SEED-946,1336.5998906175146,454.3519170768169,1.1001862117427152,0.09304828424383249,280.53657989603585,NORMAL,75.7,Low,SEED
2026-06-04 01:11:40,SEED-947,1304.3730603711729,486.5099324727313,1.125636592166156,0.2036655668243812,303.28417010225803,NORMAL,71.2,Low,SEED
2026-06-04 01:21:40,SEED-948,1296.7002226801108,472.7128927460519,1.1437901354700633,0.08620429697627774,298.58347176530305,NORMAL,72.9,Low,SEED
2026-06-04 01:31:40,SEED-949,8703.066589611506,1121.3593694554993,8.39588635803607,318.3482090086925,61319.0987338387,FAULT,78.8,High,SEED
2026-06-04 01:41:40,SEED-950,1399.3837036848943,483.1896355288935,1.0856039234868982,0.1350623987172419,289.9633778943993,NORMAL,87.8,Low,SEED
2026-06-04 01:51:40,SEED-951,1406.5091041259072,481.09778338662113,1.058076714626414,0.5360037150105352,281.0315483650928,NORMAL,85.1,Low,SEED
2026-06-04 02:01:40,SEED-952,5204.588868377145,800.1491740756071,4.551219997537779,25.013278660161745,18105.851759858568,NORMAL,93.0,Medium,SEED
2026-06-04 02:11:40,SEED-953,1375.4099512766293,466.3111361742815,1.0980125197923114,0.3724263529673042,301.76495022819506,NORMAL,74.4,Low,SEED
2026-06-04 02:21:40,SEED-954,1329.3976460404256,459.05451072979224,1.1442900280760255,0.39578238598996496,277.5907429802597,NORMAL,70.5,Low,SEED
2026-06-04 02:31:40,SEED-955,1368.8302375966243,444.3547380372275,1.131557402288955,0.37935723527357457,281.1057173805507,NORMAL,81.1,Low,SEED
2026-06-04 02:41:40,SEED-956,4984.209996963122,797.9981187838594,4.4316834009244,53.15755637825271,17854.782337344175,NORMAL,93.0,Medium,SEED
2026-06-04 02:51:40,SEED-957,1333.4994965669237,456.8871705724491,1.055526523526738,0.2565608882977308,296.88427951593326,NORMAL,94.9,Low,SEED
2026-06-04 03:01:40,SEED-958,5071.5194355254325,791.0079151795421,4.518200577418744,10.013446777755462,18702.969140345722,NORMAL,93.0,Medium,SEED
2026-06-04 03:11:40,SEED-959,8578.843268786259,1104.006578664255,8.073793076439227,205.2884242281748,61456.87543008449,FAULT,87.7,High,SEED
2026-06-04 03:21:40,SEED-960,1391.8661502417328,455.33046722805204,1.1175481926031992,0.06082805378699163,303.4302506537097,NORMAL,88.5,Low,SEED
2026-06-04 03:31:40,SEED-961,4827.983178479346,776.0865684175486,4.625243873408889,21.013238003904235,17906.70372624497,NORMAL,93.0,Medium,SEED
2026-06-04 03:41:40,SEED-962,4835.348615380699,790.4447162629591,4.51658593479711,60.976831419395694,17609.052090798847,NORMAL,93.0,Medium,SEED
2026-06-04 03:51:40,SEED-963,1365.1462387446652,445.66474457152765,1.0918002499884116,0.26342170747963056,297.3079216306603,NORMAL,83.7,Low,SEED
2026-06-04 04:01:40,SEED-964,1299.0961094127967,470.7563182293737,1.143938417455871,0.5933993316327548,297.77079314702655,NORMAL,77.8,Low,SEED
2026-06-04 04:11:40,SEED-965,1374.2690307778237,444.6736286009944,1.1082424835107179,0.429426611278763,287.45878547387497,NORMAL,86.6,Low,SEED
2026-06-04 04:21:40,SEED-966,5243.448578871389,776.9453721899694,4.355547512410392,45.56233152312109,18857.41917149606,NORMAL,93.0,Medium,SEED
2026-06-04 04:31:40,SEED-967,1389.3712221507353,455.8719421365826,1.1383348150782941,0.054230350590666276,287.98904267531003,NORMAL,92.6,Low,SEED
2026-06-04 04:41:40,SEED-968,4965.40079143069,772.0293399403057,4.445693592236236,19.19447117446191,18619.192590282324,NORMAL,93.0,Medium,SEED
2026-06-04 04:51:40,SEED-969,1322.0864952954862,481.8188417755367,1.1165961224533858,0.16036140604413252,286.6584717386432,NORMAL,70.4,Low,SEED
2026-06-04 05:01:40,SEED-970,5127.349966840973,784.8064107623038,4.712589545497781,47.68114335403652,17747.88199155524,NORMAL,93.0,Medium,SEED
2026-06-04 05:11:40,SEED-971,1319.5738065060434,467.96292686793475,1.0527314047015972,0.006907393960249308,280.2909553233868,NORMAL,88.6,Low,SEED
2026-06-04 05:21:40,SEED-972,4865.672675065865,832.9544600816764,4.42378905892104,5.086501912426684,17177.25797070906,NORMAL,93.0,Medium,SEED
2026-06-04 05:31:40,SEED-973,5096.493492729516,812.6233176498157,4.465013024032149,56.58996604940921,17981.868714718068,NORMAL,93.0,Medium,SEED
2026-06-04 05:41:40,SEED-974,1331.909684984858,469.79947898679256,1.113615284736922,0.5478928977980813,280.7127143135282,NORMAL,92.3,Low,SEED
2026-06-04 05:51:40,SEED-975,1356.5811141563456,482.43539775412444,1.1216220875856016,0.590285030898082,279.9901258798985,NORMAL,74.1,Low,SEED
2026-06-04 06:01:40,SEED-976,1411.0626828202398,479.1595177428066,1.1528488083473796,0.40580597068950297,277.5364336927478,NORMAL,87.5,Low,SEED
2026-06-04 06:11:40,SEED-977,1361.0450153925315,472.8009392323175,1.104385573791071,0.4229991094451231,287.62690913780904,NORMAL,87.2,Low,SEED
2026-06-04 06:21:40,SEED-978,1308.0437439376149,453.1312519118478,1.144174468375852,0.32440335861843295,293.61592899651106,NORMAL,88.7,Low,SEED
2026-06-04 06:31:40,SEED-979,1385.76339850254,445.3303886068975,1.0530065612073614,0.15303219444108418,291.74198195883895,NORMAL,72.4,Low,SEED
2026-06-04 06:41:40,SEED-980,1348.786955864669,451.3693701210494,1.0488834121172577,0.26354223543572974,303.20675091322585,NORMAL,76.8,Low,SEED
2026-06-04 06:51:40,SEED-981,1285.903709288735,476.67200623763034,1.1390452660161725,0.2478219263354271,279.7481571123362,NORMAL,74.7,Low,SEED
2026-06-04 07:01:40,SEED-982,4820.9141020419665,836.0063863071616,4.275351685734662,20.54202463845661,17364.571813774008,NORMAL,93.0,Medium,SEED
2026-06-04 07:11:40,SEED-983,8715.617280521607,1117.6422851617915,7.817306885195389,271.7087421484864,58590.6020555245,FAULT,77.9,High,SEED
2026-06-04 07:21:40,SEED-984,1410.4111415195375,470.07338428143964,1.0949207781347186,0.34985027471465546,276.3818663284803,NORMAL,84.5,Low,SEED
2026-06-04 07:31:40,SEED-985,1287.2629580683742,462.2435195184309,1.1315488839270482,0.4539631679919376,278.6201949777906,NORMAL,72.3,Low,SEED
2026-06-04 07:41:40,SEED-986,1293.1422617658222,458.30407415915187,1.1433804981565177,0.2583642563222437,287.0648418556416,NORMAL,81.1,Low,SEED
2026-06-04 07:51:40,SEED-987,1390.0849267041153,448.63179025031974,1.0616456039813262,0.09945068242742039,288.16830591748635,NORMAL,71.8,Low,SEED
2026-06-04 08:01:40,SEED-988,5145.847843827293,834.2576723783632,4.490476049424021,55.73879084315979,18481.163094828764,NORMAL,93.0,Medium,SEED
2026-06-04 08:11:40,SEED-989,8571.407831257962,1197.5802189362341,8.305190636818033,158.08350720170574,57260.399424487,FAULT,91.4,High,SEED
2026-06-04 08:21:40,SEED-990,4828.371976028395,796.9666722157637,4.4617357585174355,12.322258360865135,17933.996461067065,NORMAL,93.0,Medium,SEED
2026-06-04 08:31:40,SEED-991,1297.8998133947848,486.9622894068628,1.0809310524071203,0.14837230047919903,290.0707252266187,NORMAL,87.3,Low,SEED
2026-06-04 08:41:40,SEED-992,8732.977991930811,1093.923614453559,7.750654215237952,405.6684392356872,61384.29113803192,FAULT,80.2,High,SEED
2026-06-04 08:51:40,SEED-993,1339.1087384709833,467.28313344809874,1.0773959676085174,0.14166388486803605,292.6047997423773,NORMAL,77.2,Low,SEED
2026-06-04 09:01:40,SEED-994,1371.5478558896473,460.1962687291422,1.1532188204285314,0.3464917228918667,286.98502291291413,NORMAL,76.6,Low,SEED
2026-06-04 09:11:40,SEED-995,1319.8582936379664,465.9447571767706,1.0562865014469154,0.33552634335262077,301.06485121234545,NORMAL,81.6,Low,SEED
2026-06-04 09:21:40,SEED-996,1414.3496391680458,449.68647435615793,1.0459155330014287,0.3671505992792463,276.50111762521647,NORMAL,83.8,Low,SEED
2026-06-04 09:31:40,SEED-997,4837.667719486785,762.7492458680241,4.295555767254308,66.71067956487627,18395.597189873995,NORMAL,93.0,Medium,SEED
2026-06-04 09:41:40,SEED-998,8555.49818343093,1105.250496899943,8.002743924455979,196.05440292646676,61893.044772970716,FAULT,93.7,High,SEED
2026-06-04 09:51:40,SEED-999,1361.161530049865,440.929115040027,1.1094051910697384,0.4096996254675487,295.91022451526476,NORMAL,89.4,Low,SEED
2026-06-04 11:27:32,AUTO-TRB,3205.5,498.0,29.64,1.192,99.1,NORMAL,93.0,Low,AUTO
2026-06-04 11:29:32,AUTO-TRB,3597.9,532.7,30.84,0.783,72.1,NORMAL,93.0,Low,AUTO
2026-06-04 11:31:32,AUTO-TRB,3434.2,397.9,31.52,2.371,88.4,NORMAL,93.0,Low,AUTO
2026-06-04 11:33:33,AUTO-TRB,3405.6,525.7,27.58,0.776,92.5,NORMAL,93.0,Low,AUTO
2026-06-04 11:35:33,AUTO-TRB,3315.1,412.3,25.25,1.786,87.1,NORMAL,93.0,Low,AUTO
2026-06-04 11:37:33,AUTO-TRB,3571.0,471.4,31.75,2.355,93.9,NORMAL,93.0,Low,AUTO
2026-06-04 11:39:34,AUTO-TRB,3179.0,446.4,29.05,1.318,91.5,NORMAL,93.0,Low,AUTO
2026-06-04 11:41:34,AUTO-TRB,3465.2,464.9,29.7,1.241,91.0,NORMAL,93.0,Low,AUTO
2026-06-04 11:43:35,AUTO-TRB,3478.8,477.0,32.81,1.557,104.5,NORMAL,93.0,Low,AUTO
2026-06-04 11:45:35,AUTO-TRB,3445.1,486.1,32.61,0.762,90.4,NORMAL,93.0,Low,AUTO
2026-06-04 11:47:36,AUTO-TRB,3158.0,381.4,27.73,0.809,95.7,NORMAL,93.0,Low,AUTO
2026-06-04 11:49:36,AUTO-TRB,3386.4,442.9,26.66,1.621,82.0,NORMAL,93.0,Low,AUTO
2026-06-04 12:53:48,AUTO-TRB,3363.5,483.4,27.86,0.373,82.7,NORMAL,93.0,Low,AUTO
2026-06-04 12:55:49,AUTO-TRB,3294.6,419.1,27.18,2.185,83.2,NORMAL,93.0,Low,AUTO
2026-06-04 12:57:54,AUTO-TRB,3571.1,534.1,31.08,1.025,95.7,NORMAL,93.0,Low,AUTO
2026-06-04 22:29:40,AUTO-TRB,3326.1,490.3,25.96,0.576,95.9,NORMAL,93.0,Low,AUTO
2026-06-04 22:31:41,AUTO-TRB,3592.9,505.0,30.84,1.081,92.9,NORMAL,93.0,Low,AUTO
2026-06-04 22:33:42,AUTO-TRB,3385.0,440.1,30.19,0.462,104.6,NORMAL,93.0,Low,AUTO
2026-06-04 22:35:42,AUTO-TRB,3235.5,471.6,27.39,2.334,85.9,NORMAL,93.0,Low,AUTO
2026-06-04 22:37:42,AUTO-TRB,3437.5,444.7,29.65,0.456,72.7,NORMAL,93.0,Low,AUTO
2026-06-04 22:39:43,AUTO-TRB,2823.5,580.4,20.86,4.929,47.1,NORMAL,93.0,Low,AUTO
2026-06-04 22:41:43,AUTO-TRB,3257.0,452.2,26.18,1.146,99.6,NORMAL,93.0,Low,AUTO
2026-06-04 22:43:44,AUTO-TRB,3426.9,453.1,26.63,1.907,104.2,NORMAL,93.0,Low,AUTO
2026-06-04 22:45:44,AUTO-TRB,3595.4,397.0,28.66,0.88,90.0,NORMAL,93.0,Low,AUTO
2026-06-04 22:47:45,AUTO-TRB,3586.9,528.7,26.83,1.433,78.4,NORMAL,93.0,Low,AUTO
2026-06-04 22:49:45,AUTO-TRB,3568.4,534.0,26.8,2.078,89.6,NORMAL,93.0,Low,AUTO
2026-06-04 22:51:45,AUTO-TRB,3412.1,466.8,26.36,2.213,80.3,NORMAL,93.0,Low,AUTO
2026-06-04 22:53:46,AUTO-TRB,2847.0,660.0,16.43,4.785,50.2,NORMAL,93.0,Low,AUTO
2026-06-04 22:55:47,AUTO-TRB,3535.7,497.0,32.96,0.634,100.3,NORMAL,93.0,Low,AUTO
2026-06-04 22:57:47,AUTO-TRB,3388.6,509.5,27.62,1.826,93.3,NORMAL,93.0,Low,AUTO
2026-06-04 22:59:47,AUTO-TRB,3444.7,427.0,27.21,0.839,96.6,NORMAL,93.0,Low,AUTO
2026-06-04 23:01:48,AUTO-TRB,2874.8,635.6,20.29,4.483,51.7,NORMAL,93.0,Low,AUTO
2026-06-04 23:03:49,AUTO-TRB,2853.3,653.6,18.5,5.389,56.5,NORMAL,93.0,Low,AUTO
2026-06-04 23:05:49,AUTO-TRB,3208.9,407.7,29.15,2.351,98.3,NORMAL,93.0,Low,AUTO
2026-06-04 23:07:50,AUTO-TRB,3228.3,403.5,29.61,0.307,89.3,NORMAL,93.0,Low,AUTO
2026-06-04 23:09:50,AUTO-TRB,2875.0,596.3,19.65,4.911,53.2,NORMAL,93.0,Low,AUTO
2026-06-04 23:11:51,AUTO-TRB,3547.1,433.7,27.76,1.509,87.8,NORMAL,93.0,Low,AUTO
2026-06-04 23:13:52,AUTO-TRB,3513.9,474.8,30.94,1.016,91.6,NORMAL,93.0,Low,AUTO
2026-06-04 23:15:52,AUTO-TRB,3012.8,607.5,21.69,4.116,49.0,NORMAL,93.0,Low,AUTO
2026-06-04 23:17:53,AUTO-TRB,3501.8,411.4,31.44,1.672,89.0,NORMAL,93.0,Low,AUTO
2026-06-04 23:19:53,AUTO-TRB,3153.8,400.8,26.36,0.791,94.4,NORMAL,93.0,Low,AUTO
2026-06-04 23:21:53,AUTO-TRB,2862.1,646.9,19.29,4.79,57.1,NORMAL,93.0,Low,AUTO
2026-06-04 23:23:54,AUTO-TRB,3273.2,516.1,29.33,0.476,95.6,NORMAL,93.0,Low,AUTO
2026-06-04 23:25:55,AUTO-TRB,3369.5,462.6,29.12,1.077,79.9,NORMAL,93.0,Low,AUTO
2026-06-04 23:27:56,AUTO-TRB,3414.0,438.8,29.24,2.474,80.4,NORMAL,93.0,Low,AUTO
2026-06-04 23:29:57,AUTO-TRB,3548.7,525.9,31.54,2.086,98.5,NORMAL,93.0,Low,AUTO
2026-06-04 23:31:57,AUTO-TRB,3461.0,403.4,29.81,1.657,87.4,NORMAL,93.0,Low,AUTO
2026-06-04 23:33:58,AUTO-TRB,3542.1,447.3,26.65,0.803,96.6,NORMAL,93.0,Low,AUTO
2026-06-04 23:35:58,AUTO-TRB,3484.0,416.3,29.82,1.117,90.7,NORMAL,93.0,Low,AUTO
2026-06-04 23:37:59,AUTO-TRB,3225.7,455.4,32.91,0.331,100.8,NORMAL,93.0,Low,AUTO
2026-06-04 23:39:59,AUTO-TRB,3298.4,465.5,30.94,2.448,102.4,NORMAL,93.0,Low,AUTO
2026-06-04 23:42:00,AUTO-TRB,3183.7,494.8,32.43,1.36,76.6,NORMAL,93.0,Low,AUTO
2026-06-05 10:51:37,AUTO-TRB,3595.4,505.4,29.31,1.439,85.9,NORMAL,93.0,Low,AUTO
2026-06-05 10:53:37,AUTO-TRB,3336.9,490.4,31.47,2.053,89.4,NORMAL,93.0,Low,AUTO
2026-06-05 10:55:38,AUTO-TRB,3160.8,389.5,32.98,1.577,101.2,NORMAL,93.0,Low,AUTO
2026-06-05 10:57:41,AUTO-TRB,3224.1,392.0,27.16,2.104,94.6,NORMAL,93.0,Low,AUTO
2026-06-05 10:59:42,AUTO-TRB,3525.6,434.1,27.12,1.381,82.1,NORMAL,93.0,Low,AUTO
2026-06-05 11:01:43,AUTO-TRB,3451.7,394.4,29.03,0.605,100.1,NORMAL,93.0,Low,AUTO
2026-06-05 11:03:43,AUTO-TRB,3225.5,385.3,31.59,1.694,79.3,NORMAL,93.0,Low,AUTO
2026-06-05 11:05:44,AUTO-TRB,3195.7,405.0,27.76,1.414,91.6,NORMAL,93.0,Low,AUTO
2026-06-05 11:07:44,AUTO-TRB,3254.1,451.0,31.15,1.458,84.9,NORMAL,93.0,Low,AUTO
2026-06-05 11:09:45,AUTO-TRB,3288.3,401.1,28.45,1.199,77.6,NORMAL,93.0,Low,AUTO
2026-06-05 11:11:46,AUTO-TRB,3328.4,513.8,29.24,0.612,88.4,NORMAL,93.0,Low,AUTO
2026-06-05 11:13:47,AUTO-TRB,2963.7,623.4,19.22,5.117,52.9,NORMAL,93.0,Low,AUTO
2026-06-05 11:15:47,AUTO-TRB,3153.1,413.7,32.62,1.077,104.8,NORMAL,93.0,Low,AUTO
2026-06-05 11:17:48,AUTO-TRB,3360.7,465.1,30.65,1.979,77.5,NORMAL,93.0,Low,AUTO
2026-06-05 11:19:49,AUTO-TRB,3403.2,474.8,31.01,2.046,93.8,NORMAL,93.0,Low,AUTO
2026-06-05 11:21:49,AUTO-TRB,3294.2,511.0,32.87,1.362,101.6,NORMAL,93.0,Low,AUTO
2026-06-05 12:19:12,AUTO-TRB,3549.6,425.4,28.36,1.506,90.3,NORMAL,93.0,Low,AUTO
2026-06-05 12:59:17,AUTO-TRB,3313.3,398.8,27.69,1.486,86.0,NORMAL,93.0,Low,AUTO
2026-06-05 13:01:17,AUTO-TRB,3503.3,519.6,30.67,0.651,96.1,NORMAL,93.0,Low,AUTO
2026-06-05 13:03:18,AUTO-TRB,3236.0,492.8,25.76,2.246,74.2,NORMAL,93.0,Low,AUTO
2026-06-05 13:05:18,AUTO-TRB,3557.2,433.1,28.0,1.681,103.3,NORMAL,93.0,Low,AUTO
2026-06-05 13:07:18,AUTO-TRB,2897.1,591.7,17.75,5.102,49.6,NORMAL,93.0,Low,AUTO
2026-06-05 13:09:19,AUTO-TRB,2884.2,607.3,17.84,4.179,56.5,NORMAL,93.0,Low,AUTO
2026-06-05 13:11:19,AUTO-TRB,3559.5,534.2,32.02,0.622,94.8,NORMAL,93.0,Low,AUTO
2026-06-05 13:13:19,AUTO-TRB,3543.2,452.9,29.53,2.409,83.3,NORMAL,93.0,Low,AUTO
2026-06-05 13:15:20,AUTO-TRB,3197.9,439.5,30.96,1.373,85.5,NORMAL,93.0,Low,AUTO
2026-06-05 13:17:20,AUTO-TRB,3326.4,537.0,31.12,0.337,79.8,NORMAL,93.0,Low,AUTO
2026-06-05 13:19:21,AUTO-TRB,2757.8,620.2,21.69,3.704,64.3,NORMAL,93.0,Low,AUTO
2026-06-05 13:21:21,AUTO-TRB,3500.3,498.2,32.96,2.423,103.4,NORMAL,93.0,Low,AUTO
2026-06-05 13:23:22,AUTO-TRB,3574.2,467.6,32.26,0.964,84.2,NORMAL,93.0,Low,AUTO
2026-06-05 14:55:34,AUTO-TRB,3228.1,424.4,31.67,1.479,89.9,NORMAL,93.0,Low,AUTO
2026-06-05 15:26:00,AUTO-TRB,3510.4,535.1,29.99,2.288,93.7,NORMAL,93.0,Low,AUTO
2026-06-05 15:34:25,AUTO-TRB,2821.6,595.7,18.49,4.003,52.9,NORMAL,93.0,Low,AUTO
2026-06-05 15:36:27,AUTO-TRB,3544.0,472.9,26.56,2.164,81.9,NORMAL,93.0,Low,AUTO
2026-06-05 15:38:27,AUTO-TRB,3264.9,394.9,29.4,0.595,74.8,NORMAL,93.0,Low,AUTO
2026-06-05 15:40:28,AUTO-TRB,3408.5,525.6,27.74,0.587,104.1,NORMAL,93.0,Low,AUTO
2026-06-05 15:42:29,AUTO-TRB,3311.2,505.2,32.2,2.353,101.5,NORMAL,93.0,Low,AUTO
2026-06-05 15:44:29,AUTO-TRB,3259.2,419.4,26.56,1.206,89.3,NORMAL,93.0,Low,AUTO
2026-06-05 15:46:30,AUTO-TRB,3280.4,449.4,30.98,1.142,79.0,NORMAL,93.0,Low,AUTO
2026-06-05 15:48:30,AUTO-TRB,3410.3,503.4,28.82,0.453,84.9,NORMAL,93.0,Low,AUTO
2026-06-05 15:52:21,AUTO-TRB,3235.7,392.0,31.83,0.49,83.1,NORMAL,93.0,Low,AUTO
2026-06-05 16:03:00,AUTO-TRB,3423.8,488.4,28.74,0.385,81.3,NORMAL,93.0,Low,AUTO
2026-06-05 16:05:00,AUTO-TRB,3444.7,433.7,27.09,0.401,73.9,NORMAL,93.0,Low,AUTO
2026-06-05 16:07:01,AUTO-TRB,3152.8,509.4,30.98,1.696,89.0,NORMAL,93.0,Low,AUTO
2026-06-05 16:09:02,AUTO-TRB,3172.8,407.2,28.87,0.928,87.8,NORMAL,93.0,Low,AUTO
2026-06-05 16:11:03,AUTO-TRB,3429.0,389.4,31.83,0.475,97.8,NORMAL,93.0,Low,AUTO
2026-06-05 16:13:03,AUTO-TRB,3288.1,490.3,25.5,1.771,85.4,NORMAL,93.0,Low,AUTO
2026-06-05 16:15:04,AUTO-TRB,3463.4,457.2,29.91,1.841,77.8,NORMAL,93.0,Low,AUTO
2026-06-05 20:43:21,AUTO-TRB,3543.2,459.4,29.61,2.052,96.0,NORMAL,93.0,Low,AUTO
2026-06-05 21:13:34,AUTO-TRB,3523.8,472.6,29.92,0.912,78.4,NORMAL,93.0,Low,AUTO
2026-06-05 21:15:35,AUTO-TRB,3220.2,489.7,29.62,1.133,72.2,NORMAL,93.0,Low,AUTO
2026-06-05 21:17:35,AUTO-TRB,2832.6,589.9,21.12,3.542,48.7,NORMAL,93.0,Low,AUTO
2026-06-06 11:24:15,AUTO-TRB,3425.7,436.9,29.71,0.737,94.8,NORMAL,93.0,Low,AUTO
2026-06-06 11:26:15,AUTO-TRB,2993.7,617.5,21.77,4.574,53.0,NORMAL,93.0,Low,AUTO
2026-06-06 11:32:30,AUTO-TRB,3396.1,511.4,29.14,2.465,77.7,NORMAL,93.0,Low,AUTO
2026-06-06 11:34:31,AUTO-TRB,3480.3,468.5,32.07,1.92,86.7,NORMAL,93.0,Low,AUTO
2026-06-06 11:36:31,AUTO-TRB,3241.7,391.9,30.75,0.484,77.7,NORMAL,93.0,Low,AUTO
2026-06-06 11:38:32,AUTO-TRB,3245.6,468.7,28.87,1.925,97.5,NORMAL,93.0,Low,AUTO
2026-06-06 11:40:32,AUTO-TRB,3350.0,464.7,25.02,0.903,87.4,NORMAL,93.0,Low,AUTO
2026-06-06 11:42:32,AUTO-TRB,2805.6,590.1,17.8,4.8,50.6,NORMAL,93.0,Low,AUTO
2026-06-06 11:44:33,AUTO-TRB,3257.5,470.5,29.17,1.004,73.4,NORMAL,93.0,Low,AUTO
2026-06-06 11:46:33,AUTO-TRB,3592.9,437.1,26.55,0.361,98.4,NORMAL,93.0,Low,AUTO
2026-06-06 11:48:34,AUTO-TRB,3599.0,480.5,28.26,1.57,94.6,NORMAL,93.0,Low,AUTO
2026-06-07 11:42:49,AUTO-TRB,3241.3,513.0,26.65,1.272,97.0,NORMAL,93.0,Low,AUTO
2026-06-07 11:44:49,AUTO-TRB,2937.9,600.4,19.9,4.859,62.2,NORMAL,93.0,Low,AUTO
2026-06-07 11:46:50,AUTO-TRB,3335.3,419.7,30.57,2.288,87.4,NORMAL,93.0,Low,AUTO
2026-06-07 11:48:50,AUTO-TRB,3435.4,439.5,28.66,1.22,74.5,NORMAL,93.0,Low,AUTO
2026-06-07 11:50:50,AUTO-TRB,3315.4,487.6,29.83,1.553,72.1,NORMAL,93.0,Low,AUTO
2026-06-07 11:52:51,AUTO-TRB,3375.2,501.4,25.29,0.34,85.9,NORMAL,93.0,Low,AUTO
2026-06-07 11:54:51,AUTO-TRB,3580.1,534.6,25.61,0.689,89.0,NORMAL,93.0,Low,AUTO
2026-06-07 11:56:52,AUTO-TRB,2793.1,619.6,19.55,3.96,60.1,NORMAL,93.0,Low,AUTO
