timestamp,machine_id,rpm,motor_power_kw,torque_nm,outlet_pressure_bar,air_flow_cfm,noise_db,outlet_temp_c,accel_x,accel_y,accel_z,h_accel_x,h_accel_y,h_accel_z,bearings,prediction,confidence,risk_level,source
2026-05-28 11:21:40,SEED-0,2647.915,16.603,48.219,5.704,300.166,81.385,98.26,0.286,0.171,0.384,0.243,0.206,0.302,0.575,DEGRADED,91.0,Medium,SEED
2026-05-28 11:31:40,SEED-1,3113.695,14.516,39.208,8.637,287.51,69.438,83.421,0.177,0.076,0.296,0.121,0.106,0.159,0.252,NORMAL,86.3,Low,SEED
2026-05-28 11:41:40,SEED-2,3063.713,12.484,36.422,8.538,304.487,75.262,85.854,0.031,0.201,0.134,0.064,0.087,0.102,0.136,NORMAL,76.7,Low,SEED
2026-05-28 11:51:40,SEED-3,3107.268,12.254,52.607,8.954,357.914,65.082,82.955,0.165,0.188,0.101,0.084,0.186,0.058,0.344,NORMAL,93.9,Low,SEED
2026-05-28 12:01:40,SEED-4,2556.586,16.386,68.17,5.929,200.605,79.778,103.516,0.462,0.442,0.481,0.442,0.377,0.456,0.636,FAULT,94.4,High,SEED
2026-05-28 12:11:40,SEED-5,2541.184,16.904,66.55,4.927,252.268,81.09,93.046,0.356,0.408,0.555,0.209,0.281,0.432,0.73,FAULT,78.6,High,SEED
2026-05-28 12:21:40,SEED-6,2702.822,15.457,42.414,6.33,341.743,76.979,75.353,0.176,0.012,0.145,0.113,0.022,0.194,0.351,NORMAL,87.1,Low,SEED
2026-05-28 12:31:40,SEED-7,3109.26,15.651,48.62,7.566,330.793,75.145,87.353,0.081,0.02,0.077,0.035,0.129,0.138,0.375,NORMAL,73.0,Low,SEED
2026-05-28 12:41:40,SEED-8,2931.351,12.793,38.19,8.511,348.28,73.227,88.35,0.282,0.087,0.078,0.047,0.162,0.06,0.22,NORMAL,93.9,Low,SEED
2026-05-28 12:51:40,SEED-9,2790.468,15.608,47.991,6.404,276.72,78.493,90.594,0.296,0.357,0.418,0.295,0.187,0.192,0.391,DEGRADED,91.0,Medium,SEED
2026-05-28 13:01:40,SEED-10,2640.729,14.252,53.843,5.517,278.739,72.151,92.419,0.253,0.281,0.403,0.199,0.191,0.204,0.387,DEGRADED,91.0,Medium,SEED
2026-05-28 13:11:40,SEED-11,2981.882,13.684,49.365,7.984,308.274,72.132,84.296,0.096,0.19,0.03,0.036,0.192,0.107,0.234,NORMAL,74.8,Low,SEED
2026-05-28 13:21:40,SEED-12,2712.176,15.21,53.223,7.978,283.129,69.913,87.03,0.097,0.035,0.298,0.082,0.025,0.132,0.259,NORMAL,82.5,Low,SEED
2026-05-28 13:31:40,SEED-13,3154.959,13.393,38.738,7.535,326.442,76.127,77.634,0.208,0.262,0.075,0.155,0.18,0.086,0.204,NORMAL,78.6,Low,SEED
2026-05-28 13:41:40,SEED-14,3152.959,12.668,52.282,8.148,345.933,77.09,81.488,0.241,0.034,0.081,0.114,0.101,0.06,0.361,NORMAL,73.5,Low,SEED
2026-05-28 13:51:40,SEED-15,2723.759,13.869,38.071,8.565,290.577,69.164,89.787,0.163,0.232,0.284,0.098,0.152,0.15,0.124,NORMAL,70.7,Low,SEED
2026-05-28 14:01:40,SEED-16,2994.31,15.022,40.138,6.296,311.793,73.502,81.446,0.042,0.049,0.144,0.146,0.116,0.135,0.32,NORMAL,80.4,Low,SEED
2026-05-28 14:11:40,SEED-17,2811.071,15.171,56.084,6.317,244.094,75.064,84.449,0.311,0.251,0.437,0.231,0.313,0.316,0.554,DEGRADED,91.0,Medium,SEED
2026-05-28 14:21:40,SEED-18,2704.555,12.224,54.886,7.897,302.884,74.249,78.086,0.214,0.102,0.271,0.178,0.013,0.105,0.361,NORMAL,83.9,Low,SEED
2026-05-28 14:31:40,SEED-19,2677.946,16.177,45.154,7.081,285.46,80.319,94.307,0.187,0.371,0.413,0.256,0.338,0.113,0.253,DEGRADED,91.0,Medium,SEED
2026-05-28 14:41:40,SEED-20,2712.614,13.281,41.668,6.651,296.602,76.577,85.075,0.211,0.127,0.067,0.115,0.111,0.19,0.161,NORMAL,91.3,Low,SEED
2026-05-28 14:51:40,SEED-21,3124.159,14.819,35.314,6.372,339.615,70.318,76.919,0.046,0.024,0.127,0.087,0.087,0.148,0.311,NORMAL,73.3,Low,SEED
2026-05-28 15:01:40,SEED-22,3151.942,13.091,41.919,6.468,297.483,66.281,86.386,0.263,0.267,0.054,0.181,0.027,0.02,0.314,NORMAL,91.6,Low,SEED
2026-05-28 15:11:40,SEED-23,2725.822,16.029,60.035,5.919,301.531,79.365,98.067,0.439,0.161,0.204,0.197,0.311,0.219,0.362,DEGRADED,91.0,Medium,SEED
2026-05-28 15:21:40,SEED-24,3183.619,13.31,54.385,6.354,294.456,72.988,78.193,0.289,0.202,0.121,0.156,0.186,0.174,0.27,NORMAL,88.9,Low,SEED
2026-05-28 15:31:40,SEED-25,2622.429,17.17,68.293,4.778,201.013,86.806,93.091,0.323,0.52,0.311,0.233,0.412,0.435,0.419,FAULT,78.0,High,SEED
2026-05-28 15:41:40,SEED-26,2833.434,15.549,60.04,7.427,240.288,75.879,95.377,0.33,0.417,0.397,0.141,0.214,0.242,0.573,DEGRADED,91.0,Medium,SEED
2026-05-28 15:51:40,SEED-27,3062.958,12.828,52.534,7.161,304.684,72.992,81.39,0.071,0.073,0.236,0.134,0.055,0.1,0.332,NORMAL,75.8,Low,SEED
2026-05-28 16:01:40,SEED-28,2621.092,17.198,68.783,4.13,266.059,89.43,97.188,0.45,0.585,0.44,0.335,0.442,0.426,0.594,FAULT,72.1,High,SEED
2026-05-28 16:11:40,SEED-29,2787.037,14.286,55.011,5.611,278.942,72.194,96.107,0.211,0.393,0.183,0.232,0.262,0.124,0.411,DEGRADED,91.0,Medium,SEED
2026-05-28 16:21:40,SEED-30,3076.811,15.738,43.461,7.774,332.954,67.662,82.648,0.033,0.239,0.195,0.077,0.058,0.045,0.25,NORMAL,79.5,Low,SEED
2026-05-28 16:31:40,SEED-31,2674.929,17.486,64.651,5.718,223.95,82.941,107.675,0.423,0.518,0.436,0.305,0.46,0.495,0.51,FAULT,84.3,High,SEED
2026-05-28 16:41:40,SEED-32,2762.745,13.269,39.644,7.814,317.572,77.442,80.243,0.278,0.157,0.207,0.167,0.03,0.104,0.225,NORMAL,77.9,Low,SEED
2026-05-28 16:51:40,SEED-33,2936.886,16.732,50.919,6.059,294.651,79.447,95.441,0.327,0.446,0.208,0.259,0.273,0.293,0.276,DEGRADED,91.0,Medium,SEED
2026-05-28 17:01:40,SEED-34,2911.929,12.811,44.145,6.252,348.497,76.73,82.772,0.144,0.241,0.16,0.193,0.012,0.11,0.297,NORMAL,84.6,Low,SEED
2026-05-28 17:11:40,SEED-35,3026.286,14.923,46.467,6.851,318.821,66.775,79.418,0.124,0.16,0.271,0.121,0.161,0.013,0.272,NORMAL,83.6,Low,SEED
2026-05-28 17:21:40,SEED-36,2951.31,12.618,49.853,8.614,290.901,77.137,87.337,0.059,0.046,0.275,0.042,0.148,0.03,0.298,NORMAL,76.4,Low,SEED
2026-05-28 17:31:40,SEED-37,2872.136,16.834,53.37,6.494,299.284,81.441,99.174,0.177,0.18,0.35,0.233,0.341,0.136,0.495,DEGRADED,91.0,Medium,SEED
2026-05-28 17:41:40,SEED-38,2648.963,17.033,67.685,5.947,255.405,80.59,93.346,0.573,0.491,0.489,0.328,0.406,0.324,0.552,FAULT,92.4,High,SEED
2026-05-28 17:51:40,SEED-39,2999.251,14.965,40.289,6.02,345.338,68.11,81.2,0.052,0.088,0.065,0.089,0.052,0.105,0.187,NORMAL,83.3,Low,SEED
2026-05-28 18:01:40,SEED-40,2718.408,14.998,47.739,6.875,345.54,67.036,85.483,0.012,0.1,0.043,0.116,0.151,0.058,0.338,NORMAL,78.7,Low,SEED
2026-05-28 18:11:40,SEED-41,3095.309,12.236,51.832,8.119,332.336,75.228,81.034,0.204,0.181,0.202,0.131,0.053,0.048,0.129,NORMAL,87.3,Low,SEED
2026-05-28 18:21:40,SEED-42,2991.907,14.325,36.505,7.553,333.521,73.588,88.485,0.217,0.204,0.089,0.109,0.141,0.193,0.263,NORMAL,87.2,Low,SEED
2026-05-28 18:31:40,SEED-43,2781.1,13.688,39.024,8.807,308.792,68.912,76.28,0.155,0.237,0.037,0.166,0.167,0.164,0.222,NORMAL,91.0,Low,SEED
2026-05-28 18:41:40,SEED-44,2911.891,14.456,45.657,6.526,294.959,77.479,86.844,0.173,0.42,0.411,0.246,0.108,0.279,0.527,DEGRADED,91.0,Medium,SEED
2026-05-28 18:51:40,SEED-45,2541.41,16.732,68.776,4.329,242.97,85.045,107.122,0.425,0.514,0.566,0.442,0.27,0.457,0.407,FAULT,90.2,High,SEED
2026-05-28 19:01:40,SEED-46,3150.314,12.453,43.621,8.76,299.653,70.886,84.983,0.19,0.151,0.037,0.079,0.075,0.059,0.347,NORMAL,89.6,Low,SEED
2026-05-28 19:11:40,SEED-47,2631.405,16.883,59.083,5.759,230.539,84.538,102.139,0.448,0.513,0.547,0.285,0.474,0.429,0.527,FAULT,92.5,High,SEED
2026-05-28 19:21:40,SEED-48,2795.87,12.204,45.708,7.452,324.16,69.134,84.474,0.185,0.029,0.269,0.063,0.072,0.157,0.156,NORMAL,87.1,Low,SEED
2026-05-28 19:31:40,SEED-49,2806.559,15.139,47.348,6.094,310.033,70.784,89.156,0.087,0.271,0.085,0.099,0.161,0.164,0.196,NORMAL,79.4,Low,SEED
2026-05-28 19:41:40,SEED-50,2614.478,17.763,63.261,5.698,245.394,87.469,106.524,0.459,0.407,0.379,0.361,0.29,0.278,0.752,FAULT,94.2,High,SEED
2026-05-28 19:51:40,SEED-51,2810.691,16.91,45.602,6.31,301.204,78.682,92.842,0.198,0.396,0.289,0.21,0.32,0.114,0.318,DEGRADED,91.0,Medium,SEED
2026-05-28 20:01:40,SEED-52,2990.251,15.478,49.312,6.981,310.574,74.082,89.6,0.183,0.031,0.105,0.17,0.048,0.067,0.218,NORMAL,76.0,Low,SEED
2026-05-28 20:11:40,SEED-53,2981.134,12.991,44.923,8.017,307.626,70.035,86.299,0.036,0.17,0.057,0.145,0.116,0.184,0.197,NORMAL,94.8,Low,SEED
2026-05-28 20:21:40,SEED-54,2796.232,12.53,37.092,7.225,312.154,65.942,78.099,0.258,0.274,0.116,0.098,0.132,0.158,0.345,NORMAL,77.4,Low,SEED
2026-05-28 20:31:40,SEED-55,2758.423,14.846,46.146,6.57,294.082,75.884,93.363,0.211,0.248,0.361,0.176,0.27,0.342,0.543,DEGRADED,91.0,Medium,SEED
2026-05-28 20:41:40,SEED-56,3097.273,15.094,51.426,8.206,335.773,73.195,81.791,0.143,0.199,0.117,0.025,0.059,0.021,0.295,NORMAL,91.1,Low,SEED
2026-05-28 20:51:40,SEED-57,3181.859,15.176,54.437,8.553,303.676,76.957,78.57,0.021,0.213,0.187,0.063,0.132,0.093,0.252,NORMAL,89.7,Low,SEED
2026-05-28 21:01:40,SEED-58,2841.315,13.947,48.711,8.077,317.669,66.997,87.784,0.061,0.294,0.28,0.157,0.198,0.191,0.346,NORMAL,84.7,Low,SEED
2026-05-28 21:11:40,SEED-59,2899.676,13.567,46.517,7.838,303.928,72.586,77.464,0.041,0.139,0.1,0.054,0.091,0.069,0.383,NORMAL,71.1,Low,SEED
2026-05-28 21:21:40,SEED-60,2862.13,16.156,60.453,7.395,266.665,76.091,85.936,0.371,0.253,0.347,0.134,0.189,0.202,0.528,DEGRADED,91.0,Medium,SEED
2026-05-28 21:31:40,SEED-61,2717.351,13.887,48.524,6.817,341.66,66.775,86.175,0.128,0.052,0.045,0.183,0.156,0.151,0.288,NORMAL,73.4,Low,SEED
2026-05-28 21:41:40,SEED-62,2593.876,17.441,57.398,5.426,202.78,88.778,92.141,0.352,0.363,0.561,0.484,0.365,0.244,0.582,FAULT,78.0,High,SEED
2026-05-28 21:51:40,SEED-63,2614.623,17.173,58.271,4.587,226.7,87.458,93.279,0.463,0.572,0.415,0.204,0.419,0.299,0.69,FAULT,83.6,High,SEED
2026-05-28 22:01:40,SEED-64,2928.185,14.249,51.979,7.417,319.786,81.081,91.323,0.292,0.358,0.259,0.348,0.117,0.152,0.288,DEGRADED,91.0,Medium,SEED
2026-05-28 22:11:40,SEED-65,2986.936,14.224,44.163,6.923,317.031,75.938,88.947,0.134,0.146,0.268,0.113,0.075,0.179,0.21,NORMAL,73.5,Low,SEED
2026-05-28 22:21:40,SEED-66,2561.038,16.853,63.498,5.97,252.199,86.018,90.076,0.46,0.367,0.469,0.496,0.206,0.283,0.427,FAULT,79.3,High,SEED
2026-05-28 22:31:40,SEED-67,2826.87,14.576,51.132,6.115,271.456,76.295,82.68,0.362,0.366,0.255,0.164,0.303,0.244,0.441,DEGRADED,91.0,Medium,SEED
2026-05-28 22:41:40,SEED-68,3041.753,13.461,43.763,7.002,351.325,74.854,79.969,0.288,0.065,0.189,0.131,0.187,0.18,0.244,NORMAL,78.1,Low,SEED
2026-05-28 22:51:40,SEED-69,3176.525,13.665,47.002,7.335,320.568,76.253,89.734,0.159,0.156,0.236,0.094,0.041,0.048,0.153,NORMAL,92.6,Low,SEED
2026-05-28 23:01:40,SEED-70,2792.123,14.207,41.77,7.288,301.566,65.184,82.137,0.184,0.17,0.227,0.181,0.167,0.16,0.299,NORMAL,70.9,Low,SEED
2026-05-28 23:11:40,SEED-71,2738.653,12.839,37.927,6.526,347.674,77.294,80.715,0.225,0.033,0.118,0.083,0.089,0.096,0.1,NORMAL,91.1,Low,SEED
2026-05-28 23:21:40,SEED-72,3105.0,15.99,51.434,8.231,294.206,66.175,78.688,0.083,0.184,0.226,0.193,0.034,0.041,0.209,NORMAL,76.4,Low,SEED
2026-05-28 23:31:40,SEED-73,2967.69,15.828,44.029,7.032,321.413,77.114,89.797,0.254,0.199,0.217,0.176,0.116,0.041,0.143,NORMAL,88.1,Low,SEED
2026-05-28 23:41:40,SEED-74,3104.226,13.124,43.438,7.139,295.951,74.649,84.301,0.125,0.178,0.054,0.016,0.03,0.112,0.36,NORMAL,87.2,Low,SEED
2026-05-28 23:51:40,SEED-75,2820.678,14.819,52.895,7.135,332.667,76.161,84.352,0.152,0.172,0.076,0.137,0.07,0.083,0.12,NORMAL,73.8,Low,SEED
2026-05-29 00:01:40,SEED-76,2654.543,16.032,65.599,5.161,202.208,86.232,102.9,0.588,0.304,0.525,0.357,0.301,0.317,0.484,FAULT,79.4,High,SEED
2026-05-29 00:11:40,SEED-77,2627.242,14.9,61.977,6.692,313.982,78.137,87.092,0.161,0.293,0.313,0.198,0.312,0.261,0.333,DEGRADED,91.0,Medium,SEED
2026-05-29 00:21:40,SEED-78,3006.681,13.483,35.544,7.91,298.712,77.445,84.308,0.109,0.058,0.017,0.143,0.173,0.075,0.316,NORMAL,72.6,Low,SEED
2026-05-29 00:31:40,SEED-79,3077.876,12.01,44.192,7.895,300.904,74.164,78.954,0.218,0.181,0.018,0.188,0.108,0.165,0.393,NORMAL,89.0,Low,SEED
2026-05-29 00:41:40,SEED-80,2949.062,15.013,46.899,6.208,338.101,69.495,84.664,0.117,0.21,0.142,0.183,0.134,0.139,0.187,NORMAL,82.3,Low,SEED
2026-05-29 00:51:40,SEED-81,3111.704,14.858,38.42,6.949,302.501,74.624,75.871,0.129,0.086,0.246,0.015,0.137,0.196,0.336,NORMAL,74.1,Low,SEED
2026-05-29 01:01:40,SEED-82,2625.108,16.203,55.872,5.594,268.113,87.334,95.992,0.435,0.353,0.534,0.27,0.295,0.413,0.472,FAULT,74.1,High,SEED
2026-05-29 01:11:40,SEED-83,2855.236,14.401,53.358,7.81,354.584,71.231,78.491,0.022,0.028,0.171,0.099,0.033,0.196,0.222,NORMAL,94.0,Low,SEED
2026-05-29 01:21:40,SEED-84,2720.6,15.841,49.172,8.859,333.973,71.666,83.816,0.251,0.175,0.017,0.153,0.152,0.143,0.315,NORMAL,89.1,Low,SEED
2026-05-29 01:31:40,SEED-85,2924.14,12.567,39.056,8.676,309.519,73.917,83.638,0.082,0.017,0.19,0.026,0.141,0.03,0.212,NORMAL,80.3,Low,SEED
2026-05-29 01:41:40,SEED-86,2941.321,13.871,41.758,8.335,338.658,65.942,86.189,0.266,0.03,0.129,0.077,0.18,0.121,0.392,NORMAL,86.6,Low,SEED
2026-05-29 01:51:40,SEED-87,2601.506,17.244,58.272,5.025,205.74,82.023,101.542,0.497,0.589,0.416,0.423,0.207,0.474,0.621,FAULT,76.7,High,SEED
2026-05-29 02:01:40,SEED-88,2753.302,12.895,35.45,8.991,349.24,66.755,83.56,0.011,0.07,0.054,0.121,0.135,0.049,0.271,NORMAL,84.9,Low,SEED
2026-05-29 02:11:40,SEED-89,2809.687,13.99,53.342,6.884,334.874,73.424,85.393,0.239,0.256,0.191,0.134,0.112,0.151,0.29,NORMAL,85.7,Low,SEED
2026-05-29 02:21:40,SEED-90,2608.505,16.351,68.305,5.533,233.403,88.545,95.884,0.319,0.432,0.578,0.273,0.277,0.283,0.439,FAULT,85.2,High,SEED
2026-05-29 02:31:40,SEED-91,2886.007,12.118,41.926,6.379,290.071,77.914,79.682,0.083,0.205,0.067,0.188,0.192,0.121,0.228,NORMAL,77.5,Low,SEED
2026-05-29 02:41:40,SEED-92,2915.415,14.497,50.043,6.034,325.32,69.706,86.312,0.159,0.243,0.242,0.157,0.18,0.036,0.311,NORMAL,72.8,Low,SEED
2026-05-29 02:51:40,SEED-93,2660.6,14.952,53.562,6.606,279.075,79.091,93.564,0.393,0.291,0.442,0.24,0.121,0.287,0.504,DEGRADED,91.0,Medium,SEED
2026-05-29 03:01:40,SEED-94,2824.805,14.476,55.781,7.225,301.29,83.995,86.954,0.386,0.447,0.348,0.175,0.155,0.16,0.408,DEGRADED,91.0,Medium,SEED
2026-05-29 03:11:40,SEED-95,2910.475,15.961,57.157,6.877,252.098,73.45,85.838,0.242,0.38,0.251,0.142,0.123,0.204,0.434,DEGRADED,91.0,Medium,SEED
2026-05-29 03:21:40,SEED-96,2940.732,14.538,51.37,7.107,309.374,74.618,86.044,0.257,0.141,0.049,0.034,0.12,0.123,0.14,NORMAL,73.2,Low,SEED
2026-05-29 03:31:40,SEED-97,2919.127,16.158,51.34,5.072,309.099,76.136,93.434,0.339,0.365,0.402,0.321,0.289,0.129,0.441,DEGRADED,91.0,Medium,SEED
2026-05-29 03:41:40,SEED-98,3081.669,13.241,41.118,7.763,308.129,72.948,89.222,0.138,0.156,0.064,0.074,0.044,0.137,0.184,NORMAL,87.5,Low,SEED
2026-05-29 03:51:40,SEED-99,2627.391,16.67,56.294,4.3,211.433,87.143,94.258,0.481,0.397,0.589,0.248,0.372,0.385,0.579,FAULT,94.9,High,SEED
2026-05-29 04:01:40,SEED-100,3023.437,13.144,50.219,8.243,314.134,75.553,79.283,0.101,0.298,0.093,0.157,0.106,0.122,0.31,NORMAL,81.4,Low,SEED
2026-05-29 04:11:40,SEED-101,2936.657,15.824,51.928,7.604,353.575,65.459,85.062,0.013,0.26,0.052,0.194,0.062,0.141,0.27,NORMAL,89.1,Low,SEED
2026-05-29 04:21:40,SEED-102,2510.13,17.123,65.245,5.837,222.447,79.471,91.654,0.446,0.35,0.517,0.482,0.37,0.205,0.623,FAULT,77.1,High,SEED
2026-05-29 04:31:40,SEED-103,3049.842,12.862,37.443,6.312,345.89,73.576,78.827,0.084,0.018,0.179,0.061,0.073,0.082,0.162,NORMAL,83.0,Low,SEED
2026-05-29 04:41:40,SEED-104,2866.981,14.734,42.618,6.284,289.624,76.208,77.561,0.174,0.205,0.277,0.108,0.164,0.084,0.346,NORMAL,93.0,Low,SEED
2026-05-29 04:51:40,SEED-105,2579.949,17.732,68.583,5.327,219.801,89.166,96.204,0.401,0.356,0.56,0.368,0.388,0.371,0.598,FAULT,83.1,High,SEED
2026-05-29 05:01:40,SEED-106,3196.687,13.597,46.43,8.454,332.595,68.824,82.888,0.035,0.016,0.253,0.162,0.118,0.125,0.278,NORMAL,80.3,Low,SEED
2026-05-29 05:11:40,SEED-107,2539.014,16.854,63.993,5.323,272.248,82.815,98.75,0.502,0.409,0.435,0.451,0.324,0.285,0.446,FAULT,91.3,High,SEED
2026-05-29 05:21:40,SEED-108,2895.162,13.86,43.809,7.93,350.566,76.926,77.26,0.162,0.033,0.211,0.031,0.091,0.134,0.295,NORMAL,92.9,Low,SEED
2026-05-29 05:31:40,SEED-109,2754.761,14.277,59.824,6.035,274.243,79.344,92.558,0.273,0.384,0.35,0.342,0.215,0.256,0.587,DEGRADED,91.0,Medium,SEED
2026-05-29 05:41:40,SEED-110,3042.345,12.139,40.824,7.902,290.933,68.249,86.435,0.293,0.239,0.287,0.174,0.046,0.18,0.307,NORMAL,78.9,Low,SEED
2026-05-29 05:51:40,SEED-111,2768.224,13.74,36.641,8.694,357.722,68.494,87.757,0.219,0.011,0.019,0.018,0.086,0.135,0.241,NORMAL,81.5,Low,SEED
2026-05-29 06:01:40,SEED-112,2723.072,13.075,49.507,6.417,341.91,70.092,82.897,0.054,0.03,0.212,0.045,0.09,0.135,0.306,NORMAL,94.4,Low,SEED
2026-05-29 06:11:40,SEED-113,3071.06,12.233,38.343,6.062,305.334,72.705,77.556,0.194,0.015,0.041,0.121,0.05,0.16,0.348,NORMAL,74.8,Low,SEED
2026-05-29 06:21:40,SEED-114,2950.607,15.439,52.507,6.574,342.632,75.355,75.655,0.108,0.076,0.084,0.081,0.099,0.1,0.201,NORMAL,73.5,Low,SEED
2026-05-29 06:31:40,SEED-115,2958.624,15.75,43.545,6.228,336.713,65.617,83.115,0.112,0.208,0.234,0.159,0.099,0.021,0.131,NORMAL,76.6,Low,SEED
2026-05-29 06:41:40,SEED-116,2868.114,12.313,52.728,7.69,315.904,68.425,86.456,0.226,0.045,0.229,0.081,0.14,0.169,0.338,NORMAL,75.3,Low,SEED
2026-05-29 06:51:40,SEED-117,2619.365,16.103,64.806,4.767,233.199,86.931,90.828,0.44,0.44,0.382,0.338,0.477,0.497,0.632,FAULT,86.0,High,SEED
2026-05-29 07:01:40,SEED-118,2898.877,14.844,54.339,5.129,294.958,73.968,83.126,0.157,0.369,0.362,0.303,0.143,0.14,0.428,DEGRADED,91.0,Medium,SEED
2026-05-29 07:11:40,SEED-119,3087.721,15.179,54.993,6.48,319.016,67.377,78.209,0.186,0.208,0.073,0.053,0.182,0.172,0.282,NORMAL,73.5,Low,SEED
2026-05-29 07:21:40,SEED-120,2847.004,14.44,50.567,7.354,315.321,82.705,88.979,0.357,0.389,0.233,0.256,0.198,0.14,0.373,DEGRADED,91.0,Medium,SEED
2026-05-29 07:31:40,SEED-121,3013.344,12.291,50.914,7.038,287.601,73.962,87.915,0.249,0.088,0.282,0.077,0.189,0.068,0.161,NORMAL,94.5,Low,SEED
2026-05-29 07:41:40,SEED-122,2814.935,14.075,52.404,6.949,324.41,74.673,77.885,0.023,0.133,0.175,0.093,0.082,0.163,0.24,NORMAL,78.9,Low,SEED
2026-05-29 07:51:40,SEED-123,2697.096,14.634,47.548,5.289,297.599,79.809,92.318,0.372,0.399,0.198,0.161,0.214,0.201,0.427,DEGRADED,91.0,Medium,SEED
2026-05-29 08:01:40,SEED-124,2529.69,16.065,67.517,4.149,259.392,84.605,93.592,0.381,0.409,0.558,0.375,0.217,0.327,0.593,FAULT,78.1,High,SEED
2026-05-29 08:11:40,SEED-125,3044.138,12.858,35.619,7.74,347.572,70.525,85.391,0.08,0.157,0.098,0.05,0.103,0.084,0.352,NORMAL,72.3,Low,SEED
2026-05-29 08:21:40,SEED-126,2576.783,16.811,59.06,5.367,255.074,86.75,106.524,0.534,0.561,0.54,0.43,0.423,0.217,0.508,FAULT,92.8,High,SEED
2026-05-29 08:31:40,SEED-127,2649.123,15.524,54.041,5.182,259.915,75.297,84.324,0.281,0.364,0.321,0.248,0.144,0.118,0.369,DEGRADED,91.0,Medium,SEED
2026-05-29 08:41:40,SEED-128,2921.478,14.169,50.542,7.294,310.672,72.885,81.718,0.163,0.263,0.053,0.189,0.189,0.116,0.351,NORMAL,70.6,Low,SEED
2026-05-29 08:51:40,SEED-129,2900.588,15.772,61.899,6.812,273.493,80.565,98.913,0.383,0.395,0.414,0.255,0.236,0.211,0.297,DEGRADED,91.0,Medium,SEED
2026-05-29 09:01:40,SEED-130,2875.536,12.925,50.295,6.571,326.535,70.729,84.592,0.144,0.117,0.016,0.074,0.182,0.076,0.171,NORMAL,94.2,Low,SEED
2026-05-29 09:11:40,SEED-131,2735.44,15.867,42.608,7.647,282.706,73.889,76.194,0.219,0.278,0.011,0.115,0.045,0.047,0.137,NORMAL,80.8,Low,SEED
2026-05-29 09:21:40,SEED-132,2930.168,15.035,58.327,5.404,307.449,75.884,93.743,0.178,0.371,0.194,0.199,0.259,0.161,0.326,DEGRADED,91.0,Medium,SEED
2026-05-29 09:31:40,SEED-133,2865.976,13.566,46.998,8.023,341.56,68.332,76.547,0.094,0.282,0.186,0.073,0.049,0.177,0.122,NORMAL,85.4,Low,SEED
2026-05-29 09:41:40,SEED-134,3115.852,14.301,53.419,6.706,343.535,66.68,78.258,0.22,0.112,0.258,0.105,0.112,0.162,0.104,NORMAL,94.9,Low,SEED
2026-05-29 09:51:40,SEED-135,2764.311,12.566,39.911,7.187,296.991,74.779,82.512,0.253,0.18,0.207,0.128,0.181,0.061,0.249,NORMAL,77.5,Low,SEED
2026-05-29 10:01:40,SEED-136,2954.483,14.411,46.373,6.072,281.414,72.078,80.647,0.134,0.052,0.166,0.057,0.035,0.103,0.18,NORMAL,76.0,Low,SEED
2026-05-29 10:11:40,SEED-137,2693.002,16.037,69.81,4.82,249.599,78.604,91.285,0.348,0.527,0.351,0.475,0.325,0.47,0.459,FAULT,90.8,High,SEED
2026-05-29 10:21:40,SEED-138,2877.959,12.848,47.295,7.591,339.896,77.137,77.172,0.217,0.101,0.207,0.022,0.066,0.012,0.162,NORMAL,76.0,Low,SEED
2026-05-29 10:31:40,SEED-139,2946.195,14.753,39.569,6.058,329.345,71.101,79.338,0.252,0.014,0.14,0.188,0.032,0.06,0.281,NORMAL,74.9,Low,SEED
2026-05-29 10:41:40,SEED-140,2866.447,14.769,55.859,6.599,275.761,83.737,87.628,0.314,0.226,0.163,0.133,0.223,0.322,0.386,DEGRADED,91.0,Medium,SEED
2026-05-29 10:51:40,SEED-141,2989.427,13.178,53.609,6.464,328.918,69.685,76.152,0.179,0.266,0.099,0.152,0.015,0.129,0.321,NORMAL,94.7,Low,SEED
2026-05-29 11:01:40,SEED-142,2681.116,14.936,50.282,5.106,308.275,75.247,84.88,0.45,0.395,0.287,0.347,0.159,0.261,0.5,DEGRADED,91.0,Medium,SEED
2026-05-29 11:11:40,SEED-143,2767.042,16.14,46.692,6.948,256.419,77.944,83.914,0.359,0.176,0.361,0.243,0.186,0.335,0.419,DEGRADED,91.0,Medium,SEED
2026-05-29 11:21:40,SEED-144,2840.249,16.653,56.303,5.704,245.585,76.334,97.61,0.328,0.302,0.189,0.301,0.191,0.243,0.412,DEGRADED,91.0,Medium,SEED
2026-05-29 11:31:40,SEED-145,3054.585,13.678,45.004,6.553,355.163,65.364,81.245,0.299,0.221,0.164,0.024,0.116,0.076,0.213,NORMAL,85.1,Low,SEED
2026-05-29 11:41:40,SEED-146,2611.012,16.085,60.266,4.989,262.043,89.618,94.302,0.333,0.487,0.466,0.289,0.223,0.342,0.49,FAULT,78.6,High,SEED
2026-05-29 11:51:40,SEED-147,2692.532,16.728,68.954,4.979,248.715,78.985,92.772,0.304,0.337,0.449,0.206,0.394,0.322,0.488,FAULT,80.3,High,SEED
2026-05-29 12:01:40,SEED-148,2875.32,14.879,53.436,7.363,303.586,73.326,93.446,0.376,0.423,0.241,0.273,0.258,0.148,0.552,DEGRADED,91.0,Medium,SEED
2026-05-29 12:11:40,SEED-149,3153.842,14.927,41.804,7.012,293.373,69.016,75.337,0.178,0.033,0.255,0.083,0.053,0.156,0.266,NORMAL,90.4,Low,SEED
2026-05-29 12:21:40,SEED-150,2757.627,15.903,46.34,6.23,307.562,67.126,76.829,0.199,0.151,0.142,0.166,0.12,0.03,0.278,NORMAL,70.2,Low,SEED
2026-05-29 12:31:40,SEED-151,3144.52,13.36,46.435,8.125,293.722,72.296,77.036,0.178,0.088,0.275,0.085,0.01,0.189,0.147,NORMAL,70.9,Low,SEED
2026-05-29 12:41:40,SEED-152,2843.81,14.179,48.757,5.379,301.547,82.098,87.395,0.237,0.156,0.182,0.132,0.281,0.269,0.538,DEGRADED,91.0,Medium,SEED
2026-05-29 12:51:40,SEED-153,2542.611,16.541,55.975,4.933,260.439,80.674,96.935,0.41,0.305,0.553,0.408,0.454,0.401,0.703,FAULT,91.7,High,SEED
2026-05-29 13:01:40,SEED-154,2762.625,14.678,45.003,5.786,315.727,77.983,99.928,0.372,0.199,0.438,0.192,0.289,0.227,0.574,DEGRADED,91.0,Medium,SEED
2026-05-29 13:11:40,SEED-155,2633.566,17.805,57.127,4.071,273.145,79.058,104.342,0.428,0.326,0.506,0.461,0.205,0.31,0.603,FAULT,90.3,High,SEED
2026-05-29 13:21:40,SEED-156,3163.753,12.509,46.865,6.977,303.676,75.26,78.7,0.076,0.112,0.019,0.022,0.104,0.088,0.148,NORMAL,83.9,Low,SEED
2026-05-29 13:31:40,SEED-157,2677.922,16.907,57.876,5.639,226.448,83.638,97.631,0.403,0.5,0.326,0.379,0.424,0.447,0.442,FAULT,75.5,High,SEED
2026-05-29 13:41:40,SEED-158,2635.751,17.309,55.318,5.649,209.637,84.588,90.765,0.534,0.436,0.54,0.347,0.458,0.413,0.477,FAULT,84.7,High,SEED
2026-05-29 13:51:40,SEED-159,2931.719,16.11,51.871,5.037,308.66,79.389,88.407,0.363,0.325,0.339,0.338,0.259,0.338,0.579,DEGRADED,91.0,Medium,SEED
2026-05-29 14:01:40,SEED-160,2980.161,15.877,39.77,6.01,322.951,69.824,80.856,0.245,0.263,0.04,0.085,0.166,0.045,0.198,NORMAL,78.9,Low,SEED
2026-05-29 14:11:40,SEED-161,2505.975,17.734,67.965,4.271,225.859,81.936,98.746,0.42,0.401,0.415,0.497,0.26,0.208,0.611,FAULT,81.5,High,SEED
2026-05-29 14:21:40,SEED-162,2656.958,16.911,46.175,5.386,310.978,75.14,92.397,0.4,0.253,0.41,0.12,0.26,0.226,0.488,DEGRADED,91.0,Medium,SEED
2026-05-29 14:31:40,SEED-163,3001.028,15.363,48.321,8.609,352.958,68.044,82.107,0.281,0.188,0.29,0.185,0.2,0.175,0.323,NORMAL,79.7,Low,SEED
2026-05-29 14:41:40,SEED-164,2636.579,16.638,45.936,6.532,263.427,71.659,87.449,0.354,0.351,0.31,0.253,0.289,0.268,0.414,DEGRADED,91.0,Medium,SEED
2026-05-29 14:51:40,SEED-165,3042.78,15.161,40.932,6.273,343.003,66.518,83.469,0.139,0.262,0.244,0.179,0.113,0.101,0.398,NORMAL,74.2,Low,SEED
2026-05-29 15:01:40,SEED-166,2902.435,15.982,38.581,7.357,338.207,68.904,82.068,0.099,0.294,0.012,0.076,0.122,0.129,0.121,NORMAL,79.3,Low,SEED
2026-05-29 15:11:40,SEED-167,2889.131,13.794,37.705,6.248,303.281,68.357,77.581,0.212,0.035,0.235,0.155,0.093,0.143,0.115,NORMAL,86.6,Low,SEED
2026-05-29 15:21:40,SEED-168,2970.699,12.715,40.027,6.83,337.665,71.611,83.721,0.181,0.158,0.175,0.019,0.041,0.03,0.366,NORMAL,72.2,Low,SEED
2026-05-29 15:31:40,SEED-169,2937.073,13.808,41.342,8.835,326.661,65.361,87.537,0.157,0.28,0.241,0.075,0.164,0.103,0.381,NORMAL,89.2,Low,SEED
2026-05-29 15:41:40,SEED-170,2609.168,17.549,66.582,4.543,266.793,83.712,101.398,0.599,0.428,0.459,0.339,0.208,0.423,0.488,FAULT,75.0,High,SEED
2026-05-29 15:51:40,SEED-171,2597.117,16.17,64.661,4.335,217.716,87.746,101.987,0.54,0.34,0.325,0.279,0.229,0.363,0.626,FAULT,76.0,High,SEED
2026-05-29 16:01:40,SEED-172,2779.277,13.061,40.666,6.155,339.859,71.667,76.246,0.13,0.142,0.125,0.085,0.067,0.03,0.158,NORMAL,91.9,Low,SEED
2026-05-29 16:11:40,SEED-173,2523.098,17.892,56.898,4.409,202.44,84.381,90.352,0.572,0.534,0.315,0.388,0.373,0.448,0.759,FAULT,72.8,High,SEED
2026-05-29 16:21:40,SEED-174,2783.709,13.121,42.178,8.909,280.487,69.204,82.332,0.074,0.047,0.206,0.182,0.136,0.1,0.353,NORMAL,73.7,Low,SEED
2026-05-29 16:31:40,SEED-175,2872.841,16.891,58.756,5.484,252.832,76.389,83.281,0.216,0.241,0.413,0.231,0.159,0.159,0.439,DEGRADED,91.0,Medium,SEED
2026-05-29 16:41:40,SEED-176,2650.425,15.475,58.491,6.145,294.963,72.631,88.328,0.308,0.346,0.425,0.179,0.185,0.192,0.278,DEGRADED,91.0,Medium,SEED
2026-05-29 16:51:40,SEED-177,3056.495,14.367,43.656,7.871,332.995,69.445,75.365,0.024,0.289,0.07,0.024,0.037,0.173,0.165,NORMAL,86.9,Low,SEED
2026-05-29 17:01:40,SEED-178,2777.504,14.027,48.586,6.907,302.478,74.587,99.489,0.443,0.204,0.247,0.119,0.124,0.136,0.558,DEGRADED,91.0,Medium,SEED
2026-05-29 17:11:40,SEED-179,2818.183,12.186,45.497,8.727,296.642,68.4,88.22,0.108,0.225,0.285,0.174,0.127,0.034,0.185,NORMAL,90.1,Low,SEED
2026-05-29 17:21:40,SEED-180,2942.814,16.069,46.294,6.019,305.88,76.927,96.671,0.449,0.407,0.243,0.113,0.156,0.24,0.367,DEGRADED,91.0,Medium,SEED
2026-05-29 17:31:40,SEED-181,2631.265,14.174,60.547,6.047,274.804,72.728,92.296,0.269,0.18,0.177,0.208,0.15,0.25,0.427,DEGRADED,91.0,Medium,SEED
2026-05-29 17:41:40,SEED-182,2783.519,12.971,50.725,8.844,333.525,70.18,84.027,0.29,0.097,0.178,0.071,0.171,0.151,0.112,NORMAL,72.2,Low,SEED
2026-05-29 17:51:40,SEED-183,2715.916,12.806,37.53,6.195,281.864,65.716,83.419,0.027,0.016,0.23,0.139,0.063,0.038,0.194,NORMAL,86.2,Low,SEED
2026-05-29 18:01:40,SEED-184,3001.406,12.078,40.361,8.099,333.772,77.955,88.059,0.016,0.191,0.167,0.011,0.053,0.11,0.304,NORMAL,71.2,Low,SEED
2026-05-29 18:11:40,SEED-185,2834.41,15.38,38.98,7.136,282.338,72.516,82.164,0.248,0.049,0.077,0.146,0.184,0.195,0.267,NORMAL,86.3,Low,SEED
2026-05-29 18:21:40,SEED-186,3026.66,13.727,54.463,6.248,311.7,69.062,78.088,0.266,0.148,0.013,0.11,0.053,0.019,0.282,NORMAL,89.7,Low,SEED
2026-05-29 18:31:40,SEED-187,3032.0,13.11,52.121,7.208,335.092,74.604,75.236,0.234,0.081,0.151,0.049,0.152,0.112,0.278,NORMAL,87.4,Low,SEED
2026-05-29 18:41:40,SEED-188,2632.007,15.452,62.175,6.989,252.94,74.635,91.553,0.299,0.356,0.19,0.171,0.172,0.149,0.452,DEGRADED,91.0,Medium,SEED
2026-05-29 18:51:40,SEED-189,2995.721,14.381,41.165,6.138,309.182,73.807,76.04,0.18,0.176,0.106,0.124,0.062,0.154,0.345,NORMAL,71.5,Low,SEED
2026-05-29 19:01:40,SEED-190,2767.854,14.758,43.668,7.742,341.883,75.614,81.619,0.032,0.158,0.271,0.109,0.147,0.023,0.168,NORMAL,88.6,Low,SEED
2026-05-29 19:11:40,SEED-191,2884.422,15.053,36.802,8.281,295.583,65.721,78.917,0.05,0.23,0.128,0.152,0.172,0.091,0.282,NORMAL,88.9,Low,SEED
2026-05-29 19:21:40,SEED-192,2637.917,17.601,67.305,4.731,266.033,78.226,96.234,0.47,0.599,0.486,0.327,0.26,0.3,0.423,FAULT,89.8,High,SEED
2026-05-29 19:31:40,SEED-193,2718.5,12.097,47.319,7.192,338.509,76.405,79.054,0.141,0.267,0.237,0.09,0.161,0.058,0.39,NORMAL,83.7,Low,SEED
2026-05-29 19:41:40,SEED-194,2615.661,16.988,47.837,6.254,274.818,72.802,88.132,0.23,0.443,0.391,0.25,0.274,0.174,0.551,DEGRADED,91.0,Medium,SEED
2026-05-29 19:51:40,SEED-195,2873.017,14.595,50.811,7.451,244.135,72.832,97.353,0.178,0.213,0.35,0.141,0.237,0.348,0.498,DEGRADED,91.0,Medium,SEED
2026-05-29 20:01:40,SEED-196,2740.969,14.968,49.551,7.539,285.035,68.618,88.256,0.044,0.199,0.293,0.052,0.094,0.187,0.124,NORMAL,70.7,Low,SEED
2026-05-29 20:11:40,SEED-197,3146.71,15.615,50.618,6.906,295.258,71.396,89.243,0.158,0.09,0.054,0.129,0.102,0.175,0.384,NORMAL,80.3,Low,SEED
2026-05-29 20:21:40,SEED-198,2748.361,15.352,56.769,7.176,271.311,72.329,89.943,0.172,0.446,0.387,0.182,0.211,0.339,0.362,DEGRADED,91.0,Medium,SEED
2026-05-29 20:31:40,SEED-199,2812.582,16.818,57.907,6.684,315.572,74.362,92.278,0.235,0.256,0.346,0.34,0.276,0.154,0.505,DEGRADED,91.0,Medium,SEED
2026-05-29 20:41:40,SEED-200,2717.787,13.38,44.601,6.796,332.311,73.099,86.487,0.18,0.053,0.029,0.059,0.142,0.165,0.163,NORMAL,93.4,Low,SEED
2026-05-29 20:51:40,SEED-201,3126.098,12.424,51.502,8.133,284.027,69.238,86.671,0.234,0.047,0.108,0.111,0.197,0.11,0.116,NORMAL,92.0,Low,SEED
2026-05-29 21:01:40,SEED-202,2828.881,15.776,43.274,8.192,355.123,76.863,86.355,0.023,0.091,0.038,0.192,0.111,0.11,0.238,NORMAL,81.1,Low,SEED
2026-05-29 21:11:40,SEED-203,2664.511,16.239,60.592,5.288,260.89,83.971,97.78,0.366,0.379,0.289,0.29,0.202,0.221,0.31,DEGRADED,91.0,Medium,SEED
2026-05-29 21:21:40,SEED-204,2792.037,16.964,51.111,6.963,313.322,78.738,96.867,0.318,0.334,0.422,0.287,0.278,0.241,0.315,DEGRADED,91.0,Medium,SEED
2026-05-29 21:31:40,SEED-205,2742.578,14.83,45.092,7.722,304.15,66.529,87.944,0.244,0.217,0.236,0.107,0.167,0.191,0.238,NORMAL,84.7,Low,SEED
2026-05-29 21:41:40,SEED-206,2710.511,14.008,47.811,5.065,274.881,74.942,95.113,0.308,0.257,0.401,0.28,0.134,0.253,0.41,DEGRADED,91.0,Medium,SEED
2026-05-29 21:51:40,SEED-207,3033.029,14.241,51.604,8.761,304.66,65.685,85.073,0.069,0.232,0.121,0.097,0.177,0.078,0.231,NORMAL,81.3,Low,SEED
2026-05-29 22:01:40,SEED-208,3140.467,14.719,40.266,8.799,359.366,71.461,80.169,0.085,0.294,0.214,0.165,0.116,0.142,0.174,NORMAL,72.3,Low,SEED
2026-05-29 22:11:40,SEED-209,2946.878,12.354,49.197,8.672,353.907,69.817,89.755,0.044,0.225,0.177,0.18,0.077,0.162,0.246,NORMAL,87.2,Low,SEED
2026-05-29 22:21:40,SEED-210,2830.938,16.663,48.208,5.585,278.212,74.499,88.011,0.374,0.173,0.194,0.285,0.333,0.258,0.482,DEGRADED,91.0,Medium,SEED
2026-05-29 22:31:40,SEED-211,2697.457,15.842,47.715,7.137,279.02,73.513,91.107,0.434,0.276,0.422,0.192,0.295,0.255,0.359,DEGRADED,91.0,Medium,SEED
2026-05-29 22:41:40,SEED-212,2716.937,14.074,57.056,6.148,302.947,83.099,86.604,0.246,0.414,0.424,0.184,0.191,0.303,0.534,DEGRADED,91.0,Medium,SEED
2026-05-29 22:51:40,SEED-213,3102.48,12.58,45.823,7.989,292.841,74.179,76.97,0.207,0.135,0.128,0.079,0.1,0.171,0.153,NORMAL,85.2,Low,SEED
2026-05-29 23:01:40,SEED-214,2513.247,16.048,56.072,5.508,256.519,79.126,104.047,0.322,0.396,0.401,0.313,0.495,0.226,0.734,FAULT,76.4,High,SEED
2026-05-29 23:11:40,SEED-215,2947.418,13.684,42.698,8.767,353.439,65.223,77.169,0.108,0.026,0.218,0.186,0.169,0.162,0.146,NORMAL,82.3,Low,SEED
2026-05-29 23:21:40,SEED-216,2500.586,17.176,67.159,5.927,208.674,79.894,97.015,0.518,0.561,0.6,0.461,0.484,0.217,0.478,FAULT,85.7,High,SEED
2026-05-29 23:31:40,SEED-217,2581.41,17.098,69.593,5.173,256.387,79.778,90.004,0.525,0.559,0.466,0.223,0.373,0.362,0.607,FAULT,93.7,High,SEED
2026-05-29 23:41:40,SEED-218,3181.787,13.449,48.45,8.895,292.423,71.558,86.757,0.073,0.246,0.082,0.015,0.1,0.192,0.248,NORMAL,90.6,Low,SEED
2026-05-29 23:51:40,SEED-219,2885.902,15.036,47.396,6.604,312.638,81.982,89.251,0.438,0.403,0.264,0.151,0.117,0.14,0.306,DEGRADED,91.0,Medium,SEED
2026-05-30 00:01:40,SEED-220,2947.276,14.462,50.46,6.245,266.826,82.216,83.749,0.186,0.443,0.409,0.276,0.235,0.288,0.374,DEGRADED,91.0,Medium,SEED
2026-05-30 00:11:40,SEED-221,2601.555,16.66,60.644,4.963,242.551,86.511,108.493,0.372,0.303,0.365,0.273,0.424,0.316,0.758,FAULT,80.1,High,SEED
2026-05-30 00:21:40,SEED-222,2687.518,17.142,62.672,5.25,239.774,85.983,93.335,0.514,0.595,0.53,0.385,0.494,0.376,0.476,FAULT,94.7,High,SEED
2026-05-30 00:31:40,SEED-223,3112.085,15.084,43.731,6.875,286.776,68.379,82.733,0.15,0.168,0.08,0.084,0.16,0.083,0.39,NORMAL,75.8,Low,SEED
2026-05-30 00:41:40,SEED-224,2632.16,14.09,49.271,5.147,303.632,80.944,87.762,0.414,0.201,0.23,0.144,0.134,0.253,0.526,DEGRADED,91.0,Medium,SEED
2026-05-30 00:51:40,SEED-225,2897.233,15.704,46.327,5.483,241.833,79.754,85.695,0.352,0.38,0.429,0.107,0.158,0.284,0.537,DEGRADED,91.0,Medium,SEED
2026-05-30 01:01:40,SEED-226,3162.145,12.315,49.053,6.019,344.753,73.072,80.347,0.128,0.177,0.071,0.154,0.026,0.104,0.167,NORMAL,74.4,Low,SEED
2026-05-30 01:11:40,SEED-227,3059.678,13.29,52.132,6.529,339.842,66.676,85.988,0.087,0.017,0.082,0.018,0.089,0.091,0.185,NORMAL,71.0,Low,SEED
2026-05-30 01:21:40,SEED-228,3140.325,15.823,44.761,8.71,292.504,69.503,81.671,0.154,0.067,0.18,0.06,0.101,0.11,0.112,NORMAL,88.0,Low,SEED
2026-05-30 01:31:40,SEED-229,3087.307,12.946,47.28,8.627,333.015,65.585,78.97,0.128,0.05,0.045,0.019,0.136,0.019,0.16,NORMAL,73.7,Low,SEED
2026-05-30 01:41:40,SEED-230,2736.774,16.039,47.861,6.882,270.935,75.513,82.811,0.251,0.414,0.29,0.179,0.241,0.348,0.366,DEGRADED,91.0,Medium,SEED
2026-05-30 01:51:40,SEED-231,2859.945,14.953,57.817,5.566,288.203,71.729,99.19,0.326,0.368,0.194,0.184,0.236,0.256,0.41,DEGRADED,91.0,Medium,SEED
2026-05-30 02:01:40,SEED-232,2636.227,16.024,64.655,5.622,259.44,78.796,90.485,0.354,0.563,0.358,0.321,0.434,0.297,0.67,FAULT,93.1,High,SEED
2026-05-30 02:11:40,SEED-233,3061.251,12.973,53.846,8.002,355.009,66.315,89.03,0.173,0.061,0.261,0.166,0.124,0.013,0.39,NORMAL,86.3,Low,SEED
2026-05-30 02:21:40,SEED-234,2901.479,14.602,52.237,5.388,248.627,81.968,93.93,0.238,0.412,0.394,0.158,0.263,0.203,0.557,DEGRADED,91.0,Medium,SEED
2026-05-30 02:31:40,SEED-235,2519.794,17.743,69.511,5.844,272.227,79.418,109.368,0.434,0.367,0.426,0.255,0.339,0.272,0.659,FAULT,86.3,High,SEED
2026-05-30 02:41:40,SEED-236,2992.515,13.338,53.484,6.036,318.52,66.666,85.762,0.045,0.105,0.187,0.09,0.041,0.169,0.261,NORMAL,82.5,Low,SEED
2026-05-30 02:51:40,SEED-237,2936.16,13.286,40.845,6.768,358.315,72.353,89.605,0.056,0.229,0.125,0.09,0.091,0.063,0.149,NORMAL,70.4,Low,SEED
2026-05-30 03:01:40,SEED-238,2669.085,15.535,58.586,6.593,269.047,81.009,91.763,0.276,0.402,0.427,0.123,0.255,0.273,0.448,DEGRADED,91.0,Medium,SEED
2026-05-30 03:11:40,SEED-239,2636.857,17.934,58.963,4.131,224.721,81.183,96.507,0.447,0.473,0.491,0.31,0.367,0.271,0.748,FAULT,94.0,High,SEED
2026-05-30 03:21:40,SEED-240,2761.405,14.306,60.237,6.499,250.052,80.779,95.719,0.438,0.39,0.328,0.237,0.268,0.258,0.547,DEGRADED,91.0,Medium,SEED
2026-05-30 03:31:40,SEED-241,2629.875,16.431,64.924,5.911,210.278,86.45,108.515,0.382,0.318,0.323,0.374,0.386,0.397,0.499,FAULT,79.2,High,SEED
2026-05-30 03:41:40,SEED-242,2950.768,14.619,39.57,6.747,315.996,71.517,80.282,0.169,0.179,0.197,0.033,0.055,0.119,0.342,NORMAL,89.9,Low,SEED
2026-05-30 03:51:40,SEED-243,2983.686,12.697,44.21,6.307,340.991,65.998,83.006,0.112,0.253,0.068,0.11,0.044,0.118,0.259,NORMAL,85.7,Low,SEED
2026-05-30 04:01:40,SEED-244,2773.871,14.556,37.414,8.354,321.331,70.125,78.55,0.127,0.261,0.214,0.09,0.082,0.186,0.237,NORMAL,85.1,Low,SEED
2026-05-30 04:11:40,SEED-245,2906.557,14.424,52.806,8.714,281.084,77.683,84.682,0.118,0.179,0.109,0.065,0.18,0.031,0.225,NORMAL,93.6,Low,SEED
2026-05-30 04:21:40,SEED-246,2987.276,14.261,52.933,8.476,358.413,75.722,75.405,0.276,0.279,0.082,0.042,0.126,0.063,0.38,NORMAL,74.9,Low,SEED
2026-05-30 04:31:40,SEED-247,2762.553,12.189,48.202,6.631,289.604,76.047,81.169,0.298,0.087,0.117,0.18,0.077,0.018,0.163,NORMAL,77.1,Low,SEED
2026-05-30 04:41:40,SEED-248,2625.928,15.856,62.029,6.243,249.822,82.228,89.404,0.418,0.433,0.229,0.328,0.123,0.145,0.271,DEGRADED,91.0,Medium,SEED
2026-05-30 04:51:40,SEED-249,3083.632,12.658,41.101,6.77,338.845,72.147,87.122,0.195,0.261,0.186,0.03,0.157,0.177,0.174,NORMAL,82.4,Low,SEED
2026-05-30 05:01:40,SEED-250,2639.799,17.204,69.763,4.634,275.229,85.17,103.947,0.502,0.568,0.535,0.256,0.27,0.265,0.453,FAULT,94.2,High,SEED
2026-05-30 05:11:40,SEED-251,2637.011,15.32,60.734,5.271,288.721,80.503,87.215,0.261,0.439,0.168,0.332,0.236,0.277,0.348,DEGRADED,91.0,Medium,SEED
2026-05-30 05:21:40,SEED-252,2583.838,16.304,64.427,5.968,242.961,79.087,97.482,0.448,0.301,0.572,0.468,0.447,0.213,0.528,FAULT,90.2,High,SEED
2026-05-30 05:31:40,SEED-253,2937.72,12.21,47.288,7.186,320.868,74.794,87.213,0.218,0.202,0.051,0.186,0.147,0.092,0.133,NORMAL,75.1,Low,SEED
2026-05-30 05:41:40,SEED-254,2621.686,16.237,66.309,5.949,273.229,85.572,109.743,0.436,0.399,0.586,0.264,0.394,0.303,0.78,FAULT,81.7,High,SEED
2026-05-30 05:51:40,SEED-255,2880.416,12.859,38.787,7.875,321.781,71.725,80.218,0.039,0.2,0.07,0.09,0.045,0.129,0.119,NORMAL,78.0,Low,SEED
2026-05-30 06:01:40,SEED-256,2947.464,14.019,36.149,8.008,299.929,66.894,81.057,0.134,0.201,0.062,0.191,0.106,0.199,0.271,NORMAL,90.8,Low,SEED
2026-05-30 06:11:40,SEED-257,2846.179,15.85,49.512,8.461,332.455,75.816,83.013,0.066,0.129,0.243,0.062,0.019,0.196,0.253,NORMAL,81.0,Low,SEED
2026-05-30 06:21:40,SEED-258,2939.447,12.779,40.083,8.288,342.359,77.203,87.77,0.094,0.086,0.076,0.14,0.057,0.129,0.226,NORMAL,91.5,Low,SEED
2026-05-30 06:31:40,SEED-259,2674.258,17.094,58.346,5.965,266.126,85.798,106.42,0.592,0.538,0.48,0.482,0.367,0.366,0.757,FAULT,77.4,High,SEED
2026-05-30 06:41:40,SEED-260,2918.741,15.861,51.855,6.15,289.299,65.183,81.001,0.219,0.141,0.162,0.131,0.069,0.048,0.246,NORMAL,71.3,Low,SEED
2026-05-30 06:51:40,SEED-261,2997.744,13.671,47.19,8.297,321.079,70.024,84.334,0.052,0.132,0.227,0.012,0.014,0.149,0.125,NORMAL,79.3,Low,SEED
2026-05-30 07:01:40,SEED-262,2682.682,16.496,53.225,6.486,287.157,77.507,86.821,0.169,0.347,0.441,0.201,0.303,0.235,0.499,DEGRADED,91.0,Medium,SEED
2026-05-30 07:11:40,SEED-263,2981.301,14.698,49.315,8.784,348.99,75.31,75.623,0.124,0.092,0.044,0.149,0.04,0.128,0.318,NORMAL,82.9,Low,SEED
2026-05-30 07:21:40,SEED-264,3039.866,12.27,37.319,8.377,324.345,69.598,79.807,0.178,0.254,0.093,0.139,0.14,0.101,0.106,NORMAL,80.9,Low,SEED
2026-05-30 07:31:40,SEED-265,3129.21,12.72,44.512,7.241,343.516,77.313,88.91,0.223,0.128,0.147,0.084,0.042,0.064,0.307,NORMAL,92.1,Low,SEED
2026-05-30 07:41:40,SEED-266,2990.986,13.315,46.876,8.609,322.542,71.279,89.909,0.194,0.18,0.142,0.012,0.104,0.12,0.334,NORMAL,76.0,Low,SEED
2026-05-30 07:51:40,SEED-267,3170.225,12.067,37.672,7.329,302.788,65.689,79.25,0.194,0.199,0.253,0.174,0.062,0.166,0.293,NORMAL,75.4,Low,SEED
2026-05-30 08:01:40,SEED-268,2611.958,15.007,50.614,6.611,254.494,75.01,83.746,0.18,0.396,0.429,0.26,0.253,0.264,0.365,DEGRADED,91.0,Medium,SEED
2026-05-30 08:11:40,SEED-269,2754.941,15.279,48.13,6.022,246.417,77.11,83.613,0.214,0.358,0.316,0.334,0.316,0.343,0.544,DEGRADED,91.0,Medium,SEED
2026-05-30 08:21:40,SEED-270,2622.682,17.605,58.983,5.107,268.593,87.507,102.248,0.409,0.491,0.478,0.345,0.295,0.291,0.738,FAULT,85.7,High,SEED
2026-05-30 08:31:40,SEED-271,2531.311,16.089,63.64,4.296,201.472,80.258,90.948,0.328,0.421,0.405,0.401,0.208,0.457,0.487,FAULT,78.9,High,SEED
2026-05-30 08:41:40,SEED-272,2823.616,13.795,46.536,7.842,340.2,73.112,77.04,0.211,0.054,0.016,0.061,0.028,0.073,0.233,NORMAL,84.3,Low,SEED
2026-05-30 08:51:40,SEED-273,2716.126,12.597,45.869,7.274,330.237,65.107,86.457,0.063,0.289,0.228,0.072,0.013,0.018,0.183,NORMAL,90.2,Low,SEED
2026-05-30 09:01:40,SEED-274,2941.886,14.638,59.187,5.84,299.181,77.974,95.812,0.366,0.302,0.35,0.249,0.125,0.315,0.437,DEGRADED,91.0,Medium,SEED
2026-05-30 09:11:40,SEED-275,2777.667,14.364,38.352,8.015,314.259,70.049,84.987,0.212,0.163,0.203,0.185,0.117,0.177,0.396,NORMAL,86.2,Low,SEED
2026-05-30 09:21:40,SEED-276,2605.532,16.991,68.831,5.767,249.502,80.299,90.311,0.448,0.382,0.401,0.465,0.212,0.44,0.463,FAULT,76.6,High,SEED
2026-05-30 09:31:40,SEED-277,2839.385,15.471,55.957,6.389,298.75,74.875,95.728,0.352,0.311,0.441,0.286,0.289,0.254,0.29,DEGRADED,91.0,Medium,SEED
2026-05-30 09:41:40,SEED-278,2993.836,15.405,43.648,7.275,349.392,71.677,85.78,0.217,0.176,0.281,0.015,0.142,0.052,0.24,NORMAL,89.1,Low,SEED
2026-05-30 09:51:40,SEED-279,2942.21,16.302,46.79,5.997,264.658,80.924,87.998,0.434,0.272,0.402,0.292,0.223,0.285,0.345,DEGRADED,91.0,Medium,SEED
2026-05-30 10:01:40,SEED-280,2738.56,13.293,52.64,6.34,355.802,72.448,83.151,0.145,0.031,0.107,0.118,0.116,0.126,0.302,NORMAL,74.9,Low,SEED
2026-05-30 10:11:40,SEED-281,2641.222,15.607,53.209,6.695,286.435,74.138,93.434,0.405,0.373,0.443,0.346,0.116,0.286,0.516,DEGRADED,91.0,Medium,SEED
2026-05-30 10:21:40,SEED-282,3052.256,13.641,41.722,6.042,297.087,73.883,89.672,0.22,0.292,0.2,0.012,0.111,0.15,0.103,NORMAL,93.9,Low,SEED
2026-05-30 10:31:40,SEED-283,3043.816,13.601,51.322,6.609,286.592,68.286,82.283,0.175,0.076,0.202,0.089,0.112,0.02,0.374,NORMAL,92.4,Low,SEED
2026-05-30 10:41:40,SEED-284,3134.81,14.646,43.971,6.678,345.957,73.743,78.663,0.299,0.281,0.212,0.187,0.185,0.096,0.176,NORMAL,76.6,Low,SEED
2026-05-30 10:51:40,SEED-285,2821.573,15.722,45.73,6.401,338.792,75.691,78.414,0.036,0.183,0.091,0.174,0.145,0.14,0.277,NORMAL,70.5,Low,SEED
2026-05-30 11:01:40,SEED-286,2652.489,14.045,55.911,6.622,295.586,79.582,97.397,0.322,0.378,0.169,0.243,0.286,0.344,0.404,DEGRADED,91.0,Medium,SEED
2026-05-30 11:11:40,SEED-287,2628.455,16.19,63.729,5.06,221.081,87.707,96.838,0.388,0.355,0.529,0.399,0.346,0.328,0.606,FAULT,77.1,High,SEED
2026-05-30 11:21:40,SEED-288,2774.133,12.045,40.165,6.27,348.458,71.758,77.299,0.275,0.288,0.18,0.175,0.026,0.185,0.31,NORMAL,94.4,Low,SEED
2026-05-30 11:31:40,SEED-289,2857.3,13.185,37.945,8.175,309.749,69.967,78.66,0.089,0.099,0.109,0.142,0.147,0.081,0.183,NORMAL,75.0,Low,SEED
2026-05-30 11:41:40,SEED-290,2828.69,16.769,45.478,6.766,271.753,78.239,84.292,0.23,0.372,0.34,0.215,0.22,0.116,0.361,DEGRADED,91.0,Medium,SEED
2026-05-30 11:51:40,SEED-291,2973.332,15.412,50.381,8.503,326.893,75.574,83.414,0.215,0.169,0.227,0.138,0.162,0.176,0.283,NORMAL,85.8,Low,SEED
2026-05-30 12:01:40,SEED-292,2672.561,15.927,57.648,6.868,278.763,75.454,83.204,0.183,0.174,0.37,0.315,0.221,0.308,0.49,DEGRADED,91.0,Medium,SEED
2026-05-30 12:11:40,SEED-293,2563.575,16.134,67.775,4.496,269.813,81.48,96.334,0.375,0.354,0.489,0.369,0.42,0.391,0.779,FAULT,76.9,High,SEED
2026-05-30 12:21:40,SEED-294,2717.597,16.673,50.171,7.191,252.306,76.734,99.787,0.35,0.229,0.233,0.255,0.32,0.343,0.342,DEGRADED,91.0,Medium,SEED
2026-05-30 12:31:40,SEED-295,2809.294,14.042,43.169,6.39,334.836,68.624,75.277,0.092,0.122,0.086,0.036,0.087,0.156,0.244,NORMAL,90.8,Low,SEED
2026-05-30 12:41:40,SEED-296,2544.526,17.583,58.842,5.189,259.197,81.151,105.373,0.392,0.505,0.327,0.375,0.208,0.23,0.445,FAULT,84.9,High,SEED
2026-05-30 12:51:40,SEED-297,2989.26,15.395,46.86,7.568,324.314,69.723,81.371,0.084,0.246,0.193,0.186,0.124,0.146,0.233,NORMAL,83.0,Low,SEED
2026-05-30 13:01:40,SEED-298,2778.5,15.907,58.418,5.624,267.952,73.16,95.366,0.193,0.301,0.392,0.163,0.238,0.222,0.338,DEGRADED,91.0,Medium,SEED
2026-05-30 13:11:40,SEED-299,2720.208,16.838,54.452,5.936,274.089,78.255,86.261,0.409,0.311,0.302,0.225,0.163,0.234,0.542,DEGRADED,91.0,Medium,SEED
2026-05-30 13:21:40,SEED-300,2609.282,14.257,60.518,6.856,293.75,75.093,95.314,0.302,0.382,0.373,0.284,0.329,0.172,0.49,DEGRADED,91.0,Medium,SEED
2026-05-30 13:31:40,SEED-301,3100.771,12.035,43.665,7.598,324.331,67.033,76.311,0.13,0.236,0.054,0.129,0.011,0.145,0.182,NORMAL,85.6,Low,SEED
2026-05-30 13:41:40,SEED-302,3088.726,12.712,40.872,7.493,312.01,74.912,83.998,0.245,0.135,0.055,0.118,0.077,0.185,0.154,NORMAL,90.6,Low,SEED
2026-05-30 13:51:40,SEED-303,2833.319,13.082,35.1,7.671,351.572,77.869,89.145,0.273,0.157,0.256,0.032,0.083,0.191,0.382,NORMAL,76.9,Low,SEED
2026-05-30 14:01:40,SEED-304,2857.217,13.904,53.855,8.668,341.079,70.507,84.675,0.158,0.298,0.171,0.157,0.012,0.095,0.342,NORMAL,88.7,Low,SEED
2026-05-30 14:11:40,SEED-305,3167.321,12.396,48.295,8.844,324.058,75.236,78.765,0.13,0.174,0.133,0.09,0.086,0.125,0.387,NORMAL,83.7,Low,SEED
2026-05-30 14:21:40,SEED-306,3098.74,15.869,40.844,6.001,351.866,68.018,76.378,0.083,0.098,0.041,0.075,0.08,0.053,0.318,NORMAL,92.0,Low,SEED
2026-05-30 14:31:40,SEED-307,2715.067,12.359,37.072,7.86,350.816,76.748,81.77,0.246,0.14,0.061,0.095,0.03,0.132,0.192,NORMAL,76.6,Low,SEED
2026-05-30 14:41:40,SEED-308,3136.303,14.547,54.671,6.66,348.204,75.863,78.314,0.253,0.299,0.104,0.084,0.194,0.062,0.294,NORMAL,92.2,Low,SEED
2026-05-30 14:51:40,SEED-309,2705.223,15.247,35.208,6.129,305.639,65.982,82.18,0.25,0.265,0.04,0.019,0.18,0.018,0.125,NORMAL,91.1,Low,SEED
2026-05-30 15:01:40,SEED-310,2681.652,17.405,69.431,4.665,207.979,80.889,105.112,0.509,0.36,0.544,0.301,0.335,0.301,0.685,FAULT,78.3,High,SEED
2026-05-30 15:11:40,SEED-311,3062.042,13.15,35.24,8.287,349.922,72.406,86.473,0.139,0.179,0.2,0.083,0.184,0.047,0.383,NORMAL,82.6,Low,SEED
2026-05-30 15:21:40,SEED-312,3055.009,13.045,52.865,8.026,337.788,68.729,88.467,0.269,0.072,0.011,0.026,0.15,0.04,0.143,NORMAL,76.6,Low,SEED
2026-05-30 15:31:40,SEED-313,2903.475,13.624,43.845,7.53,284.663,67.36,82.405,0.158,0.261,0.139,0.021,0.059,0.025,0.281,NORMAL,81.8,Low,SEED
2026-05-30 15:41:40,SEED-314,2684.608,17.683,58.583,5.622,255.867,78.435,97.408,0.426,0.36,0.52,0.385,0.41,0.251,0.584,FAULT,81.8,High,SEED
2026-05-30 15:51:40,SEED-315,2726.558,15.063,42.046,8.892,302.119,71.645,86.447,0.08,0.236,0.219,0.192,0.096,0.121,0.328,NORMAL,75.0,Low,SEED
2026-05-30 16:01:40,SEED-316,2955.416,12.327,46.616,7.795,318.148,69.13,83.56,0.175,0.151,0.191,0.127,0.115,0.022,0.287,NORMAL,89.8,Low,SEED
2026-05-30 16:11:40,SEED-317,3164.362,12.401,43.919,7.012,296.251,67.133,79.563,0.112,0.213,0.169,0.162,0.124,0.182,0.329,NORMAL,79.4,Low,SEED
2026-05-30 16:21:40,SEED-318,2581.364,16.333,67.901,5.904,224.786,85.972,104.441,0.599,0.392,0.407,0.251,0.312,0.236,0.674,FAULT,87.9,High,SEED
2026-05-30 16:31:40,SEED-319,2660.321,16.321,65.465,4.223,200.131,82.337,101.416,0.359,0.525,0.418,0.361,0.26,0.207,0.448,FAULT,85.6,High,SEED
2026-05-30 16:41:40,SEED-320,2603.574,14.972,54.279,6.593,304.188,76.613,95.861,0.196,0.164,0.436,0.146,0.279,0.304,0.583,DEGRADED,91.0,Medium,SEED
2026-05-30 16:51:40,SEED-321,3086.626,15.724,45.4,7.131,312.094,69.092,85.062,0.059,0.182,0.114,0.18,0.038,0.029,0.107,NORMAL,76.7,Low,SEED
2026-05-30 17:01:40,SEED-322,2856.418,12.321,37.601,6.521,306.949,65.96,80.153,0.067,0.204,0.206,0.155,0.192,0.108,0.23,NORMAL,82.9,Low,SEED
2026-05-30 17:11:40,SEED-323,2628.792,16.151,68.331,5.874,253.386,84.916,95.335,0.437,0.371,0.319,0.497,0.422,0.36,0.5,FAULT,78.9,High,SEED
2026-05-30 17:21:40,SEED-324,2655.295,15.939,62.056,5.787,255.647,74.785,87.168,0.35,0.257,0.347,0.296,0.128,0.305,0.51,DEGRADED,91.0,Medium,SEED
2026-05-30 17:31:40,SEED-325,2778.568,16.444,52.801,7.105,287.542,80.04,92.718,0.332,0.438,0.259,0.107,0.288,0.151,0.57,DEGRADED,91.0,Medium,SEED
2026-05-30 17:41:40,SEED-326,2556.559,16.308,62.863,5.072,262.529,80.819,101.956,0.487,0.365,0.578,0.3,0.331,0.335,0.58,FAULT,91.0,High,SEED
2026-05-30 17:51:40,SEED-327,2761.799,15.596,43.34,7.608,293.985,68.873,82.181,0.15,0.104,0.136,0.029,0.048,0.048,0.263,NORMAL,72.6,Low,SEED
2026-05-30 18:01:40,SEED-328,2678.148,16.287,49.034,5.654,242.034,72.349,87.728,0.273,0.198,0.401,0.241,0.241,0.248,0.428,DEGRADED,91.0,Medium,SEED
2026-05-30 18:11:40,SEED-329,2672.97,17.518,68.837,4.714,226.051,78.046,91.765,0.4,0.391,0.36,0.282,0.461,0.379,0.642,FAULT,72.6,High,SEED
2026-05-30 18:21:40,SEED-330,2777.793,12.069,43.034,8.904,281.058,68.159,77.098,0.108,0.012,0.254,0.143,0.122,0.021,0.273,NORMAL,73.8,Low,SEED
2026-05-30 18:31:40,SEED-331,2560.816,16.92,68.221,5.959,252.98,78.01,104.952,0.583,0.389,0.467,0.445,0.395,0.287,0.606,FAULT,80.6,High,SEED
2026-05-30 18:41:40,SEED-332,2627.63,16.31,59.418,4.18,240.782,88.567,95.778,0.479,0.434,0.31,0.293,0.312,0.364,0.507,FAULT,95.0,High,SEED
2026-05-30 18:51:40,SEED-333,3172.283,12.343,38.591,7.943,344.921,69.228,87.487,0.046,0.173,0.246,0.12,0.112,0.026,0.326,NORMAL,90.6,Low,SEED
2026-05-30 19:01:40,SEED-334,2842.424,16.844,55.426,5.097,279.187,75.275,89.186,0.443,0.188,0.325,0.257,0.239,0.222,0.296,DEGRADED,91.0,Medium,SEED
2026-05-30 19:11:40,SEED-335,3070.714,13.387,51.368,6.169,294.267,68.986,79.87,0.118,0.241,0.176,0.081,0.019,0.086,0.3,NORMAL,92.1,Low,SEED
2026-05-30 19:21:40,SEED-336,3144.738,15.336,52.836,7.318,301.481,71.837,82.266,0.043,0.283,0.198,0.048,0.074,0.042,0.396,NORMAL,81.0,Low,SEED
2026-05-30 19:31:40,SEED-337,3027.283,13.91,47.143,8.356,333.598,66.426,77.365,0.058,0.296,0.074,0.179,0.138,0.144,0.217,NORMAL,82.0,Low,SEED
2026-05-30 19:41:40,SEED-338,2975.442,15.226,35.538,6.577,312.938,70.553,89.826,0.106,0.017,0.019,0.127,0.099,0.026,0.175,NORMAL,76.6,Low,SEED
2026-05-30 19:51:40,SEED-339,2763.077,14.181,49.231,6.696,290.411,75.897,76.732,0.165,0.132,0.241,0.096,0.011,0.152,0.315,NORMAL,87.8,Low,SEED
2026-05-30 20:01:40,SEED-340,2602.782,15.089,55.803,6.51,314.89,77.816,89.628,0.339,0.2,0.18,0.274,0.198,0.228,0.408,DEGRADED,91.0,Medium,SEED
2026-05-30 20:11:40,SEED-341,2632.565,16.156,47.657,6.462,269.372,76.3,93.15,0.432,0.189,0.424,0.337,0.286,0.205,0.536,DEGRADED,91.0,Medium,SEED
2026-05-30 20:21:40,SEED-342,2986.495,12.715,39.883,8.665,305.56,75.653,87.346,0.287,0.217,0.12,0.154,0.197,0.141,0.353,NORMAL,73.8,Low,SEED
2026-05-30 20:31:40,SEED-343,2892.347,15.775,58.889,6.461,284.231,73.679,87.338,0.411,0.268,0.254,0.235,0.235,0.288,0.341,DEGRADED,91.0,Medium,SEED
2026-05-30 20:41:40,SEED-344,2740.416,13.269,54.49,7.531,288.538,65.354,78.356,0.295,0.032,0.015,0.11,0.118,0.076,0.105,NORMAL,91.4,Low,SEED
2026-05-30 20:51:40,SEED-345,2908.742,12.862,38.201,6.16,297.352,65.244,78.448,0.229,0.255,0.275,0.153,0.073,0.179,0.36,NORMAL,82.7,Low,SEED
2026-05-30 21:01:40,SEED-346,2936.878,16.861,61.268,7.112,248.306,81.951,83.687,0.174,0.392,0.427,0.227,0.107,0.145,0.304,DEGRADED,91.0,Medium,SEED
2026-05-30 21:11:40,SEED-347,2937.729,15.789,36.748,6.701,296.594,72.959,76.121,0.22,0.048,0.097,0.197,0.101,0.065,0.32,NORMAL,77.8,Low,SEED
2026-05-30 21:21:40,SEED-348,2740.12,14.862,41.271,8.218,312.091,67.714,82.158,0.287,0.269,0.125,0.041,0.015,0.167,0.368,NORMAL,93.8,Low,SEED
2026-05-30 21:31:40,SEED-349,2973.512,15.697,36.989,6.484,334.436,67.566,75.768,0.29,0.164,0.129,0.041,0.16,0.162,0.237,NORMAL,82.6,Low,SEED
2026-05-30 21:41:40,SEED-350,2551.149,17.973,68.873,4.049,254.009,88.161,90.131,0.596,0.568,0.568,0.461,0.398,0.297,0.537,FAULT,88.6,High,SEED
2026-05-30 21:51:40,SEED-351,2723.43,13.759,42.022,6.774,345.075,72.826,76.683,0.023,0.102,0.113,0.139,0.114,0.07,0.269,NORMAL,92.7,Low,SEED
2026-05-30 22:01:40,SEED-352,3103.097,12.246,41.735,7.259,353.382,76.402,84.533,0.066,0.105,0.237,0.02,0.046,0.107,0.19,NORMAL,86.1,Low,SEED
2026-05-30 22:11:40,SEED-353,2649.092,16.62,64.584,4.45,236.056,84.411,108.056,0.418,0.383,0.468,0.225,0.295,0.309,0.574,FAULT,74.0,High,SEED
2026-05-30 22:21:40,SEED-354,2971.712,12.386,49.56,8.613,331.977,69.797,80.84,0.089,0.294,0.073,0.073,0.183,0.047,0.279,NORMAL,84.8,Low,SEED
2026-05-30 22:31:40,SEED-355,3107.48,14.574,38.875,7.192,334.785,68.787,76.344,0.091,0.283,0.188,0.151,0.032,0.14,0.333,NORMAL,89.6,Low,SEED
2026-05-30 22:41:40,SEED-356,2944.792,14.485,62.203,5.956,244.782,75.571,87.102,0.293,0.394,0.229,0.168,0.327,0.248,0.539,DEGRADED,91.0,Medium,SEED
2026-05-30 22:51:40,SEED-357,2548.436,16.833,66.78,5.847,252.901,80.556,95.882,0.369,0.315,0.338,0.431,0.431,0.33,0.414,FAULT,77.5,High,SEED
2026-05-30 23:01:40,SEED-358,2876.97,12.071,40.506,8.831,343.008,73.927,86.385,0.018,0.158,0.288,0.163,0.136,0.065,0.295,NORMAL,73.0,Low,SEED
2026-05-30 23:11:40,SEED-359,2680.534,17.788,66.391,5.544,242.735,84.914,93.77,0.485,0.436,0.312,0.463,0.422,0.286,0.752,FAULT,91.7,High,SEED
2026-05-30 23:21:40,SEED-360,2805.555,16.599,61.437,6.214,314.251,75.031,86.17,0.342,0.21,0.18,0.183,0.169,0.251,0.265,DEGRADED,91.0,Medium,SEED
2026-05-30 23:31:40,SEED-361,2807.721,15.697,44.873,7.491,342.436,72.727,75.4,0.027,0.069,0.183,0.067,0.071,0.064,0.212,NORMAL,84.0,Low,SEED
2026-05-30 23:41:40,SEED-362,2657.74,16.481,67.308,5.03,213.166,86.908,109.051,0.458,0.531,0.54,0.466,0.39,0.25,0.638,FAULT,82.4,High,SEED
2026-05-30 23:51:40,SEED-363,2936.454,14.614,50.338,5.807,252.241,81.963,97.046,0.21,0.41,0.432,0.33,0.208,0.326,0.419,DEGRADED,91.0,Medium,SEED
2026-05-31 00:01:40,SEED-364,2879.884,15.437,51.416,5.94,258.142,81.487,95.364,0.156,0.342,0.258,0.226,0.157,0.131,0.468,DEGRADED,91.0,Medium,SEED
2026-05-31 00:11:40,SEED-365,2846.986,14.386,44.348,6.351,320.804,69.946,77.831,0.041,0.155,0.066,0.098,0.062,0.086,0.389,NORMAL,75.1,Low,SEED
2026-05-31 00:21:40,SEED-366,2634.013,16.161,69.27,5.818,237.183,83.392,107.523,0.594,0.377,0.593,0.437,0.297,0.223,0.431,FAULT,87.0,High,SEED
2026-05-31 00:31:40,SEED-367,2948.325,12.496,53.605,6.376,354.327,71.621,84.477,0.151,0.137,0.032,0.048,0.133,0.13,0.135,NORMAL,72.6,Low,SEED
2026-05-31 00:41:40,SEED-368,2692.082,17.93,67.462,4.686,265.783,86.347,104.504,0.433,0.592,0.317,0.235,0.325,0.354,0.428,FAULT,77.4,High,SEED
2026-05-31 00:51:40,SEED-369,3152.446,12.085,48.199,8.534,353.097,75.977,87.651,0.075,0.074,0.153,0.029,0.06,0.03,0.382,NORMAL,81.4,Low,SEED
2026-05-31 01:01:40,SEED-370,2737.269,15.289,49.8,5.062,312.2,83.982,95.03,0.164,0.204,0.368,0.322,0.128,0.118,0.363,DEGRADED,91.0,Medium,SEED
2026-05-31 01:11:40,SEED-371,2557.009,17.172,56.943,4.974,211.856,80.619,98.071,0.507,0.367,0.349,0.351,0.207,0.309,0.726,FAULT,75.8,High,SEED
2026-05-31 01:21:40,SEED-372,3188.944,14.436,52.081,6.099,313.535,72.217,77.795,0.21,0.072,0.154,0.113,0.166,0.162,0.122,NORMAL,74.1,Low,SEED
2026-05-31 01:31:40,SEED-373,2879.343,14.316,61.21,7.282,295.075,79.503,94.53,0.391,0.339,0.344,0.207,0.157,0.271,0.544,DEGRADED,91.0,Medium,SEED
2026-05-31 01:41:40,SEED-374,2900.139,13.663,44.569,6.509,316.678,74.22,84.693,0.079,0.184,0.023,0.07,0.041,0.184,0.218,NORMAL,72.7,Low,SEED
2026-05-31 01:51:40,SEED-375,2761.971,15.531,36.686,8.059,342.589,76.931,82.423,0.033,0.157,0.29,0.107,0.19,0.148,0.352,NORMAL,86.8,Low,SEED
2026-05-31 02:01:40,SEED-376,2849.814,14.24,50.757,6.979,251.541,79.361,86.333,0.294,0.224,0.19,0.171,0.215,0.186,0.321,DEGRADED,91.0,Medium,SEED
2026-05-31 02:11:40,SEED-377,2946.736,14.738,49.675,8.52,298.428,73.494,85.552,0.06,0.05,0.141,0.159,0.187,0.182,0.37,NORMAL,84.3,Low,SEED
2026-05-31 02:21:40,SEED-378,2661.794,14.155,56.506,6.093,248.53,75.215,86.238,0.178,0.165,0.155,0.297,0.141,0.124,0.31,DEGRADED,91.0,Medium,SEED
2026-05-31 02:31:40,SEED-379,2780.919,15.874,53.019,5.496,299.247,76.16,95.195,0.228,0.348,0.373,0.342,0.118,0.166,0.548,DEGRADED,91.0,Medium,SEED
2026-05-31 02:41:40,SEED-380,2924.718,15.278,59.487,7.087,261.883,77.821,88.905,0.163,0.397,0.348,0.281,0.169,0.344,0.559,DEGRADED,91.0,Medium,SEED
2026-05-31 02:51:40,SEED-381,2907.472,15.092,48.815,5.291,307.816,82.892,97.761,0.2,0.325,0.413,0.269,0.268,0.191,0.336,DEGRADED,91.0,Medium,SEED
2026-05-31 03:01:40,SEED-382,2978.12,15.596,44.815,6.443,344.411,70.699,76.431,0.086,0.047,0.153,0.098,0.05,0.036,0.19,NORMAL,75.7,Low,SEED
2026-05-31 03:11:40,SEED-383,3030.74,12.832,36.088,7.382,355.347,72.485,81.476,0.289,0.292,0.081,0.077,0.037,0.045,0.335,NORMAL,87.3,Low,SEED
2026-05-31 03:21:40,SEED-384,3010.182,13.428,41.166,8.996,331.739,67.792,77.07,0.088,0.084,0.225,0.041,0.184,0.091,0.176,NORMAL,70.4,Low,SEED
2026-05-31 03:31:40,SEED-385,2613.816,14.54,56.426,6.591,259.69,83.782,85.749,0.295,0.25,0.314,0.163,0.167,0.176,0.583,DEGRADED,91.0,Medium,SEED
2026-05-31 03:41:40,SEED-386,2828.001,16.352,52.426,6.154,314.942,76.08,98.98,0.367,0.345,0.164,0.291,0.29,0.236,0.488,DEGRADED,91.0,Medium,SEED
2026-05-31 03:51:40,SEED-387,2604.324,16.317,69.781,4.56,265.824,89.138,105.336,0.332,0.36,0.516,0.252,0.287,0.251,0.722,FAULT,79.6,High,SEED
2026-05-31 04:01:40,SEED-388,2927.908,15.774,35.282,6.916,281.349,72.284,85.059,0.124,0.22,0.189,0.114,0.105,0.035,0.295,NORMAL,88.8,Low,SEED
2026-05-31 04:11:40,SEED-389,3081.731,14.008,48.882,6.797,348.499,77.601,77.356,0.29,0.258,0.208,0.112,0.077,0.198,0.271,NORMAL,86.6,Low,SEED
2026-05-31 04:21:40,SEED-390,2853.485,14.917,60.296,5.27,298.042,81.501,83.664,0.4,0.293,0.206,0.259,0.164,0.164,0.289,DEGRADED,91.0,Medium,SEED
2026-05-31 04:31:40,SEED-391,2735.135,14.974,43.797,8.728,332.025,66.724,82.674,0.178,0.063,0.112,0.072,0.126,0.169,0.191,NORMAL,85.1,Low,SEED
2026-05-31 04:41:40,SEED-392,2906.594,14.8,53.924,8.372,315.924,74.584,87.849,0.015,0.115,0.182,0.1,0.037,0.164,0.357,NORMAL,87.6,Low,SEED
2026-05-31 04:51:40,SEED-393,2890.765,13.443,54.017,8.029,320.184,74.383,77.34,0.015,0.213,0.048,0.096,0.191,0.072,0.202,NORMAL,75.6,Low,SEED
2026-05-31 05:01:40,SEED-394,2785.336,12.681,37.427,7.26,297.928,69.762,86.266,0.283,0.054,0.177,0.17,0.123,0.08,0.122,NORMAL,71.8,Low,SEED
2026-05-31 05:11:40,SEED-395,3075.192,15.756,43.72,6.983,341.485,69.656,79.643,0.271,0.152,0.078,0.038,0.055,0.017,0.168,NORMAL,83.5,Low,SEED
2026-05-31 05:21:40,SEED-396,2948.838,12.234,47.526,8.867,292.238,66.557,81.563,0.284,0.166,0.118,0.083,0.133,0.124,0.379,NORMAL,72.5,Low,SEED
2026-05-31 05:31:40,SEED-397,2768.99,15.315,40.797,7.072,348.117,67.955,89.089,0.239,0.188,0.08,0.161,0.029,0.083,0.231,NORMAL,75.1,Low,SEED
2026-05-31 05:41:40,SEED-398,2769.715,14.188,56.333,6.127,277.065,73.589,92.909,0.352,0.294,0.374,0.231,0.261,0.123,0.524,DEGRADED,91.0,Medium,SEED
2026-05-31 05:51:40,SEED-399,2990.27,13.806,41.693,8.641,295.035,66.262,89.342,0.159,0.152,0.275,0.077,0.026,0.186,0.319,NORMAL,82.9,Low,SEED
2026-05-31 06:01:40,SEED-400,2730.258,15.466,35.664,8.208,294.056,69.237,89.837,0.116,0.035,0.146,0.159,0.189,0.095,0.167,NORMAL,73.6,Low,SEED
2026-05-31 06:11:40,SEED-401,3049.058,13.957,52.081,7.816,280.832,72.949,88.487,0.252,0.116,0.185,0.049,0.027,0.178,0.266,NORMAL,87.3,Low,SEED
2026-05-31 06:21:40,SEED-402,3056.705,12.171,53.313,6.981,355.81,69.183,88.604,0.19,0.255,0.244,0.051,0.156,0.133,0.397,NORMAL,70.2,Low,SEED
2026-05-31 06:31:40,SEED-403,2902.078,15.466,49.813,6.815,311.405,82.704,84.088,0.232,0.433,0.31,0.289,0.285,0.302,0.277,DEGRADED,91.0,Medium,SEED
2026-05-31 06:41:40,SEED-404,2692.196,17.705,60.635,4.236,277.423,86.007,105.643,0.489,0.567,0.395,0.339,0.348,0.436,0.693,FAULT,86.3,High,SEED
2026-05-31 06:51:40,SEED-405,2759.56,12.042,40.082,8.214,295.346,66.365,75.31,0.072,0.29,0.276,0.021,0.171,0.117,0.286,NORMAL,79.2,Low,SEED
2026-05-31 07:01:40,SEED-406,2825.677,14.593,43.795,7.092,302.871,67.013,78.529,0.133,0.112,0.016,0.027,0.134,0.147,0.104,NORMAL,83.9,Low,SEED
2026-05-31 07:11:40,SEED-407,2902.382,13.186,37.206,7.224,318.645,69.475,81.442,0.164,0.162,0.224,0.118,0.048,0.185,0.276,NORMAL,75.1,Low,SEED
2026-05-31 07:21:40,SEED-408,3168.821,13.276,49.157,8.215,295.031,72.081,87.687,0.275,0.1,0.028,0.2,0.147,0.13,0.348,NORMAL,86.2,Low,SEED
2026-05-31 07:31:40,SEED-409,2770.717,13.406,47.259,7.293,322.31,65.171,87.325,0.154,0.133,0.141,0.057,0.032,0.05,0.224,NORMAL,90.7,Low,SEED
2026-05-31 07:41:40,SEED-410,2770.558,12.716,38.559,7.749,285.425,70.527,83.306,0.209,0.256,0.022,0.155,0.143,0.197,0.124,NORMAL,77.7,Low,SEED
2026-05-31 07:51:40,SEED-411,3054.295,14.278,36.366,6.377,340.115,65.007,75.799,0.205,0.257,0.234,0.094,0.012,0.163,0.25,NORMAL,90.7,Low,SEED
2026-05-31 08:01:40,SEED-412,2730.001,13.79,37.425,7.89,293.868,77.956,79.61,0.114,0.078,0.114,0.098,0.047,0.023,0.363,NORMAL,76.3,Low,SEED
2026-05-31 08:11:40,SEED-413,2634.318,16.112,51.186,5.65,294.302,83.597,98.524,0.315,0.329,0.253,0.287,0.137,0.305,0.285,DEGRADED,91.0,Medium,SEED
2026-05-31 08:21:40,SEED-414,3130.93,12.732,54.504,7.796,346.133,67.66,81.558,0.132,0.21,0.066,0.071,0.02,0.019,0.323,NORMAL,95.0,Low,SEED
2026-05-31 08:31:40,SEED-415,2653.533,15.016,52.916,6.465,299.003,79.175,99.885,0.266,0.27,0.288,0.124,0.169,0.306,0.286,DEGRADED,91.0,Medium,SEED
2026-05-31 08:41:40,SEED-416,2939.807,15.878,58.712,6.294,271.279,82.599,84.293,0.378,0.19,0.162,0.137,0.179,0.192,0.271,DEGRADED,91.0,Medium,SEED
2026-05-31 08:51:40,SEED-417,2879.435,12.158,42.89,7.334,320.65,66.625,87.711,0.029,0.064,0.022,0.041,0.182,0.07,0.182,NORMAL,77.4,Low,SEED
2026-05-31 09:01:40,SEED-418,2538.653,16.252,63.656,5.462,279.424,87.322,96.632,0.486,0.364,0.523,0.26,0.3,0.497,0.548,FAULT,83.9,High,SEED
2026-05-31 09:11:40,SEED-419,2945.243,13.49,53.574,7.506,348.408,69.46,81.601,0.24,0.223,0.078,0.097,0.059,0.068,0.325,NORMAL,92.5,Low,SEED
2026-05-31 09:21:40,SEED-420,2565.942,16.878,69.54,4.399,215.869,82.145,106.378,0.6,0.577,0.446,0.464,0.254,0.451,0.77,FAULT,76.7,High,SEED
2026-05-31 09:31:40,SEED-421,2905.632,15.026,35.045,7.231,316.076,73.034,79.7,0.169,0.198,0.216,0.193,0.131,0.056,0.148,NORMAL,91.2,Low,SEED
2026-05-31 09:41:40,SEED-422,3126.738,15.114,39.227,7.033,307.216,66.861,85.033,0.152,0.024,0.256,0.095,0.158,0.03,0.122,NORMAL,74.8,Low,SEED
2026-05-31 09:51:40,SEED-423,2612.936,15.906,55.406,5.59,313.427,83.443,84.536,0.351,0.247,0.297,0.26,0.249,0.159,0.401,DEGRADED,91.0,Medium,SEED
2026-05-31 10:01:40,SEED-424,2564.911,16.571,62.315,5.542,279.519,85.297,102.276,0.418,0.46,0.537,0.286,0.246,0.468,0.724,FAULT,85.1,High,SEED
2026-05-31 10:11:40,SEED-425,2772.313,13.726,46.92,6.132,358.559,76.882,88.868,0.048,0.238,0.202,0.011,0.077,0.148,0.349,NORMAL,83.7,Low,SEED
2026-05-31 10:21:40,SEED-426,2973.722,13.068,45.432,8.816,282.691,67.629,87.931,0.022,0.078,0.039,0.172,0.113,0.042,0.262,NORMAL,88.1,Low,SEED
2026-05-31 10:31:40,SEED-427,2690.822,16.475,69.993,4.039,265.946,84.993,106.246,0.358,0.572,0.355,0.396,0.454,0.488,0.666,FAULT,82.6,High,SEED
2026-05-31 10:41:40,SEED-428,2764.317,14.204,53.06,7.05,290.034,77.371,88.873,0.284,0.067,0.251,0.057,0.029,0.068,0.376,NORMAL,71.1,Low,SEED
2026-05-31 10:51:40,SEED-429,2523.677,16.339,69.743,5.055,216.52,78.48,97.187,0.339,0.408,0.455,0.21,0.267,0.33,0.688,FAULT,88.9,High,SEED
2026-05-31 11:01:40,SEED-430,3180.84,13.953,46.398,7.469,325.284,68.074,86.426,0.133,0.193,0.289,0.021,0.09,0.016,0.336,NORMAL,76.3,Low,SEED
2026-05-31 11:11:40,SEED-431,2664.794,16.33,57.195,4.06,203.202,89.334,103.43,0.402,0.461,0.448,0.414,0.434,0.27,0.499,FAULT,80.5,High,SEED
2026-05-31 11:21:40,SEED-432,2573.193,16.35,61.602,5.464,224.998,88.994,108.017,0.565,0.523,0.452,0.431,0.288,0.333,0.526,FAULT,87.0,High,SEED
2026-05-31 11:31:40,SEED-433,3179.36,12.172,47.593,6.222,287.849,69.244,88.657,0.172,0.069,0.252,0.105,0.165,0.053,0.33,NORMAL,76.9,Low,SEED
2026-05-31 11:41:40,SEED-434,3074.585,13.414,50.594,6.921,324.033,72.134,87.064,0.281,0.262,0.131,0.111,0.085,0.024,0.292,NORMAL,80.1,Low,SEED
2026-05-31 11:51:40,SEED-435,2785.544,12.732,35.658,7.904,329.289,70.085,81.369,0.164,0.086,0.027,0.19,0.046,0.019,0.23,NORMAL,94.8,Low,SEED
2026-05-31 12:01:40,SEED-436,2661.65,17.134,67.559,4.291,263.642,86.339,97.71,0.539,0.413,0.389,0.495,0.201,0.251,0.43,FAULT,86.8,High,SEED
2026-05-31 12:11:40,SEED-437,2656.377,17.701,68.905,5.454,235.063,83.44,90.643,0.555,0.407,0.433,0.273,0.34,0.349,0.764,FAULT,91.5,High,SEED
2026-05-31 12:21:40,SEED-438,2907.728,15.361,35.819,6.954,316.426,75.172,86.497,0.277,0.242,0.029,0.11,0.112,0.034,0.179,NORMAL,93.8,Low,SEED
2026-05-31 12:31:40,SEED-439,3153.909,13.552,46.332,6.544,339.909,72.687,86.629,0.083,0.143,0.198,0.161,0.029,0.139,0.381,NORMAL,70.5,Low,SEED
2026-05-31 12:41:40,SEED-440,2886.418,15.555,37.019,8.916,340.077,76.699,85.602,0.118,0.115,0.252,0.156,0.028,0.187,0.356,NORMAL,71.6,Low,SEED
2026-05-31 12:51:40,SEED-441,3065.397,12.986,47.525,7.33,299.045,65.423,85.923,0.112,0.212,0.147,0.045,0.042,0.098,0.357,NORMAL,80.6,Low,SEED
2026-05-31 13:01:40,SEED-442,2691.583,16.191,51.005,5.751,253.371,78.67,92.941,0.187,0.407,0.364,0.2,0.146,0.251,0.422,DEGRADED,91.0,Medium,SEED
2026-05-31 13:11:40,SEED-443,2760.124,15.024,37.194,8.608,325.387,65.798,82.813,0.235,0.131,0.14,0.071,0.132,0.126,0.356,NORMAL,77.0,Low,SEED
2026-05-31 13:21:40,SEED-444,2519.631,17.846,60.502,5.634,220.413,86.311,95.023,0.519,0.433,0.363,0.302,0.204,0.244,0.502,FAULT,81.6,High,SEED
2026-05-31 13:31:40,SEED-445,2761.822,13.242,53.278,7.189,302.022,71.435,77.42,0.232,0.163,0.273,0.012,0.139,0.182,0.275,NORMAL,92.0,Low,SEED
2026-05-31 13:41:40,SEED-446,2806.196,12.272,41.703,8.536,345.681,77.867,82.056,0.221,0.296,0.054,0.186,0.097,0.096,0.28,NORMAL,92.8,Low,SEED
2026-05-31 13:51:40,SEED-447,2925.076,14.035,42.528,6.802,345.512,66.235,76.872,0.11,0.128,0.296,0.147,0.135,0.031,0.313,NORMAL,72.9,Low,SEED
2026-05-31 14:01:40,SEED-448,2685.891,15.222,55.917,5.048,297.382,71.958,95.642,0.417,0.272,0.39,0.131,0.169,0.226,0.27,DEGRADED,91.0,Medium,SEED
2026-05-31 14:11:40,SEED-449,2572.263,16.999,58.592,5.066,233.616,88.483,98.234,0.453,0.394,0.379,0.265,0.42,0.395,0.708,FAULT,91.3,High,SEED
2026-05-31 14:21:40,SEED-450,2880.914,13.548,41.645,6.084,320.027,74.267,83.709,0.185,0.057,0.04,0.088,0.188,0.151,0.263,NORMAL,75.6,Low,SEED
2026-05-31 14:31:40,SEED-451,2883.832,12.234,41.889,7.481,281.968,72.672,83.195,0.213,0.259,0.289,0.172,0.02,0.125,0.371,NORMAL,89.7,Low,SEED
2026-05-31 14:41:40,SEED-452,3038.732,13.155,45.066,6.794,306.876,73.136,83.051,0.108,0.264,0.27,0.049,0.069,0.025,0.122,NORMAL,94.4,Low,SEED
2026-05-31 14:51:40,SEED-453,2516.544,17.456,61.733,5.861,272.277,78.598,99.485,0.473,0.4,0.444,0.439,0.479,0.284,0.776,FAULT,73.5,High,SEED
2026-05-31 15:01:40,SEED-454,2765.085,15.083,55.832,6.371,260.559,83.124,86.277,0.276,0.166,0.398,0.34,0.194,0.167,0.331,DEGRADED,91.0,Medium,SEED
2026-05-31 15:11:40,SEED-455,3181.026,12.848,54.757,8.591,351.419,71.671,84.733,0.032,0.11,0.294,0.185,0.144,0.149,0.147,NORMAL,70.3,Low,SEED
2026-05-31 15:21:40,SEED-456,2909.961,13.731,36.834,7.536,344.064,67.806,76.661,0.191,0.236,0.04,0.108,0.054,0.039,0.154,NORMAL,82.6,Low,SEED
2026-05-31 15:31:40,SEED-457,2603.426,16.421,56.057,4.708,254.591,89.604,105.092,0.487,0.495,0.597,0.416,0.342,0.424,0.595,FAULT,81.2,High,SEED
2026-05-31 15:41:40,SEED-458,2794.405,16.012,54.996,5.605,246.63,75.356,85.165,0.241,0.19,0.2,0.19,0.198,0.122,0.337,DEGRADED,91.0,Medium,SEED
2026-05-31 15:51:40,SEED-459,3109.793,14.38,41.043,8.693,334.826,67.386,76.447,0.266,0.058,0.082,0.134,0.056,0.056,0.379,NORMAL,77.2,Low,SEED
2026-05-31 16:01:40,SEED-460,2881.813,14.052,42.772,6.924,297.179,73.754,83.763,0.158,0.056,0.132,0.109,0.199,0.198,0.285,NORMAL,83.2,Low,SEED
2026-05-31 16:11:40,SEED-461,2956.982,14.715,36.155,6.406,300.814,70.783,75.038,0.163,0.112,0.274,0.013,0.099,0.128,0.217,NORMAL,74.5,Low,SEED
2026-05-31 16:21:40,SEED-462,3097.018,14.044,35.739,8.817,299.32,76.893,78.546,0.153,0.261,0.157,0.115,0.195,0.081,0.317,NORMAL,70.7,Low,SEED
2026-05-31 16:31:40,SEED-463,2916.091,14.647,61.272,6.416,241.785,79.308,86.122,0.288,0.424,0.245,0.289,0.341,0.222,0.285,DEGRADED,91.0,Medium,SEED
2026-05-31 16:41:40,SEED-464,2981.545,12.461,53.708,7.497,285.531,67.225,87.166,0.249,0.074,0.252,0.192,0.08,0.105,0.142,NORMAL,71.9,Low,SEED
2026-05-31 16:51:40,SEED-465,2794.025,12.454,48.95,7.52,299.3,77.079,82.837,0.046,0.147,0.274,0.053,0.069,0.055,0.367,NORMAL,82.7,Low,SEED
2026-05-31 17:01:40,SEED-466,3095.368,13.153,35.229,6.014,287.953,70.754,83.704,0.169,0.188,0.031,0.099,0.155,0.088,0.227,NORMAL,80.8,Low,SEED
2026-05-31 17:11:40,SEED-467,2950.103,12.475,48.864,6.855,283.292,71.479,76.014,0.124,0.024,0.159,0.116,0.12,0.167,0.368,NORMAL,92.4,Low,SEED
2026-05-31 17:21:40,SEED-468,2565.059,16.438,59.349,4.42,255.923,86.275,104.084,0.475,0.342,0.425,0.402,0.452,0.293,0.505,FAULT,78.0,High,SEED
2026-05-31 17:31:40,SEED-469,2707.667,12.165,51.904,6.416,320.713,72.354,76.316,0.178,0.158,0.117,0.07,0.159,0.041,0.283,NORMAL,92.4,Low,SEED
2026-05-31 17:41:40,SEED-470,2500.637,16.239,59.895,4.375,243.497,84.776,104.056,0.59,0.445,0.574,0.216,0.444,0.449,0.406,FAULT,87.6,High,SEED
2026-05-31 17:51:40,SEED-471,2527.746,16.162,62.991,5.543,240.745,79.179,91.491,0.469,0.558,0.569,0.234,0.327,0.286,0.411,FAULT,91.3,High,SEED
2026-05-31 18:01:40,SEED-472,2818.167,16.067,53.282,5.159,267.771,76.317,86.097,0.196,0.189,0.383,0.215,0.213,0.217,0.577,DEGRADED,91.0,Medium,SEED
2026-05-31 18:11:40,SEED-473,3159.972,13.042,51.132,8.093,305.812,69.048,78.031,0.127,0.015,0.23,0.19,0.061,0.145,0.382,NORMAL,90.3,Low,SEED
2026-05-31 18:21:40,SEED-474,3109.546,13.575,37.465,7.126,329.262,73.428,81.469,0.04,0.019,0.224,0.1,0.053,0.081,0.105,NORMAL,78.5,Low,SEED
2026-05-31 18:31:40,SEED-475,2911.881,14.573,48.727,7.318,295.189,78.233,98.225,0.204,0.209,0.383,0.108,0.155,0.288,0.385,DEGRADED,91.0,Medium,SEED
2026-05-31 18:41:40,SEED-476,2614.766,17.617,67.593,4.286,200.553,81.29,90.448,0.593,0.368,0.324,0.296,0.391,0.476,0.525,FAULT,87.1,High,SEED
2026-05-31 18:51:40,SEED-477,2984.561,13.038,36.581,6.698,295.755,72.27,81.152,0.141,0.025,0.271,0.18,0.179,0.106,0.135,NORMAL,80.0,Low,SEED
2026-05-31 19:01:40,SEED-478,2626.606,15.963,55.854,6.421,284.629,74.055,95.347,0.352,0.352,0.234,0.132,0.318,0.26,0.295,DEGRADED,91.0,Medium,SEED
2026-05-31 19:11:40,SEED-479,3180.956,13.299,51.775,6.396,332.802,76.571,84.262,0.056,0.184,0.045,0.011,0.182,0.099,0.399,NORMAL,73.6,Low,SEED
2026-05-31 19:21:40,SEED-480,2892.625,15.236,51.868,6.476,286.722,79.44,86.073,0.276,0.408,0.169,0.131,0.176,0.118,0.373,DEGRADED,91.0,Medium,SEED
2026-05-31 19:31:40,SEED-481,2917.672,14.802,46.295,8.048,339.552,72.47,89.612,0.214,0.087,0.272,0.091,0.041,0.164,0.195,NORMAL,78.1,Low,SEED
2026-05-31 19:41:40,SEED-482,2925.564,12.476,52.881,8.825,287.819,77.775,83.551,0.235,0.294,0.02,0.015,0.067,0.183,0.102,NORMAL,84.2,Low,SEED
2026-05-31 19:51:40,SEED-483,2989.93,15.404,44.683,6.801,337.842,70.52,79.165,0.15,0.298,0.26,0.133,0.034,0.162,0.387,NORMAL,86.3,Low,SEED
2026-05-31 20:01:40,SEED-484,2768.464,12.296,54.355,7.486,326.711,73.476,88.47,0.162,0.195,0.056,0.061,0.106,0.144,0.324,NORMAL,88.5,Low,SEED
2026-05-31 20:11:40,SEED-485,2502.258,16.079,69.057,4.376,247.324,84.523,105.684,0.335,0.405,0.373,0.478,0.323,0.218,0.746,FAULT,86.4,High,SEED
2026-05-31 20:21:40,SEED-486,2927.897,15.054,38.173,8.896,332.755,67.346,86.982,0.122,0.131,0.068,0.012,0.101,0.128,0.311,NORMAL,83.3,Low,SEED
2026-05-31 20:31:40,SEED-487,2944.281,14.821,44.691,6.633,325.47,77.937,77.962,0.151,0.042,0.27,0.172,0.129,0.118,0.21,NORMAL,77.2,Low,SEED
2026-05-31 20:41:40,SEED-488,2825.556,15.848,61.807,7.008,307.079,76.209,94.695,0.254,0.288,0.43,0.158,0.211,0.135,0.477,DEGRADED,91.0,Medium,SEED
2026-05-31 20:51:40,SEED-489,2655.141,16.477,60.033,4.444,270.631,83.958,97.18,0.308,0.451,0.334,0.466,0.332,0.339,0.65,FAULT,80.6,High,SEED
2026-05-31 21:01:40,SEED-490,2785.064,14.252,36.52,6.52,294.835,74.003,89.104,0.208,0.013,0.026,0.121,0.15,0.014,0.321,NORMAL,92.1,Low,SEED
2026-05-31 21:11:40,SEED-491,2622.526,17.363,68.343,5.636,212.874,82.028,101.395,0.492,0.5,0.399,0.495,0.495,0.45,0.624,FAULT,84.2,High,SEED
2026-05-31 21:21:40,SEED-492,2826.539,14.909,51.31,6.157,325.141,70.63,84.88,0.181,0.095,0.07,0.149,0.026,0.096,0.137,NORMAL,72.7,Low,SEED
2026-05-31 21:31:40,SEED-493,2833.32,16.5,58.676,6.633,281.587,76.292,95.592,0.21,0.277,0.27,0.174,0.261,0.195,0.382,DEGRADED,91.0,Medium,SEED
2026-05-31 21:41:40,SEED-494,2693.268,17.764,56.822,5.956,268.352,81.126,108.778,0.372,0.375,0.313,0.247,0.23,0.433,0.717,FAULT,76.2,High,SEED
2026-05-31 21:51:40,SEED-495,2796.181,15.503,46.811,5.609,297.162,83.348,93.438,0.165,0.189,0.212,0.247,0.29,0.261,0.324,DEGRADED,91.0,Medium,SEED
2026-05-31 22:01:40,SEED-496,2713.406,13.71,52.143,8.519,321.568,74.536,86.243,0.093,0.257,0.191,0.171,0.12,0.123,0.168,NORMAL,78.4,Low,SEED
2026-05-31 22:11:40,SEED-497,2630.557,17.017,61.759,4.52,273.477,78.321,96.778,0.453,0.588,0.331,0.313,0.339,0.387,0.482,FAULT,92.4,High,SEED
2026-05-31 22:21:40,SEED-498,3100.664,15.918,54.156,6.858,350.689,70.514,75.045,0.294,0.107,0.255,0.176,0.052,0.052,0.333,NORMAL,81.9,Low,SEED
2026-05-31 22:31:40,SEED-499,2930.778,12.701,51.378,6.742,311.449,77.24,86.746,0.196,0.103,0.143,0.073,0.058,0.084,0.266,NORMAL,79.7,Low,SEED
2026-05-31 22:41:40,SEED-500,2754.71,13.302,51.213,7.602,357.758,72.092,89.542,0.038,0.033,0.157,0.106,0.013,0.172,0.348,NORMAL,84.9,Low,SEED
2026-05-31 22:51:40,SEED-501,3191.085,14.585,51.015,6.591,332.214,74.669,75.339,0.075,0.091,0.259,0.132,0.133,0.062,0.265,NORMAL,93.3,Low,SEED
2026-05-31 23:01:40,SEED-502,2734.379,13.599,38.417,6.245,309.429,68.728,88.862,0.011,0.162,0.088,0.189,0.148,0.14,0.302,NORMAL,92.6,Low,SEED
2026-05-31 23:11:40,SEED-503,2803.953,14.541,44.282,7.533,309.493,71.166,84.837,0.039,0.025,0.204,0.175,0.121,0.031,0.155,NORMAL,95.0,Low,SEED
2026-05-31 23:21:40,SEED-504,3022.804,13.929,40.017,7.192,305.545,71.19,77.72,0.222,0.142,0.182,0.178,0.069,0.038,0.281,NORMAL,80.5,Low,SEED
2026-05-31 23:31:40,SEED-505,3081.661,15.111,35.144,7.767,295.069,67.372,88.365,0.184,0.234,0.234,0.162,0.051,0.071,0.199,NORMAL,75.1,Low,SEED
2026-05-31 23:41:40,SEED-506,3024.102,15.934,46.305,6.779,330.973,76.91,75.395,0.121,0.05,0.073,0.037,0.087,0.119,0.2,NORMAL,87.0,Low,SEED
2026-05-31 23:51:40,SEED-507,2841.572,16.998,61.579,5.504,285.221,77.055,92.18,0.311,0.187,0.213,0.211,0.201,0.11,0.589,DEGRADED,91.0,Medium,SEED
2026-06-01 00:01:40,SEED-508,3101.274,14.409,35.318,8.518,309.981,65.852,77.665,0.106,0.166,0.154,0.103,0.095,0.019,0.123,NORMAL,78.3,Low,SEED
2026-06-01 00:11:40,SEED-509,2825.768,16.617,47.762,5.656,285.667,81.083,94.272,0.376,0.245,0.332,0.188,0.188,0.211,0.299,DEGRADED,91.0,Medium,SEED
2026-06-01 00:21:40,SEED-510,2850.115,15.217,43.534,8.81,323.64,69.889,85.995,0.187,0.127,0.118,0.05,0.1,0.198,0.223,NORMAL,81.4,Low,SEED
2026-06-01 00:31:40,SEED-511,2658.238,17.815,67.091,5.963,245.156,88.508,100.566,0.323,0.412,0.546,0.494,0.366,0.304,0.536,FAULT,93.5,High,SEED
2026-06-01 00:41:40,SEED-512,2824.836,15.773,35.993,8.295,292.942,74.305,77.465,0.293,0.14,0.246,0.105,0.16,0.169,0.158,NORMAL,77.5,Low,SEED
2026-06-01 00:51:40,SEED-513,3124.021,15.8,52.645,7.072,335.304,69.973,80.143,0.071,0.222,0.063,0.121,0.116,0.174,0.142,NORMAL,83.7,Low,SEED
2026-06-01 01:01:40,SEED-514,2730.118,13.031,47.967,6.404,314.413,65.4,86.923,0.041,0.099,0.031,0.086,0.14,0.196,0.266,NORMAL,70.2,Low,SEED
2026-06-01 01:11:40,SEED-515,2990.885,13.498,48.429,7.558,296.785,66.089,81.548,0.112,0.083,0.081,0.08,0.162,0.094,0.149,NORMAL,82.3,Low,SEED
2026-06-01 01:21:40,SEED-516,2731.436,14.431,50.31,6.409,246.625,83.864,84.89,0.226,0.255,0.258,0.136,0.122,0.309,0.259,DEGRADED,91.0,Medium,SEED
2026-06-01 01:31:40,SEED-517,2726.675,15.122,57.781,5.38,253.218,81.007,93.97,0.225,0.306,0.307,0.278,0.262,0.34,0.303,DEGRADED,91.0,Medium,SEED
2026-06-01 01:41:40,SEED-518,2794.026,16.812,58.071,6.911,289.408,73.06,83.072,0.41,0.32,0.439,0.316,0.259,0.297,0.384,DEGRADED,91.0,Medium,SEED
2026-06-01 01:51:40,SEED-519,2591.711,16.479,67.306,5.139,239.337,78.264,106.334,0.496,0.498,0.415,0.299,0.24,0.415,0.659,FAULT,79.2,High,SEED
2026-06-01 02:01:40,SEED-520,2691.393,16.577,55.03,4.212,223.833,79.542,94.421,0.351,0.404,0.313,0.462,0.496,0.289,0.552,FAULT,80.1,High,SEED
2026-06-01 02:11:40,SEED-521,2675.885,17.501,62.966,4.716,243.24,89.629,99.784,0.4,0.579,0.316,0.402,0.283,0.237,0.677,FAULT,86.5,High,SEED
2026-06-01 02:21:40,SEED-522,2783.834,16.768,54.684,6.639,299.805,82.255,90.038,0.171,0.172,0.333,0.341,0.25,0.249,0.257,DEGRADED,91.0,Medium,SEED
2026-06-01 02:31:40,SEED-523,2702.692,15.964,49.248,6.269,297.093,77.337,88.975,0.065,0.074,0.168,0.062,0.012,0.175,0.151,NORMAL,94.3,Low,SEED
2026-06-01 02:41:40,SEED-524,3028.825,13.102,52.099,8.893,338.39,75.319,89.736,0.144,0.063,0.224,0.187,0.101,0.074,0.316,NORMAL,84.4,Low,SEED
2026-06-01 02:51:40,SEED-525,2755.852,15.283,47.534,6.146,252.973,72.74,95.382,0.217,0.41,0.269,0.112,0.174,0.126,0.338,DEGRADED,91.0,Medium,SEED
2026-06-01 03:01:40,SEED-526,2939.2,14.573,44.052,8.195,291.872,77.765,88.949,0.265,0.222,0.247,0.148,0.082,0.037,0.176,NORMAL,91.5,Low,SEED
2026-06-01 03:11:40,SEED-527,2748.297,12.972,35.952,7.192,338.592,67.943,76.944,0.202,0.273,0.247,0.157,0.07,0.08,0.212,NORMAL,82.3,Low,SEED
2026-06-01 03:21:40,SEED-528,2515.5,16.306,69.096,4.378,250.256,79.495,103.928,0.509,0.451,0.307,0.312,0.208,0.377,0.407,FAULT,89.9,High,SEED
2026-06-01 03:31:40,SEED-529,2844.152,15.237,36.254,7.514,307.165,77.687,87.457,0.156,0.187,0.23,0.058,0.03,0.113,0.339,NORMAL,84.4,Low,SEED
2026-06-01 03:41:40,SEED-530,2985.184,13.476,47.429,8.024,336.778,66.565,81.97,0.134,0.19,0.125,0.176,0.175,0.156,0.239,NORMAL,70.8,Low,SEED
2026-06-01 03:51:40,SEED-531,2849.721,16.614,48.326,5.913,300.759,79.973,99.525,0.404,0.331,0.37,0.317,0.267,0.334,0.318,DEGRADED,91.0,Medium,SEED
2026-06-01 04:01:40,SEED-532,2647.384,15.129,61.612,7.402,289.93,77.359,82.927,0.331,0.25,0.411,0.329,0.189,0.26,0.269,DEGRADED,91.0,Medium,SEED
2026-06-01 04:11:40,SEED-533,2799.996,12.126,43.596,8.494,338.699,66.336,84.114,0.235,0.142,0.283,0.099,0.091,0.104,0.308,NORMAL,86.1,Low,SEED
2026-06-01 04:21:40,SEED-534,2918.131,14.892,55.548,6.945,319.274,83.759,97.57,0.164,0.349,0.359,0.205,0.164,0.2,0.529,DEGRADED,91.0,Medium,SEED
2026-06-01 04:31:40,SEED-535,2947.012,13.878,35.211,6.412,331.974,66.124,75.258,0.105,0.18,0.19,0.175,0.041,0.125,0.112,NORMAL,71.9,Low,SEED
2026-06-01 04:41:40,SEED-536,2937.266,15.327,37.308,7.224,334.786,68.173,75.365,0.151,0.161,0.216,0.197,0.097,0.159,0.261,NORMAL,83.5,Low,SEED
2026-06-01 04:51:40,SEED-537,3011.556,14.079,48.509,6.376,337.763,70.309,89.481,0.234,0.188,0.109,0.124,0.055,0.029,0.142,NORMAL,91.7,Low,SEED
2026-06-01 05:01:40,SEED-538,3097.826,15.226,52.926,7.703,305.988,71.31,87.288,0.208,0.098,0.153,0.183,0.078,0.06,0.38,NORMAL,94.6,Low,SEED
2026-06-01 05:11:40,SEED-539,2847.181,15.828,49.534,6.159,343.072,65.84,82.091,0.176,0.024,0.118,0.013,0.191,0.074,0.267,NORMAL,87.9,Low,SEED
2026-06-01 05:21:40,SEED-540,2761.716,14.52,54.555,7.251,281.264,75.052,96.559,0.433,0.32,0.337,0.222,0.272,0.134,0.466,DEGRADED,91.0,Medium,SEED
2026-06-01 05:31:40,SEED-541,2889.654,13.048,42.226,7.45,329.263,65.725,81.292,0.135,0.097,0.12,0.049,0.153,0.086,0.136,NORMAL,92.0,Low,SEED
2026-06-01 05:41:40,SEED-542,2628.057,16.1,62.429,5.396,233.592,85.309,104.127,0.52,0.381,0.537,0.358,0.406,0.388,0.475,FAULT,90.2,High,SEED
2026-06-01 05:51:40,SEED-543,3047.279,13.519,44.343,6.887,349.325,67.77,81.553,0.046,0.091,0.124,0.119,0.167,0.033,0.399,NORMAL,85.9,Low,SEED
2026-06-01 06:01:40,SEED-544,3059.426,15.17,50.725,8.53,281.343,66.69,86.723,0.017,0.249,0.094,0.145,0.162,0.138,0.225,NORMAL,86.5,Low,SEED
2026-06-01 06:11:40,SEED-545,2899.961,12.75,36.333,6.792,335.522,76.246,87.455,0.296,0.045,0.045,0.076,0.156,0.178,0.196,NORMAL,72.9,Low,SEED
2026-06-01 06:21:40,SEED-546,3129.183,14.66,45.667,7.381,330.999,71.584,83.184,0.013,0.245,0.186,0.199,0.158,0.016,0.113,NORMAL,79.5,Low,SEED
2026-06-01 06:31:40,SEED-547,2641.235,17.908,64.035,4.708,276.373,78.198,97.288,0.351,0.509,0.389,0.372,0.236,0.371,0.753,FAULT,83.9,High,SEED
2026-06-01 06:41:40,SEED-548,2598.848,16.513,55.105,4.554,207.591,88.656,103.217,0.537,0.597,0.523,0.484,0.249,0.286,0.572,FAULT,93.1,High,SEED
2026-06-01 06:51:40,SEED-549,2519.41,17.854,59.737,5.086,276.689,89.601,93.425,0.5,0.527,0.401,0.322,0.353,0.415,0.558,FAULT,88.2,High,SEED
2026-06-01 07:01:40,SEED-550,2630.528,17.33,61.873,4.473,259.208,81.382,106.94,0.431,0.346,0.393,0.274,0.392,0.33,0.768,FAULT,73.8,High,SEED
2026-06-01 07:11:40,SEED-551,2804.467,14.174,45.982,7.714,348.66,73.405,75.88,0.264,0.176,0.029,0.146,0.076,0.119,0.269,NORMAL,88.5,Low,SEED
2026-06-01 07:21:40,SEED-552,2880.341,12.983,37.313,7.67,348.87,65.293,77.005,0.065,0.298,0.19,0.135,0.042,0.178,0.315,NORMAL,80.4,Low,SEED
2026-06-01 07:31:40,SEED-553,2740.628,14.249,37.985,6.963,325.113,71.589,79.403,0.104,0.023,0.188,0.081,0.151,0.129,0.243,NORMAL,85.8,Low,SEED
2026-06-01 07:41:40,SEED-554,2943.364,12.302,47.408,8.076,296.37,74.093,81.806,0.202,0.223,0.129,0.064,0.076,0.159,0.269,NORMAL,73.4,Low,SEED
2026-06-01 07:51:40,SEED-555,2531.644,17.347,69.63,5.303,200.132,81.18,106.297,0.533,0.542,0.555,0.242,0.467,0.355,0.66,FAULT,72.7,High,SEED
2026-06-01 08:01:40,SEED-556,3033.481,15.957,47.162,6.735,294.584,66.85,87.24,0.143,0.096,0.107,0.034,0.195,0.076,0.205,NORMAL,80.9,Low,SEED
2026-06-01 08:11:40,SEED-557,2798.016,12.131,45.923,8.777,287.572,72.565,82.918,0.013,0.24,0.289,0.047,0.189,0.137,0.285,NORMAL,83.6,Low,SEED
2026-06-01 08:21:40,SEED-558,3110.593,13.388,50.624,7.548,350.551,70.415,76.939,0.116,0.088,0.062,0.104,0.012,0.064,0.175,NORMAL,80.0,Low,SEED
2026-06-01 08:31:40,SEED-559,2768.62,14.493,45.987,7.307,305.592,72.186,89.855,0.198,0.083,0.035,0.047,0.114,0.135,0.318,NORMAL,90.1,Low,SEED
2026-06-01 08:41:40,SEED-560,2819.005,14.928,49.617,6.936,251.974,72.559,99.441,0.314,0.238,0.409,0.167,0.244,0.153,0.303,DEGRADED,91.0,Medium,SEED
2026-06-01 08:51:40,SEED-561,2756.617,15.776,45.501,6.687,357.766,76.099,80.25,0.104,0.227,0.279,0.102,0.026,0.153,0.211,NORMAL,76.0,Low,SEED
2026-06-01 09:01:40,SEED-562,3048.928,14.51,54.769,6.266,332.951,72.734,89.279,0.263,0.26,0.128,0.037,0.02,0.097,0.208,NORMAL,76.6,Low,SEED
2026-06-01 09:11:40,SEED-563,2839.405,15.0,46.89,6.252,353.433,67.171,89.226,0.215,0.175,0.076,0.114,0.166,0.069,0.291,NORMAL,78.5,Low,SEED
2026-06-01 09:21:40,SEED-564,2932.601,16.251,47.434,6.328,277.361,74.488,91.602,0.278,0.256,0.266,0.205,0.329,0.126,0.453,DEGRADED,91.0,Medium,SEED
2026-06-01 09:31:40,SEED-565,2750.212,15.566,42.903,6.084,354.142,65.942,87.809,0.299,0.193,0.285,0.168,0.029,0.132,0.16,NORMAL,79.0,Low,SEED
2026-06-01 09:41:40,SEED-566,2888.161,16.814,49.776,5.408,304.361,74.675,87.712,0.405,0.446,0.284,0.301,0.118,0.319,0.462,DEGRADED,91.0,Medium,SEED
2026-06-01 09:51:40,SEED-567,3136.178,15.462,53.525,8.981,341.286,75.521,78.236,0.198,0.145,0.238,0.143,0.198,0.167,0.161,NORMAL,71.1,Low,SEED
2026-06-01 10:01:40,SEED-568,2825.622,14.815,38.553,6.409,344.892,68.462,78.675,0.286,0.034,0.028,0.173,0.089,0.135,0.27,NORMAL,79.0,Low,SEED
2026-06-01 10:11:40,SEED-569,3198.173,13.078,41.379,8.042,314.787,69.474,81.567,0.083,0.121,0.026,0.179,0.05,0.101,0.319,NORMAL,73.6,Low,SEED
2026-06-01 10:21:40,SEED-570,3174.847,14.773,47.237,6.607,288.385,65.716,78.114,0.297,0.048,0.186,0.035,0.189,0.086,0.182,NORMAL,81.3,Low,SEED
2026-06-01 10:31:40,SEED-571,2629.756,15.688,45.83,7.081,240.074,71.814,89.885,0.307,0.2,0.164,0.201,0.322,0.2,0.543,DEGRADED,91.0,Medium,SEED
2026-06-01 10:41:40,SEED-572,3157.596,15.031,49.384,6.101,301.098,76.945,87.551,0.206,0.215,0.232,0.011,0.073,0.079,0.136,NORMAL,75.9,Low,SEED
2026-06-01 10:51:40,SEED-573,2947.546,14.467,50.971,8.471,286.749,73.864,83.96,0.154,0.181,0.14,0.054,0.053,0.156,0.321,NORMAL,73.1,Low,SEED
2026-06-01 11:01:40,SEED-574,2680.739,16.617,62.631,5.25,225.877,85.984,108.662,0.398,0.503,0.351,0.285,0.449,0.245,0.462,FAULT,80.6,High,SEED
2026-06-01 11:11:40,SEED-575,2874.606,15.794,48.08,8.85,320.525,68.725,76.21,0.018,0.071,0.151,0.077,0.018,0.09,0.339,NORMAL,81.7,Low,SEED
2026-06-01 11:21:40,SEED-576,2817.667,13.583,37.718,7.847,305.429,69.176,87.187,0.218,0.083,0.148,0.113,0.04,0.103,0.112,NORMAL,87.9,Low,SEED
2026-06-01 11:31:40,SEED-577,2762.781,15.322,48.299,7.467,323.207,74.98,78.932,0.187,0.037,0.17,0.196,0.139,0.084,0.318,NORMAL,86.0,Low,SEED
2026-06-01 11:41:40,SEED-578,2842.537,13.736,40.887,8.286,321.534,71.639,89.186,0.064,0.287,0.19,0.163,0.036,0.038,0.256,NORMAL,86.2,Low,SEED
2026-06-01 11:51:40,SEED-579,3103.976,14.495,39.407,6.241,311.158,71.006,84.756,0.291,0.157,0.141,0.135,0.075,0.119,0.341,NORMAL,90.9,Low,SEED
2026-06-01 12:01:40,SEED-580,2604.338,16.756,56.146,4.562,276.756,88.686,107.066,0.449,0.481,0.59,0.327,0.269,0.368,0.591,FAULT,74.0,High,SEED
2026-06-01 12:11:40,SEED-581,2784.072,13.122,41.099,8.524,350.118,66.138,82.803,0.113,0.017,0.125,0.088,0.023,0.077,0.368,NORMAL,75.0,Low,SEED
2026-06-01 12:21:40,SEED-582,2879.577,12.15,36.449,6.795,330.608,65.383,77.773,0.164,0.241,0.127,0.061,0.011,0.161,0.237,NORMAL,93.5,Low,SEED
2026-06-01 12:31:40,SEED-583,3132.425,14.166,52.466,8.608,319.427,76.611,82.119,0.218,0.293,0.148,0.035,0.148,0.145,0.358,NORMAL,92.2,Low,SEED
2026-06-01 12:41:40,SEED-584,2862.532,14.563,47.065,5.287,310.412,80.351,93.667,0.308,0.412,0.306,0.191,0.28,0.172,0.388,DEGRADED,91.0,Medium,SEED
2026-06-01 12:51:40,SEED-585,2916.272,15.763,58.847,7.476,274.564,78.518,96.036,0.378,0.372,0.394,0.145,0.29,0.106,0.328,DEGRADED,91.0,Medium,SEED
2026-06-01 13:01:40,SEED-586,2814.845,12.628,37.171,8.627,332.985,73.647,79.522,0.257,0.09,0.266,0.098,0.088,0.062,0.143,NORMAL,79.1,Low,SEED
2026-06-01 13:11:40,SEED-587,2888.429,15.489,47.212,6.777,278.46,73.025,88.135,0.307,0.179,0.176,0.239,0.197,0.182,0.384,DEGRADED,91.0,Medium,SEED
2026-06-01 13:21:40,SEED-588,3173.605,12.526,39.36,7.681,280.756,77.758,81.846,0.099,0.172,0.074,0.129,0.1,0.055,0.162,NORMAL,74.0,Low,SEED
2026-06-01 13:31:40,SEED-589,3049.857,13.911,38.253,6.869,290.664,67.561,85.032,0.282,0.085,0.048,0.049,0.153,0.149,0.32,NORMAL,76.2,Low,SEED
2026-06-01 13:41:40,SEED-590,2740.478,15.353,47.977,5.857,289.387,77.073,97.269,0.397,0.185,0.425,0.196,0.292,0.224,0.483,DEGRADED,91.0,Medium,SEED
2026-06-01 13:51:40,SEED-591,2986.338,14.152,38.077,7.247,342.628,73.243,85.564,0.1,0.264,0.146,0.085,0.025,0.023,0.319,NORMAL,70.8,Low,SEED
2026-06-01 14:01:40,SEED-592,2704.671,14.973,59.572,5.904,297.117,81.083,92.424,0.215,0.428,0.183,0.272,0.257,0.246,0.373,DEGRADED,91.0,Medium,SEED
2026-06-01 14:11:40,SEED-593,3154.379,13.182,43.906,6.975,339.241,73.592,77.488,0.101,0.235,0.074,0.15,0.071,0.171,0.298,NORMAL,75.6,Low,SEED
2026-06-01 14:21:40,SEED-594,2621.404,16.355,50.111,6.535,289.243,74.638,88.421,0.396,0.379,0.311,0.348,0.233,0.224,0.394,DEGRADED,91.0,Medium,SEED
2026-06-01 14:31:40,SEED-595,2824.013,16.073,46.197,6.907,264.09,73.473,96.614,0.301,0.2,0.442,0.209,0.242,0.226,0.567,DEGRADED,91.0,Medium,SEED
2026-06-01 14:41:40,SEED-596,2888.919,12.011,36.747,7.309,344.454,72.803,78.694,0.273,0.214,0.271,0.185,0.082,0.162,0.151,NORMAL,88.7,Low,SEED
2026-06-01 14:51:40,SEED-597,2712.355,14.387,46.685,5.568,250.979,79.583,87.745,0.35,0.337,0.186,0.33,0.35,0.108,0.508,DEGRADED,91.0,Medium,SEED
2026-06-01 15:01:40,SEED-598,2551.538,17.915,68.993,5.453,266.869,87.739,101.101,0.367,0.571,0.398,0.232,0.291,0.44,0.759,FAULT,90.6,High,SEED
2026-06-01 15:11:40,SEED-599,2792.572,13.117,51.48,8.006,345.061,68.658,84.973,0.013,0.275,0.138,0.166,0.096,0.167,0.139,NORMAL,86.5,Low,SEED
2026-06-01 15:21:40,SEED-600,2639.639,17.774,60.073,5.467,277.388,81.406,94.562,0.475,0.598,0.367,0.422,0.311,0.298,0.423,FAULT,75.1,High,SEED
2026-06-01 15:31:40,SEED-601,2558.653,17.052,61.115,5.096,274.098,78.273,101.226,0.451,0.58,0.553,0.401,0.342,0.396,0.461,FAULT,89.1,High,SEED
2026-06-01 15:41:40,SEED-602,3114.096,12.634,43.277,8.074,329.06,67.995,79.695,0.28,0.043,0.229,0.012,0.102,0.139,0.142,NORMAL,77.5,Low,SEED
2026-06-01 15:51:40,SEED-603,2650.477,17.535,65.197,4.475,220.411,79.402,105.47,0.387,0.372,0.314,0.203,0.235,0.414,0.406,FAULT,72.5,High,SEED
2026-06-01 16:01:40,SEED-604,2624.015,16.882,46.141,6.933,301.305,76.556,92.153,0.436,0.374,0.449,0.21,0.227,0.225,0.541,DEGRADED,91.0,Medium,SEED
2026-06-01 16:11:40,SEED-605,2558.148,17.457,57.63,5.516,249.856,86.107,98.483,0.456,0.592,0.498,0.275,0.432,0.332,0.493,FAULT,82.9,High,SEED
2026-06-01 16:21:40,SEED-606,2955.258,12.567,41.146,8.383,338.031,74.758,86.893,0.098,0.094,0.04,0.107,0.069,0.085,0.2,NORMAL,82.8,Low,SEED
2026-06-01 16:31:40,SEED-607,2650.885,17.331,67.883,4.111,251.991,79.214,102.525,0.496,0.446,0.396,0.407,0.364,0.472,0.407,FAULT,80.5,High,SEED
2026-06-01 16:41:40,SEED-608,3065.508,15.218,37.794,8.725,335.291,71.356,80.38,0.104,0.139,0.113,0.093,0.016,0.115,0.232,NORMAL,72.2,Low,SEED
2026-06-01 16:51:40,SEED-609,2822.041,15.955,46.207,5.829,303.27,78.037,83.91,0.429,0.347,0.402,0.317,0.115,0.145,0.267,DEGRADED,91.0,Medium,SEED
2026-06-01 17:01:40,SEED-610,2808.55,12.837,46.772,8.95,341.948,67.239,83.236,0.18,0.286,0.271,0.075,0.169,0.162,0.315,NORMAL,85.5,Low,SEED
2026-06-01 17:11:40,SEED-611,3071.81,15.345,53.313,8.817,305.64,75.915,79.544,0.052,0.089,0.229,0.163,0.024,0.153,0.305,NORMAL,91.2,Low,SEED
2026-06-01 17:21:40,SEED-612,2664.56,16.646,57.841,4.179,211.67,88.294,100.961,0.417,0.521,0.335,0.465,0.491,0.268,0.547,FAULT,72.4,High,SEED
2026-06-01 17:31:40,SEED-613,2589.227,16.429,63.719,4.41,219.061,86.571,98.621,0.568,0.454,0.357,0.328,0.478,0.491,0.549,FAULT,78.9,High,SEED
2026-06-01 17:41:40,SEED-614,2893.98,14.236,58.154,6.659,313.01,78.605,87.16,0.236,0.218,0.431,0.19,0.144,0.144,0.288,DEGRADED,91.0,Medium,SEED
2026-06-01 17:51:40,SEED-615,2945.843,15.49,57.044,6.864,291.201,81.186,94.659,0.393,0.274,0.293,0.276,0.142,0.311,0.507,DEGRADED,91.0,Medium,SEED
2026-06-01 18:01:40,SEED-616,2925.398,12.603,38.716,7.263,357.454,67.815,77.983,0.287,0.086,0.131,0.135,0.057,0.107,0.389,NORMAL,79.1,Low,SEED
2026-06-01 18:11:40,SEED-617,2684.146,15.855,60.152,5.394,278.506,76.298,96.41,0.177,0.179,0.442,0.272,0.282,0.348,0.513,DEGRADED,91.0,Medium,SEED
2026-06-01 18:21:40,SEED-618,3097.441,15.12,43.37,7.424,306.607,66.153,81.956,0.096,0.031,0.139,0.161,0.133,0.055,0.319,NORMAL,90.7,Low,SEED
2026-06-01 18:31:40,SEED-619,2763.73,14.611,47.869,7.701,326.973,70.26,81.223,0.214,0.048,0.272,0.123,0.177,0.055,0.137,NORMAL,87.2,Low,SEED
2026-06-01 18:41:40,SEED-620,3005.943,14.849,45.883,7.325,294.145,70.18,81.344,0.23,0.018,0.255,0.073,0.164,0.169,0.321,NORMAL,77.7,Low,SEED
2026-06-01 18:51:40,SEED-621,2530.726,16.537,56.359,4.53,215.28,89.934,102.047,0.574,0.599,0.524,0.355,0.308,0.351,0.505,FAULT,75.0,High,SEED
2026-06-01 19:01:40,SEED-622,2815.4,15.186,48.465,8.382,282.146,70.499,85.663,0.04,0.26,0.084,0.034,0.023,0.11,0.17,NORMAL,73.2,Low,SEED
2026-06-01 19:11:40,SEED-623,3065.342,14.829,49.385,7.499,315.409,72.977,75.385,0.253,0.048,0.133,0.042,0.07,0.033,0.163,NORMAL,70.3,Low,SEED
2026-06-01 19:21:40,SEED-624,2785.372,12.327,39.444,8.344,337.603,67.359,85.26,0.028,0.241,0.156,0.021,0.117,0.146,0.137,NORMAL,89.7,Low,SEED
2026-06-01 19:31:40,SEED-625,2710.629,15.788,39.927,7.489,288.844,65.036,81.142,0.057,0.164,0.016,0.143,0.109,0.013,0.133,NORMAL,75.0,Low,SEED
2026-06-01 19:41:40,SEED-626,2840.279,13.31,50.733,6.852,328.698,74.513,84.475,0.023,0.246,0.293,0.034,0.162,0.012,0.269,NORMAL,94.0,Low,SEED
2026-06-01 19:51:40,SEED-627,2714.051,16.666,52.033,6.141,312.773,80.402,86.624,0.299,0.434,0.272,0.291,0.151,0.138,0.451,DEGRADED,91.0,Medium,SEED
2026-06-01 20:01:40,SEED-628,2874.982,15.881,53.275,8.7,317.405,67.763,86.723,0.24,0.159,0.272,0.071,0.187,0.069,0.215,NORMAL,84.7,Low,SEED
2026-06-01 20:11:40,SEED-629,2740.728,13.944,39.67,6.687,343.446,65.915,80.011,0.157,0.039,0.234,0.039,0.164,0.018,0.366,NORMAL,93.4,Low,SEED
2026-06-01 20:21:40,SEED-630,3139.05,15.745,52.368,8.571,299.729,69.114,82.561,0.097,0.05,0.07,0.108,0.174,0.05,0.14,NORMAL,70.7,Low,SEED
2026-06-01 20:31:40,SEED-631,3056.833,12.723,54.261,7.12,356.14,74.11,86.361,0.02,0.182,0.067,0.039,0.159,0.118,0.272,NORMAL,73.3,Low,SEED
2026-06-01 20:41:40,SEED-632,3178.247,13.717,35.116,8.66,302.015,68.946,76.923,0.199,0.09,0.137,0.174,0.169,0.132,0.374,NORMAL,78.5,Low,SEED
2026-06-01 20:51:40,SEED-633,2613.173,15.418,46.884,7.441,257.749,73.024,94.199,0.285,0.21,0.169,0.11,0.18,0.208,0.281,DEGRADED,91.0,Medium,SEED
2026-06-01 21:01:40,SEED-634,3077.938,13.926,45.566,8.16,289.701,77.662,79.969,0.05,0.266,0.074,0.062,0.066,0.087,0.27,NORMAL,92.1,Low,SEED
2026-06-01 21:11:40,SEED-635,2762.476,13.063,43.29,7.747,349.198,73.417,82.824,0.037,0.02,0.184,0.182,0.077,0.063,0.129,NORMAL,92.6,Low,SEED
2026-06-01 21:21:40,SEED-636,3102.264,12.456,36.979,8.763,318.704,65.546,88.71,0.169,0.08,0.234,0.139,0.1,0.067,0.311,NORMAL,80.0,Low,SEED
2026-06-01 21:31:40,SEED-637,2794.549,14.011,46.138,8.276,359.946,71.158,78.665,0.084,0.174,0.03,0.021,0.103,0.11,0.294,NORMAL,85.0,Low,SEED
2026-06-01 21:41:40,SEED-638,3141.78,15.377,52.543,6.397,310.597,69.802,78.391,0.175,0.232,0.149,0.149,0.035,0.152,0.175,NORMAL,81.3,Low,SEED
2026-06-01 21:51:40,SEED-639,2824.966,13.479,37.434,7.713,348.408,68.935,80.691,0.015,0.041,0.29,0.038,0.198,0.069,0.175,NORMAL,93.6,Low,SEED
2026-06-01 22:01:40,SEED-640,3103.047,14.922,54.785,6.041,327.171,66.719,80.718,0.075,0.01,0.163,0.088,0.186,0.046,0.216,NORMAL,92.6,Low,SEED
2026-06-01 22:11:40,SEED-641,2832.806,14.04,49.084,6.056,292.207,74.95,99.235,0.367,0.205,0.322,0.29,0.208,0.345,0.332,DEGRADED,91.0,Medium,SEED
2026-06-01 22:21:40,SEED-642,2871.466,13.048,36.177,6.708,317.977,73.839,85.679,0.202,0.187,0.202,0.15,0.017,0.035,0.225,NORMAL,75.7,Low,SEED
2026-06-01 22:31:40,SEED-643,2775.472,12.253,36.438,7.447,317.847,66.216,85.125,0.166,0.225,0.158,0.125,0.042,0.12,0.15,NORMAL,87.5,Low,SEED
2026-06-01 22:41:40,SEED-644,3131.45,14.437,53.494,8.092,286.446,74.47,78.932,0.083,0.059,0.055,0.19,0.045,0.141,0.119,NORMAL,84.5,Low,SEED
2026-06-01 22:51:40,SEED-645,2762.845,16.108,56.545,6.696,303.615,77.589,87.997,0.437,0.448,0.333,0.347,0.245,0.251,0.29,DEGRADED,91.0,Medium,SEED
2026-06-01 23:01:40,SEED-646,2926.526,16.125,45.996,5.401,260.615,78.67,94.237,0.446,0.304,0.159,0.33,0.284,0.326,0.403,DEGRADED,91.0,Medium,SEED
2026-06-01 23:11:40,SEED-647,2825.811,13.279,54.032,6.988,293.007,66.983,78.652,0.068,0.149,0.206,0.082,0.098,0.117,0.298,NORMAL,93.8,Low,SEED
2026-06-01 23:21:40,SEED-648,2789.447,14.903,45.617,8.969,280.691,70.799,87.238,0.25,0.013,0.291,0.1,0.069,0.107,0.341,NORMAL,91.8,Low,SEED
2026-06-01 23:31:40,SEED-649,2943.545,14.314,44.012,7.159,284.278,74.682,75.396,0.268,0.183,0.282,0.029,0.103,0.173,0.212,NORMAL,83.4,Low,SEED
2026-06-01 23:41:40,SEED-650,2769.297,13.912,41.415,7.614,357.071,65.988,80.297,0.164,0.07,0.204,0.07,0.062,0.026,0.206,NORMAL,70.4,Low,SEED
2026-06-01 23:51:40,SEED-651,2762.39,14.675,44.466,8.255,313.377,69.422,76.961,0.211,0.151,0.144,0.014,0.081,0.089,0.381,NORMAL,79.8,Low,SEED
2026-06-02 00:01:40,SEED-652,2928.321,15.104,35.113,8.268,331.812,73.333,87.962,0.022,0.056,0.167,0.186,0.142,0.164,0.238,NORMAL,78.9,Low,SEED
2026-06-02 00:11:40,SEED-653,2980.682,13.847,37.276,7.362,288.511,71.123,82.033,0.185,0.107,0.096,0.055,0.101,0.115,0.197,NORMAL,88.6,Low,SEED
2026-06-02 00:21:40,SEED-654,2871.567,14.845,46.93,6.49,351.193,71.533,89.893,0.259,0.064,0.28,0.189,0.032,0.064,0.314,NORMAL,78.4,Low,SEED
2026-06-02 00:31:40,SEED-655,2640.341,16.697,53.148,6.095,278.694,74.368,94.169,0.262,0.394,0.385,0.189,0.109,0.19,0.4,DEGRADED,91.0,Medium,SEED
2026-06-02 00:41:40,SEED-656,2762.698,14.752,51.55,6.729,279.115,77.176,93.157,0.363,0.275,0.331,0.17,0.242,0.236,0.425,DEGRADED,91.0,Medium,SEED
2026-06-02 00:51:40,SEED-657,2885.224,13.46,44.093,7.945,329.697,69.357,76.274,0.121,0.118,0.03,0.17,0.175,0.047,0.293,NORMAL,85.8,Low,SEED
2026-06-02 01:01:40,SEED-658,2584.824,17.789,61.047,5.314,250.943,89.265,90.319,0.416,0.451,0.387,0.407,0.365,0.373,0.561,FAULT,92.9,High,SEED
2026-06-02 01:11:40,SEED-659,2810.466,15.199,44.882,6.315,359.15,76.259,86.036,0.101,0.033,0.283,0.151,0.087,0.042,0.27,NORMAL,73.4,Low,SEED
2026-06-02 01:21:40,SEED-660,2995.276,15.508,37.635,8.421,322.743,75.566,77.66,0.221,0.171,0.091,0.124,0.191,0.157,0.365,NORMAL,71.3,Low,SEED
2026-06-02 01:31:40,SEED-661,3092.166,15.21,52.728,7.437,337.755,71.55,82.126,0.18,0.26,0.128,0.146,0.11,0.083,0.123,NORMAL,92.9,Low,SEED
2026-06-02 01:41:40,SEED-662,2883.277,14.957,42.269,6.265,308.97,73.47,77.333,0.149,0.16,0.287,0.049,0.132,0.175,0.183,NORMAL,84.6,Low,SEED
2026-06-02 01:51:40,SEED-663,2918.704,15.608,52.923,7.884,299.022,65.23,85.24,0.022,0.156,0.178,0.157,0.014,0.026,0.346,NORMAL,80.7,Low,SEED
2026-06-02 02:01:40,SEED-664,3090.073,14.093,42.497,7.269,290.144,73.711,82.645,0.258,0.05,0.159,0.041,0.126,0.029,0.223,NORMAL,73.5,Low,SEED
2026-06-02 02:11:40,SEED-665,2654.01,14.266,49.042,5.335,299.003,83.051,93.736,0.361,0.285,0.224,0.31,0.136,0.143,0.55,DEGRADED,91.0,Medium,SEED
2026-06-02 02:21:40,SEED-666,2813.91,16.789,61.093,5.912,249.595,72.945,87.898,0.19,0.44,0.399,0.124,0.274,0.245,0.396,DEGRADED,91.0,Medium,SEED
2026-06-02 02:31:40,SEED-667,3049.378,14.233,50.557,7.963,345.424,67.089,84.3,0.2,0.106,0.049,0.135,0.09,0.158,0.338,NORMAL,92.1,Low,SEED
2026-06-02 02:41:40,SEED-668,3075.892,13.964,37.259,6.824,359.212,77.261,89.172,0.203,0.195,0.011,0.118,0.037,0.175,0.184,NORMAL,75.5,Low,SEED
2026-06-02 02:51:40,SEED-669,2612.63,16.169,50.491,7.167,288.787,74.382,88.482,0.236,0.383,0.36,0.185,0.281,0.186,0.561,DEGRADED,91.0,Medium,SEED
2026-06-02 03:01:40,SEED-670,3107.902,12.028,49.598,6.856,316.344,74.462,81.251,0.054,0.032,0.287,0.045,0.107,0.021,0.372,NORMAL,89.3,Low,SEED
2026-06-02 03:11:40,SEED-671,2774.788,14.898,49.068,8.657,313.61,77.173,88.313,0.141,0.287,0.15,0.093,0.077,0.022,0.206,NORMAL,81.6,Low,SEED
2026-06-02 03:21:40,SEED-672,3122.676,13.797,41.987,6.618,330.073,66.688,76.773,0.026,0.14,0.138,0.06,0.147,0.173,0.359,NORMAL,93.6,Low,SEED
2026-06-02 03:31:40,SEED-673,2810.557,15.683,49.514,8.953,299.661,66.516,76.004,0.162,0.037,0.202,0.033,0.146,0.056,0.12,NORMAL,85.3,Low,SEED
2026-06-02 03:41:40,SEED-674,2738.991,13.65,35.007,6.432,349.516,73.793,84.904,0.09,0.041,0.246,0.117,0.172,0.038,0.297,NORMAL,77.3,Low,SEED
2026-06-02 03:51:40,SEED-675,3132.595,12.657,39.922,8.982,316.447,73.164,84.492,0.084,0.259,0.213,0.074,0.071,0.046,0.135,NORMAL,79.4,Low,SEED
2026-06-02 04:01:40,SEED-676,2957.062,14.598,38.443,7.15,345.433,72.82,78.377,0.059,0.133,0.117,0.162,0.174,0.154,0.356,NORMAL,79.3,Low,SEED
2026-06-02 04:11:40,SEED-677,2592.984,16.418,62.646,5.985,251.393,87.901,101.903,0.408,0.377,0.387,0.425,0.466,0.406,0.505,FAULT,87.8,High,SEED
2026-06-02 04:21:40,SEED-678,2838.848,15.032,41.802,7.672,287.738,71.602,89.325,0.069,0.154,0.105,0.179,0.116,0.161,0.197,NORMAL,93.8,Low,SEED
2026-06-02 04:31:40,SEED-679,2804.656,15.357,58.973,6.343,251.165,82.512,84.836,0.163,0.177,0.263,0.152,0.173,0.209,0.456,DEGRADED,91.0,Medium,SEED
2026-06-02 04:41:40,SEED-680,2989.128,15.17,39.268,7.371,288.393,65.568,77.631,0.206,0.093,0.139,0.184,0.019,0.027,0.265,NORMAL,78.3,Low,SEED
2026-06-02 04:51:40,SEED-681,2638.295,15.241,62.298,5.936,303.427,76.852,87.335,0.378,0.287,0.266,0.307,0.251,0.129,0.344,DEGRADED,91.0,Medium,SEED
2026-06-02 05:01:40,SEED-682,3101.491,14.486,36.209,7.552,291.994,69.394,80.545,0.224,0.29,0.157,0.089,0.099,0.073,0.365,NORMAL,71.8,Low,SEED
2026-06-02 05:11:40,SEED-683,2942.446,14.677,44.871,6.373,306.814,74.838,79.065,0.192,0.181,0.208,0.171,0.18,0.057,0.304,NORMAL,72.3,Low,SEED
2026-06-02 05:21:40,SEED-684,3036.436,12.694,36.847,7.362,305.751,71.695,75.158,0.287,0.046,0.274,0.046,0.023,0.182,0.116,NORMAL,84.3,Low,SEED
2026-06-02 05:31:40,SEED-685,2879.422,12.424,52.5,7.182,285.411,75.515,78.525,0.245,0.141,0.03,0.133,0.079,0.12,0.344,NORMAL,92.2,Low,SEED
2026-06-02 05:41:40,SEED-686,2778.202,15.582,44.761,7.724,354.525,67.231,87.781,0.137,0.215,0.204,0.137,0.056,0.157,0.195,NORMAL,90.7,Low,SEED
2026-06-02 05:51:40,SEED-687,2803.6,15.14,46.528,6.398,251.048,72.427,95.043,0.372,0.19,0.441,0.248,0.265,0.242,0.525,DEGRADED,91.0,Medium,SEED
2026-06-02 06:01:40,SEED-688,2602.165,16.312,48.427,6.895,277.371,76.581,90.351,0.314,0.2,0.419,0.279,0.148,0.333,0.561,DEGRADED,91.0,Medium,SEED
2026-06-02 06:11:40,SEED-689,2943.949,15.43,35.783,8.002,328.4,69.445,75.649,0.24,0.045,0.254,0.148,0.057,0.106,0.172,NORMAL,90.4,Low,SEED
2026-06-02 06:21:40,SEED-690,2798.25,13.901,47.602,6.643,339.213,73.143,81.239,0.121,0.243,0.129,0.046,0.136,0.135,0.142,NORMAL,90.5,Low,SEED
2026-06-02 06:31:40,SEED-691,3142.14,15.326,46.752,7.277,285.658,65.68,80.548,0.256,0.192,0.265,0.181,0.045,0.129,0.298,NORMAL,86.6,Low,SEED
2026-06-02 06:41:40,SEED-692,2586.513,17.273,69.118,5.49,276.407,81.61,104.54,0.481,0.567,0.477,0.264,0.363,0.347,0.775,FAULT,86.5,High,SEED
2026-06-02 06:51:40,SEED-693,2885.082,14.062,45.221,7.476,305.528,70.895,76.152,0.178,0.034,0.195,0.159,0.013,0.159,0.185,NORMAL,88.5,Low,SEED
2026-06-02 07:01:40,SEED-694,2507.721,16.933,64.26,4.442,237.066,83.794,102.238,0.333,0.529,0.458,0.485,0.247,0.238,0.619,FAULT,72.8,High,SEED
2026-06-02 07:11:40,SEED-695,3003.467,12.735,50.852,6.883,306.267,75.277,76.323,0.058,0.294,0.276,0.166,0.076,0.108,0.233,NORMAL,93.3,Low,SEED
2026-06-02 07:21:40,SEED-696,3049.207,12.221,39.442,8.603,280.658,76.713,78.381,0.133,0.288,0.188,0.187,0.062,0.094,0.277,NORMAL,74.3,Low,SEED
2026-06-02 07:31:40,SEED-697,2930.323,15.399,46.381,6.037,331.566,77.211,83.877,0.273,0.288,0.286,0.068,0.155,0.184,0.203,NORMAL,94.3,Low,SEED
2026-06-02 07:41:40,SEED-698,2915.291,14.958,60.282,7.196,253.468,78.911,83.056,0.234,0.199,0.313,0.33,0.15,0.233,0.528,DEGRADED,91.0,Medium,SEED
2026-06-02 07:51:40,SEED-699,2944.717,15.989,48.068,7.325,256.294,79.661,90.017,0.215,0.236,0.393,0.271,0.337,0.151,0.271,DEGRADED,91.0,Medium,SEED
2026-06-02 08:01:40,SEED-700,2940.755,12.94,41.303,6.7,343.883,73.058,88.629,0.277,0.169,0.117,0.034,0.121,0.126,0.288,NORMAL,82.4,Low,SEED
2026-06-02 08:11:40,SEED-701,2832.882,15.663,47.725,6.731,301.191,72.551,85.584,0.224,0.189,0.28,0.094,0.043,0.018,0.299,NORMAL,72.6,Low,SEED
2026-06-02 08:21:40,SEED-702,2747.005,14.2,54.18,6.349,290.745,76.842,80.858,0.175,0.185,0.178,0.15,0.176,0.102,0.28,NORMAL,87.2,Low,SEED
2026-06-02 08:31:40,SEED-703,2979.049,13.325,36.688,8.865,341.668,67.781,80.199,0.204,0.094,0.238,0.135,0.07,0.079,0.38,NORMAL,72.1,Low,SEED
2026-06-02 08:41:40,SEED-704,2893.235,13.447,50.593,6.902,319.256,68.687,83.647,0.225,0.135,0.188,0.043,0.165,0.139,0.135,NORMAL,86.8,Low,SEED
2026-06-02 08:51:40,SEED-705,2808.575,14.926,38.823,8.223,289.668,65.686,83.871,0.257,0.117,0.094,0.152,0.043,0.189,0.219,NORMAL,92.6,Low,SEED
2026-06-02 09:01:40,SEED-706,2700.669,13.959,43.46,6.547,345.784,65.005,89.467,0.05,0.051,0.174,0.036,0.027,0.083,0.323,NORMAL,71.5,Low,SEED
2026-06-02 09:11:40,SEED-707,2674.147,14.32,60.548,7.346,290.053,78.172,92.886,0.184,0.363,0.45,0.234,0.206,0.315,0.492,DEGRADED,91.0,Medium,SEED
2026-06-02 09:21:40,SEED-708,3104.555,13.716,49.067,6.762,317.815,77.353,87.12,0.191,0.243,0.198,0.05,0.131,0.159,0.149,NORMAL,76.7,Low,SEED
2026-06-02 09:31:40,SEED-709,2992.389,13.214,36.965,6.757,298.634,65.457,86.244,0.042,0.034,0.011,0.149,0.12,0.181,0.201,NORMAL,82.3,Low,SEED
2026-06-02 09:41:40,SEED-710,2778.473,15.233,52.517,7.182,274.638,73.505,93.024,0.235,0.449,0.397,0.138,0.149,0.32,0.252,DEGRADED,91.0,Medium,SEED
2026-06-02 09:51:40,SEED-711,3178.223,14.312,53.585,8.568,358.534,70.379,86.52,0.137,0.285,0.109,0.045,0.125,0.141,0.366,NORMAL,89.4,Low,SEED
2026-06-02 10:01:40,SEED-712,2691.528,17.752,66.436,4.393,270.59,89.794,109.298,0.483,0.516,0.327,0.449,0.213,0.472,0.54,FAULT,91.4,High,SEED
2026-06-02 10:11:40,SEED-713,2736.845,16.235,45.154,5.159,294.777,82.623,85.741,0.195,0.191,0.195,0.288,0.315,0.129,0.457,DEGRADED,91.0,Medium,SEED
2026-06-02 10:21:40,SEED-714,3054.186,15.432,54.81,7.813,353.627,65.58,86.954,0.039,0.225,0.048,0.139,0.017,0.168,0.365,NORMAL,73.0,Low,SEED
2026-06-02 10:31:40,SEED-715,3149.469,12.886,40.735,6.612,302.573,70.944,80.929,0.121,0.091,0.262,0.024,0.198,0.043,0.341,NORMAL,85.4,Low,SEED
2026-06-02 10:41:40,SEED-716,2983.521,15.135,41.547,8.54,354.876,73.782,84.587,0.235,0.233,0.25,0.078,0.123,0.098,0.329,NORMAL,93.2,Low,SEED
2026-06-02 10:51:40,SEED-717,2836.927,14.656,54.841,7.438,287.401,80.547,95.463,0.34,0.436,0.387,0.151,0.288,0.286,0.389,DEGRADED,91.0,Medium,SEED
2026-06-02 11:01:40,SEED-718,2711.476,16.391,52.428,5.17,258.751,78.092,89.466,0.409,0.42,0.289,0.233,0.201,0.323,0.27,DEGRADED,91.0,Medium,SEED
2026-06-02 11:11:40,SEED-719,2513.263,16.781,65.625,5.187,232.326,88.408,103.52,0.493,0.472,0.372,0.423,0.218,0.226,0.676,FAULT,86.1,High,SEED
2026-06-02 11:21:40,SEED-720,2786.025,14.323,52.856,6.777,252.202,80.739,99.415,0.205,0.183,0.413,0.288,0.226,0.273,0.598,DEGRADED,91.0,Medium,SEED
2026-06-02 11:31:40,SEED-721,2839.005,13.238,38.138,8.179,324.744,77.151,89.912,0.106,0.14,0.056,0.018,0.069,0.099,0.323,NORMAL,87.9,Low,SEED
2026-06-02 11:41:40,SEED-722,2943.288,12.801,47.806,6.193,280.943,65.805,80.339,0.082,0.119,0.086,0.137,0.135,0.087,0.305,NORMAL,94.3,Low,SEED
2026-06-02 11:51:40,SEED-723,2997.766,14.453,42.882,7.757,333.257,67.672,86.256,0.014,0.068,0.074,0.04,0.117,0.078,0.126,NORMAL,88.1,Low,SEED
2026-06-02 12:01:40,SEED-724,2695.819,16.537,50.169,7.293,284.654,74.8,92.508,0.39,0.415,0.328,0.281,0.3,0.267,0.583,DEGRADED,91.0,Medium,SEED
2026-06-02 12:11:40,SEED-725,2727.457,14.681,46.838,7.406,244.13,75.002,89.548,0.331,0.351,0.369,0.131,0.301,0.323,0.439,DEGRADED,91.0,Medium,SEED
2026-06-02 12:21:40,SEED-726,2785.277,14.669,52.974,6.061,323.443,69.822,78.705,0.244,0.15,0.207,0.09,0.035,0.115,0.388,NORMAL,76.4,Low,SEED
2026-06-02 12:31:40,SEED-727,2769.278,15.022,53.814,5.819,264.9,74.684,85.917,0.336,0.297,0.258,0.314,0.239,0.124,0.295,DEGRADED,91.0,Medium,SEED
2026-06-02 12:41:40,SEED-728,2749.344,12.163,53.113,7.922,346.278,77.415,76.323,0.268,0.107,0.085,0.051,0.12,0.064,0.324,NORMAL,78.8,Low,SEED
2026-06-02 12:51:40,SEED-729,2912.474,15.863,36.476,8.871,321.411,73.195,83.91,0.19,0.091,0.143,0.01,0.14,0.125,0.123,NORMAL,77.1,Low,SEED
2026-06-02 13:01:40,SEED-730,3090.907,14.306,46.427,8.585,308.047,75.241,76.137,0.268,0.233,0.136,0.093,0.173,0.017,0.213,NORMAL,71.3,Low,SEED
2026-06-02 13:11:40,SEED-731,2671.993,17.949,59.618,4.326,252.558,87.125,98.438,0.507,0.338,0.583,0.336,0.493,0.314,0.77,FAULT,91.3,High,SEED
2026-06-02 13:21:40,SEED-732,2603.659,17.59,60.133,4.392,240.845,81.111,90.399,0.577,0.337,0.484,0.34,0.294,0.479,0.758,FAULT,93.5,High,SEED
2026-06-02 13:31:40,SEED-733,3172.124,13.163,35.423,7.262,335.38,67.568,79.869,0.18,0.112,0.266,0.069,0.144,0.125,0.383,NORMAL,78.0,Low,SEED
2026-06-02 13:41:40,SEED-734,2750.616,16.428,58.374,6.718,289.795,75.113,83.888,0.244,0.376,0.299,0.192,0.289,0.245,0.535,DEGRADED,91.0,Medium,SEED
2026-06-02 13:51:40,SEED-735,2728.551,15.031,35.052,6.502,293.344,70.902,85.379,0.257,0.121,0.07,0.022,0.131,0.045,0.386,NORMAL,86.7,Low,SEED
2026-06-02 14:01:40,SEED-736,2864.979,12.699,43.383,8.631,286.343,70.743,84.631,0.133,0.228,0.038,0.125,0.047,0.058,0.118,NORMAL,74.1,Low,SEED
2026-06-02 14:11:40,SEED-737,2915.794,14.219,58.338,5.884,302.205,83.413,93.833,0.211,0.393,0.155,0.145,0.248,0.141,0.404,DEGRADED,91.0,Medium,SEED
2026-06-02 14:21:40,SEED-738,2632.624,17.921,57.702,4.98,204.048,81.813,103.922,0.378,0.36,0.527,0.464,0.369,0.349,0.413,FAULT,72.3,High,SEED
2026-06-02 14:31:40,SEED-739,2850.562,12.734,38.071,8.211,352.3,73.991,75.904,0.247,0.189,0.224,0.181,0.151,0.099,0.239,NORMAL,80.4,Low,SEED
2026-06-02 14:41:40,SEED-740,3173.981,15.276,48.757,8.45,300.123,65.021,79.782,0.148,0.262,0.224,0.028,0.102,0.026,0.289,NORMAL,71.1,Low,SEED
2026-06-02 14:51:40,SEED-741,2946.543,14.952,59.424,6.696,278.584,83.967,88.328,0.354,0.4,0.3,0.237,0.18,0.116,0.471,DEGRADED,91.0,Medium,SEED
2026-06-02 15:01:40,SEED-742,3001.375,12.479,44.643,7.992,332.065,67.148,85.793,0.145,0.141,0.099,0.013,0.163,0.112,0.135,NORMAL,75.1,Low,SEED
2026-06-02 15:11:40,SEED-743,2743.879,12.089,50.785,8.011,357.637,66.69,86.227,0.095,0.163,0.283,0.041,0.122,0.042,0.234,NORMAL,77.5,Low,SEED
2026-06-02 15:21:40,SEED-744,3184.889,15.475,47.213,6.941,327.1,67.989,87.535,0.061,0.197,0.139,0.131,0.182,0.199,0.328,NORMAL,94.8,Low,SEED
2026-06-02 15:31:40,SEED-745,2718.701,13.363,48.451,7.387,321.703,74.95,82.037,0.063,0.165,0.067,0.181,0.093,0.193,0.253,NORMAL,85.6,Low,SEED
2026-06-02 15:41:40,SEED-746,2601.229,14.747,51.773,6.084,277.63,72.394,87.432,0.295,0.173,0.297,0.236,0.201,0.11,0.288,DEGRADED,91.0,Medium,SEED
2026-06-02 15:51:40,SEED-747,2698.567,16.761,52.182,5.595,309.064,81.448,89.618,0.155,0.365,0.257,0.261,0.239,0.211,0.469,DEGRADED,91.0,Medium,SEED
2026-06-02 16:01:40,SEED-748,3015.981,13.063,48.084,8.238,318.483,70.283,81.446,0.097,0.102,0.027,0.175,0.155,0.182,0.273,NORMAL,77.2,Low,SEED
2026-06-02 16:11:40,SEED-749,3160.237,14.248,47.881,6.352,289.538,74.461,89.202,0.213,0.165,0.076,0.147,0.047,0.104,0.164,NORMAL,85.0,Low,SEED
2026-06-02 16:21:40,SEED-750,2825.395,15.209,36.541,7.288,354.635,65.569,75.671,0.262,0.264,0.198,0.019,0.025,0.143,0.188,NORMAL,88.5,Low,SEED
2026-06-02 16:31:40,SEED-751,3084.288,12.03,47.516,7.931,322.527,65.582,75.452,0.01,0.25,0.087,0.125,0.177,0.184,0.316,NORMAL,71.3,Low,SEED
2026-06-02 16:41:40,SEED-752,2543.932,16.3,59.922,5.37,224.02,79.466,91.638,0.436,0.348,0.396,0.236,0.313,0.366,0.746,FAULT,76.4,High,SEED
2026-06-02 16:51:40,SEED-753,2706.305,16.215,49.533,5.634,295.086,78.3,84.999,0.247,0.215,0.199,0.24,0.28,0.334,0.574,DEGRADED,91.0,Medium,SEED
2026-06-02 17:01:40,SEED-754,2746.193,13.331,53.485,8.538,335.061,76.33,89.669,0.144,0.05,0.116,0.055,0.191,0.155,0.153,NORMAL,90.1,Low,SEED
2026-06-02 17:11:40,SEED-755,2810.866,15.622,39.321,7.112,291.978,66.804,89.488,0.028,0.156,0.086,0.057,0.179,0.164,0.179,NORMAL,93.2,Low,SEED
2026-06-02 17:21:40,SEED-756,2810.76,14.432,53.596,6.142,276.386,74.119,87.533,0.383,0.175,0.293,0.321,0.186,0.331,0.26,DEGRADED,91.0,Medium,SEED
2026-06-02 17:31:40,SEED-757,3069.245,13.884,46.9,7.301,282.341,72.767,79.67,0.013,0.056,0.274,0.152,0.065,0.197,0.235,NORMAL,83.7,Low,SEED
2026-06-02 17:41:40,SEED-758,2750.188,15.008,60.306,6.47,301.625,73.858,99.069,0.292,0.2,0.426,0.195,0.204,0.132,0.38,DEGRADED,91.0,Medium,SEED
2026-06-02 17:51:40,SEED-759,2872.265,15.584,54.968,6.963,333.729,66.168,77.177,0.249,0.153,0.097,0.136,0.2,0.152,0.233,NORMAL,88.6,Low,SEED
2026-06-02 18:01:40,SEED-760,2852.156,15.539,58.452,7.2,261.785,78.662,99.341,0.206,0.255,0.251,0.253,0.14,0.265,0.447,DEGRADED,91.0,Medium,SEED
2026-06-02 18:11:40,SEED-761,2515.706,16.782,57.478,5.457,257.412,81.587,91.618,0.59,0.516,0.513,0.344,0.439,0.404,0.697,FAULT,88.0,High,SEED
2026-06-02 18:21:40,SEED-762,2842.901,15.203,60.409,5.738,288.469,77.668,99.624,0.436,0.166,0.222,0.186,0.212,0.167,0.391,DEGRADED,91.0,Medium,SEED
2026-06-02 18:31:40,SEED-763,2936.008,14.483,61.421,6.133,308.695,81.162,88.963,0.354,0.182,0.243,0.302,0.31,0.229,0.557,DEGRADED,91.0,Medium,SEED
2026-06-02 18:41:40,SEED-764,2644.056,14.556,55.009,5.986,271.751,81.698,96.392,0.362,0.172,0.267,0.246,0.292,0.16,0.455,DEGRADED,91.0,Medium,SEED
2026-06-02 18:51:40,SEED-765,2749.98,16.539,58.757,5.0,288.783,75.778,97.268,0.318,0.415,0.322,0.173,0.189,0.149,0.449,DEGRADED,91.0,Medium,SEED
2026-06-02 19:01:40,SEED-766,2904.062,15.502,59.835,5.612,311.463,72.006,89.829,0.409,0.442,0.239,0.126,0.244,0.227,0.314,DEGRADED,91.0,Medium,SEED
2026-06-02 19:11:40,SEED-767,2781.314,12.15,37.327,6.319,298.796,72.852,75.592,0.137,0.253,0.185,0.025,0.064,0.021,0.292,NORMAL,71.8,Low,SEED
2026-06-02 19:21:40,SEED-768,2715.615,14.085,55.262,5.18,311.21,73.486,97.752,0.196,0.348,0.342,0.347,0.217,0.122,0.544,DEGRADED,91.0,Medium,SEED
2026-06-02 19:31:40,SEED-769,2968.01,14.29,53.185,8.706,288.919,74.423,87.884,0.216,0.162,0.026,0.193,0.14,0.18,0.105,NORMAL,83.8,Low,SEED
2026-06-02 19:41:40,SEED-770,2869.482,14.591,62.455,5.598,304.658,77.305,99.136,0.163,0.369,0.25,0.255,0.303,0.124,0.374,DEGRADED,91.0,Medium,SEED
2026-06-02 19:51:40,SEED-771,2803.361,13.169,44.597,8.73,320.618,67.139,75.838,0.075,0.191,0.156,0.101,0.12,0.113,0.295,NORMAL,80.7,Low,SEED
2026-06-02 20:01:40,SEED-772,2779.3,14.06,50.239,5.002,307.396,80.653,98.093,0.196,0.25,0.256,0.116,0.144,0.312,0.309,DEGRADED,91.0,Medium,SEED
2026-06-02 20:11:40,SEED-773,2639.502,14.098,49.049,5.142,307.215,77.453,94.027,0.284,0.163,0.344,0.245,0.219,0.291,0.392,DEGRADED,91.0,Medium,SEED
2026-06-02 20:21:40,SEED-774,2683.304,15.905,48.683,6.551,309.18,75.909,92.695,0.424,0.317,0.24,0.254,0.253,0.185,0.376,DEGRADED,91.0,Medium,SEED
2026-06-02 20:31:40,SEED-775,2778.438,12.412,47.147,8.645,325.954,70.463,79.271,0.258,0.068,0.228,0.192,0.159,0.136,0.132,NORMAL,83.0,Low,SEED
2026-06-02 20:41:40,SEED-776,2784.517,12.235,44.665,6.095,296.897,77.589,86.72,0.1,0.188,0.227,0.023,0.1,0.055,0.129,NORMAL,72.8,Low,SEED
2026-06-02 20:51:40,SEED-777,3054.909,13.711,51.657,7.469,322.807,73.271,83.757,0.073,0.013,0.115,0.158,0.109,0.053,0.183,NORMAL,75.1,Low,SEED
2026-06-02 21:01:40,SEED-778,2632.486,16.921,59.029,6.526,250.771,80.681,88.368,0.29,0.427,0.415,0.261,0.144,0.336,0.367,DEGRADED,91.0,Medium,SEED
2026-06-02 21:11:40,SEED-779,2718.621,13.279,53.029,6.153,345.701,65.273,79.764,0.295,0.282,0.041,0.04,0.187,0.033,0.286,NORMAL,93.0,Low,SEED
2026-06-02 21:21:40,SEED-780,2822.161,16.473,49.948,7.196,260.936,76.334,85.847,0.399,0.3,0.369,0.122,0.275,0.234,0.579,DEGRADED,91.0,Medium,SEED
2026-06-02 21:31:40,SEED-781,2702.583,15.279,44.862,8.541,292.438,70.379,87.769,0.15,0.258,0.015,0.113,0.114,0.093,0.109,NORMAL,73.0,Low,SEED
2026-06-02 21:41:40,SEED-782,2815.073,12.708,53.097,8.288,308.709,73.451,81.816,0.042,0.202,0.191,0.145,0.158,0.014,0.304,NORMAL,79.7,Low,SEED
2026-06-02 21:51:40,SEED-783,2893.079,15.126,57.766,7.098,266.376,75.909,88.431,0.323,0.247,0.268,0.336,0.187,0.297,0.597,DEGRADED,91.0,Medium,SEED
2026-06-02 22:01:40,SEED-784,3154.717,12.225,50.619,6.851,334.37,69.966,83.262,0.181,0.023,0.26,0.165,0.155,0.11,0.125,NORMAL,74.6,Low,SEED
2026-06-02 22:11:40,SEED-785,2538.634,17.109,60.661,4.562,243.404,87.298,91.608,0.361,0.438,0.442,0.385,0.306,0.235,0.405,FAULT,91.9,High,SEED
2026-06-02 22:21:40,SEED-786,2836.588,12.644,45.303,6.931,318.791,73.035,85.132,0.027,0.167,0.174,0.063,0.169,0.134,0.244,NORMAL,70.6,Low,SEED
2026-06-02 22:31:40,SEED-787,3100.735,12.637,53.337,6.408,339.195,76.312,89.496,0.145,0.169,0.256,0.122,0.047,0.141,0.243,NORMAL,95.0,Low,SEED
2026-06-02 22:41:40,SEED-788,2738.583,14.341,62.028,5.517,313.695,73.778,83.767,0.439,0.257,0.247,0.279,0.179,0.133,0.271,DEGRADED,91.0,Medium,SEED
2026-06-02 22:51:40,SEED-789,2912.333,13.629,47.599,8.943,352.288,67.517,82.85,0.081,0.098,0.107,0.076,0.193,0.182,0.176,NORMAL,71.5,Low,SEED
2026-06-02 23:01:40,SEED-790,2825.935,13.822,50.964,6.172,295.079,66.905,83.761,0.096,0.086,0.204,0.125,0.086,0.188,0.115,NORMAL,74.5,Low,SEED
2026-06-02 23:11:40,SEED-791,2939.332,15.38,53.503,5.28,259.317,81.848,90.155,0.207,0.307,0.435,0.277,0.132,0.187,0.362,DEGRADED,91.0,Medium,SEED
2026-06-02 23:21:40,SEED-792,2937.385,13.638,39.714,8.547,306.449,66.685,82.755,0.144,0.023,0.077,0.022,0.058,0.187,0.336,NORMAL,84.1,Low,SEED
2026-06-02 23:31:40,SEED-793,2970.909,15.79,49.668,6.512,341.572,70.636,81.722,0.123,0.056,0.124,0.04,0.157,0.133,0.298,NORMAL,77.3,Low,SEED
2026-06-02 23:41:40,SEED-794,2963.131,12.367,40.543,8.672,312.009,76.217,78.807,0.205,0.283,0.278,0.12,0.08,0.177,0.21,NORMAL,89.1,Low,SEED
2026-06-02 23:51:40,SEED-795,2985.21,14.946,48.744,8.8,311.256,74.092,84.564,0.293,0.289,0.1,0.161,0.15,0.016,0.299,NORMAL,72.5,Low,SEED
2026-06-03 00:01:40,SEED-796,2600.356,17.424,69.232,5.481,250.93,79.45,96.31,0.49,0.52,0.311,0.231,0.424,0.458,0.694,FAULT,72.5,High,SEED
2026-06-03 00:11:40,SEED-797,2584.929,17.256,64.99,5.248,279.517,80.886,91.73,0.404,0.472,0.537,0.202,0.405,0.238,0.426,FAULT,88.5,High,SEED
2026-06-03 00:21:40,SEED-798,2611.195,16.077,46.951,5.777,306.335,73.438,98.057,0.237,0.3,0.278,0.343,0.239,0.256,0.321,DEGRADED,91.0,Medium,SEED
2026-06-03 00:31:40,SEED-799,2755.811,14.427,39.633,8.687,325.205,72.565,79.692,0.117,0.25,0.137,0.025,0.039,0.2,0.383,NORMAL,86.4,Low,SEED
2026-06-03 00:41:40,SEED-800,3046.777,15.842,46.499,6.953,346.749,72.643,88.274,0.131,0.033,0.077,0.045,0.161,0.115,0.306,NORMAL,74.3,Low,SEED
2026-06-03 00:51:40,SEED-801,2895.335,15.557,36.966,6.376,351.389,74.951,88.882,0.283,0.042,0.124,0.086,0.192,0.134,0.308,NORMAL,84.5,Low,SEED
2026-06-03 01:01:40,SEED-802,2830.179,14.96,55.584,6.737,283.325,79.035,97.264,0.175,0.205,0.44,0.331,0.279,0.109,0.359,DEGRADED,91.0,Medium,SEED
2026-06-03 01:11:40,SEED-803,2795.637,12.38,42.006,6.06,295.116,68.573,76.224,0.206,0.165,0.1,0.09,0.111,0.062,0.319,NORMAL,87.3,Low,SEED
2026-06-03 01:21:40,SEED-804,2911.69,14.822,45.439,7.168,308.0,82.754,89.818,0.218,0.305,0.373,0.328,0.29,0.332,0.355,DEGRADED,91.0,Medium,SEED
2026-06-03 01:31:40,SEED-805,2596.558,17.863,60.317,4.724,214.762,81.686,95.757,0.41,0.401,0.452,0.362,0.29,0.483,0.75,FAULT,75.3,High,SEED
2026-06-03 01:41:40,SEED-806,2717.828,14.279,61.459,5.021,264.672,72.28,98.977,0.264,0.315,0.197,0.161,0.23,0.222,0.323,DEGRADED,91.0,Medium,SEED
2026-06-03 01:51:40,SEED-807,2850.635,15.082,44.007,7.913,332.667,72.125,79.318,0.178,0.25,0.07,0.176,0.098,0.106,0.13,NORMAL,87.1,Low,SEED
2026-06-03 02:01:40,SEED-808,3078.171,12.09,40.737,7.068,290.305,76.562,78.512,0.047,0.227,0.289,0.142,0.185,0.146,0.26,NORMAL,78.3,Low,SEED
2026-06-03 02:11:40,SEED-809,2567.36,17.893,69.936,5.377,209.165,82.15,91.462,0.498,0.469,0.473,0.474,0.395,0.342,0.746,FAULT,86.8,High,SEED
2026-06-03 02:21:40,SEED-810,2607.778,14.034,46.759,5.97,298.096,74.807,85.666,0.274,0.181,0.188,0.316,0.169,0.125,0.387,DEGRADED,91.0,Medium,SEED
2026-06-03 02:31:40,SEED-811,2605.123,16.875,55.746,5.237,226.754,82.204,94.942,0.453,0.329,0.385,0.218,0.47,0.471,0.717,FAULT,77.2,High,SEED
2026-06-03 02:41:40,SEED-812,3091.089,14.44,36.229,7.482,282.885,72.576,83.482,0.076,0.207,0.259,0.069,0.115,0.053,0.362,NORMAL,81.5,Low,SEED
2026-06-03 02:51:40,SEED-813,3032.816,14.156,51.798,7.159,323.192,67.188,86.498,0.109,0.261,0.155,0.035,0.082,0.103,0.243,NORMAL,85.0,Low,SEED
2026-06-03 03:01:40,SEED-814,2894.399,13.511,49.059,8.177,327.281,68.078,86.043,0.239,0.203,0.1,0.154,0.122,0.197,0.33,NORMAL,73.1,Low,SEED
2026-06-03 03:11:40,SEED-815,2618.883,16.6,52.172,5.015,272.001,82.212,96.911,0.221,0.302,0.262,0.115,0.207,0.156,0.538,DEGRADED,91.0,Medium,SEED
2026-06-03 03:21:40,SEED-816,2653.5,16.918,48.91,6.14,303.693,74.459,99.339,0.389,0.345,0.363,0.127,0.199,0.191,0.535,DEGRADED,91.0,Medium,SEED
2026-06-03 03:31:40,SEED-817,2907.956,13.721,40.798,8.157,355.85,68.393,83.53,0.021,0.259,0.211,0.144,0.101,0.078,0.284,NORMAL,82.4,Low,SEED
2026-06-03 03:41:40,SEED-818,3102.69,15.609,35.951,8.936,284.546,72.748,87.435,0.276,0.094,0.22,0.193,0.105,0.106,0.375,NORMAL,89.9,Low,SEED
2026-06-03 03:51:40,SEED-819,2770.754,16.062,47.399,7.025,248.483,75.761,96.421,0.336,0.439,0.405,0.18,0.247,0.123,0.252,DEGRADED,91.0,Medium,SEED
2026-06-03 04:01:40,SEED-820,2948.275,16.294,48.031,6.735,315.767,79.451,86.564,0.275,0.221,0.211,0.106,0.166,0.315,0.515,DEGRADED,91.0,Medium,SEED
2026-06-03 04:11:40,SEED-821,3043.888,13.359,50.096,7.789,318.076,77.596,87.088,0.114,0.094,0.192,0.088,0.046,0.12,0.166,NORMAL,71.4,Low,SEED
2026-06-03 04:21:40,SEED-822,3144.414,13.236,50.542,7.522,338.383,68.459,83.717,0.131,0.262,0.295,0.119,0.056,0.065,0.363,NORMAL,89.7,Low,SEED
2026-06-03 04:31:40,SEED-823,3106.451,13.062,43.684,6.495,339.761,67.119,76.198,0.023,0.012,0.296,0.085,0.107,0.043,0.14,NORMAL,89.2,Low,SEED
2026-06-03 04:41:40,SEED-824,2688.882,16.946,52.368,5.574,248.728,80.074,92.349,0.303,0.405,0.22,0.176,0.147,0.202,0.295,DEGRADED,91.0,Medium,SEED
2026-06-03 04:51:40,SEED-825,2833.231,12.723,45.206,6.459,359.901,67.625,89.826,0.161,0.221,0.295,0.15,0.073,0.016,0.274,NORMAL,84.9,Low,SEED
2026-06-03 05:01:40,SEED-826,3088.643,13.789,53.279,7.987,352.799,66.01,81.724,0.177,0.154,0.247,0.067,0.017,0.019,0.113,NORMAL,80.5,Low,SEED
2026-06-03 05:11:40,SEED-827,2716.096,16.489,51.406,5.217,289.768,76.566,88.569,0.313,0.398,0.429,0.336,0.269,0.309,0.308,DEGRADED,91.0,Medium,SEED
2026-06-03 05:21:40,SEED-828,2661.714,17.483,58.337,4.681,250.231,86.634,95.963,0.52,0.378,0.423,0.493,0.342,0.287,0.571,FAULT,82.4,High,SEED
2026-06-03 05:31:40,SEED-829,2718.039,16.042,50.392,5.603,277.311,74.8,83.663,0.324,0.228,0.431,0.231,0.297,0.344,0.259,DEGRADED,91.0,Medium,SEED
2026-06-03 05:41:40,SEED-830,2717.08,15.83,47.327,6.813,355.198,76.85,89.402,0.128,0.034,0.115,0.026,0.095,0.172,0.364,NORMAL,81.7,Low,SEED
2026-06-03 05:51:40,SEED-831,2930.756,15.952,48.408,7.119,319.736,66.006,88.638,0.116,0.238,0.05,0.126,0.181,0.033,0.239,NORMAL,80.4,Low,SEED
2026-06-03 06:01:40,SEED-832,2701.382,14.255,47.928,8.788,283.489,68.428,84.548,0.28,0.232,0.149,0.179,0.14,0.067,0.233,NORMAL,88.7,Low,SEED
2026-06-03 06:11:40,SEED-833,2614.735,16.79,66.419,5.382,204.873,83.205,90.194,0.593,0.421,0.472,0.427,0.219,0.36,0.501,FAULT,92.1,High,SEED
2026-06-03 06:21:40,SEED-834,2795.902,15.234,59.986,5.588,256.266,76.753,98.961,0.413,0.396,0.169,0.266,0.314,0.304,0.421,DEGRADED,91.0,Medium,SEED
2026-06-03 06:31:40,SEED-835,2682.675,14.155,52.99,7.205,254.216,78.048,99.257,0.432,0.238,0.417,0.334,0.143,0.337,0.5,DEGRADED,91.0,Medium,SEED
2026-06-03 06:41:40,SEED-836,2931.48,12.109,39.209,6.564,304.912,68.558,89.075,0.178,0.054,0.154,0.09,0.131,0.04,0.236,NORMAL,82.5,Low,SEED
2026-06-03 06:51:40,SEED-837,2821.891,14.47,38.367,7.448,288.124,72.873,87.099,0.221,0.015,0.081,0.14,0.166,0.149,0.194,NORMAL,78.0,Low,SEED
2026-06-03 07:01:40,SEED-838,2640.215,16.623,62.015,5.148,262.394,85.251,104.219,0.477,0.404,0.599,0.486,0.28,0.218,0.637,FAULT,88.5,High,SEED
2026-06-03 07:11:40,SEED-839,2712.064,12.796,36.795,6.475,336.4,75.736,88.977,0.056,0.228,0.043,0.072,0.153,0.17,0.149,NORMAL,76.1,Low,SEED
2026-06-03 07:21:40,SEED-840,2794.835,15.881,49.162,6.537,296.814,83.277,84.668,0.357,0.348,0.22,0.314,0.194,0.315,0.433,DEGRADED,91.0,Medium,SEED
2026-06-03 07:31:40,SEED-841,3188.237,13.98,44.549,8.291,324.243,76.381,79.364,0.276,0.131,0.081,0.117,0.02,0.057,0.32,NORMAL,94.3,Low,SEED
2026-06-03 07:41:40,SEED-842,2916.877,12.203,36.269,7.656,300.762,70.293,80.423,0.217,0.184,0.069,0.072,0.177,0.076,0.187,NORMAL,76.1,Low,SEED
2026-06-03 07:51:40,SEED-843,2630.902,17.006,64.54,5.673,271.063,81.476,96.26,0.302,0.468,0.4,0.404,0.328,0.286,0.658,FAULT,75.5,High,SEED
2026-06-03 08:01:40,SEED-844,3049.637,15.416,46.067,8.308,354.118,67.72,75.668,0.104,0.16,0.246,0.049,0.194,0.022,0.183,NORMAL,94.4,Low,SEED
2026-06-03 08:11:40,SEED-845,2985.917,13.042,49.842,7.721,318.716,68.065,84.853,0.235,0.161,0.25,0.156,0.093,0.044,0.282,NORMAL,81.1,Low,SEED
2026-06-03 08:21:40,SEED-846,2947.631,13.297,35.531,8.415,359.683,71.114,78.572,0.104,0.241,0.174,0.15,0.121,0.174,0.176,NORMAL,90.6,Low,SEED
2026-06-03 08:31:40,SEED-847,3010.282,12.081,35.001,6.688,292.352,73.98,78.751,0.16,0.231,0.124,0.029,0.047,0.071,0.204,NORMAL,74.6,Low,SEED
2026-06-03 08:41:40,SEED-848,3124.067,14.772,41.478,8.722,351.443,69.701,79.363,0.223,0.238,0.035,0.148,0.165,0.129,0.294,NORMAL,92.9,Low,SEED
2026-06-03 08:51:40,SEED-849,2916.957,13.701,36.753,7.439,338.056,71.726,85.592,0.096,0.174,0.182,0.076,0.153,0.014,0.366,NORMAL,86.1,Low,SEED
2026-06-03 09:01:40,SEED-850,2552.984,17.902,60.918,5.888,265.455,78.365,101.413,0.37,0.398,0.416,0.308,0.476,0.298,0.77,FAULT,87.5,High,SEED
2026-06-03 09:11:40,SEED-851,2816.714,14.08,49.379,5.495,313.19,73.657,94.121,0.222,0.442,0.283,0.277,0.334,0.277,0.361,DEGRADED,91.0,Medium,SEED
2026-06-03 09:21:40,SEED-852,2973.923,12.069,37.004,7.323,296.068,65.943,86.548,0.247,0.026,0.024,0.058,0.017,0.139,0.314,NORMAL,90.3,Low,SEED
2026-06-03 09:31:40,SEED-853,2773.563,12.456,42.666,7.292,358.684,72.509,76.615,0.238,0.022,0.043,0.158,0.129,0.102,0.299,NORMAL,72.2,Low,SEED
2026-06-03 09:41:40,SEED-854,2723.233,13.122,48.257,8.258,359.042,68.834,84.678,0.12,0.052,0.06,0.147,0.068,0.082,0.127,NORMAL,77.0,Low,SEED
2026-06-03 09:51:40,SEED-855,2579.571,17.491,64.989,4.902,277.161,84.797,95.426,0.388,0.506,0.52,0.315,0.276,0.447,0.66,FAULT,85.0,High,SEED
2026-06-03 10:01:40,SEED-856,3145.029,14.378,35.808,8.929,293.533,67.271,87.641,0.057,0.028,0.043,0.168,0.042,0.048,0.241,NORMAL,81.3,Low,SEED
2026-06-03 10:11:40,SEED-857,2730.614,15.498,46.636,6.862,341.162,67.209,84.437,0.263,0.279,0.224,0.08,0.016,0.129,0.207,NORMAL,70.1,Low,SEED
2026-06-03 10:21:40,SEED-858,3130.556,13.552,46.044,6.808,322.759,66.775,87.822,0.055,0.3,0.104,0.136,0.122,0.069,0.208,NORMAL,78.7,Low,SEED
2026-06-03 10:31:40,SEED-859,2721.81,13.52,49.341,8.604,339.463,68.26,81.741,0.061,0.294,0.03,0.032,0.026,0.154,0.196,NORMAL,79.6,Low,SEED
2026-06-03 10:41:40,SEED-860,3126.449,12.3,48.659,6.181,295.203,76.758,82.442,0.228,0.232,0.075,0.115,0.167,0.188,0.157,NORMAL,87.3,Low,SEED
2026-06-03 10:51:40,SEED-861,2617.052,17.606,60.692,4.802,219.808,89.093,102.835,0.301,0.527,0.495,0.377,0.492,0.341,0.727,FAULT,85.0,High,SEED
2026-06-03 11:01:40,SEED-862,2909.405,13.381,44.42,6.637,298.574,72.034,83.566,0.141,0.263,0.085,0.124,0.188,0.163,0.309,NORMAL,91.2,Low,SEED
2026-06-03 11:11:40,SEED-863,3123.905,13.759,44.209,8.284,307.503,67.335,77.995,0.27,0.11,0.055,0.089,0.135,0.083,0.355,NORMAL,77.1,Low,SEED
2026-06-03 11:21:40,SEED-864,3190.892,12.418,42.643,7.968,293.729,65.438,75.669,0.164,0.218,0.203,0.158,0.039,0.103,0.389,NORMAL,86.6,Low,SEED
2026-06-03 11:31:40,SEED-865,2675.743,15.069,62.463,5.781,271.934,79.037,82.658,0.18,0.23,0.425,0.186,0.347,0.207,0.567,DEGRADED,91.0,Medium,SEED
2026-06-03 11:41:40,SEED-866,2957.818,12.966,50.118,6.61,306.207,76.721,87.709,0.013,0.132,0.16,0.135,0.171,0.065,0.308,NORMAL,84.5,Low,SEED
2026-06-03 11:51:40,SEED-867,2894.712,16.313,57.101,5.885,300.419,78.454,91.223,0.394,0.189,0.327,0.259,0.294,0.345,0.462,DEGRADED,91.0,Medium,SEED
2026-06-03 12:01:40,SEED-868,2703.17,12.333,52.933,6.428,355.889,70.478,79.935,0.035,0.148,0.232,0.12,0.184,0.161,0.284,NORMAL,75.9,Low,SEED
2026-06-03 12:11:40,SEED-869,3086.644,13.369,48.427,7.501,335.033,66.906,80.592,0.092,0.287,0.066,0.136,0.071,0.137,0.116,NORMAL,81.1,Low,SEED
2026-06-03 12:21:40,SEED-870,2917.301,15.49,37.181,7.405,339.092,73.722,82.517,0.053,0.181,0.018,0.028,0.055,0.11,0.295,NORMAL,73.9,Low,SEED
2026-06-03 12:31:40,SEED-871,3109.729,15.921,46.129,8.992,346.485,74.714,79.361,0.049,0.149,0.036,0.035,0.158,0.118,0.312,NORMAL,81.1,Low,SEED
2026-06-03 12:41:40,SEED-872,2777.124,15.555,35.423,7.856,299.176,69.957,75.327,0.073,0.218,0.205,0.049,0.06,0.075,0.359,NORMAL,73.7,Low,SEED
2026-06-03 12:51:40,SEED-873,2555.643,17.471,58.007,5.769,244.468,78.602,100.471,0.498,0.452,0.326,0.411,0.395,0.246,0.731,FAULT,92.8,High,SEED
2026-06-03 13:01:40,SEED-874,3010.942,12.975,48.041,7.201,299.432,65.639,85.458,0.264,0.174,0.255,0.058,0.137,0.157,0.161,NORMAL,81.6,Low,SEED
2026-06-03 13:11:40,SEED-875,2782.066,15.892,44.345,7.094,285.454,70.134,88.393,0.298,0.256,0.246,0.106,0.04,0.194,0.195,NORMAL,78.7,Low,SEED
2026-06-03 13:21:40,SEED-876,3071.382,12.32,42.514,6.578,296.692,73.075,79.175,0.284,0.159,0.239,0.1,0.101,0.02,0.142,NORMAL,85.0,Low,SEED
2026-06-03 13:31:40,SEED-877,2881.946,15.33,52.777,7.665,287.373,70.411,89.662,0.093,0.153,0.232,0.097,0.196,0.131,0.251,NORMAL,73.6,Low,SEED
2026-06-03 13:41:40,SEED-878,2710.802,14.967,38.412,6.532,289.716,76.853,75.681,0.094,0.042,0.249,0.013,0.108,0.143,0.211,NORMAL,72.4,Low,SEED
2026-06-03 13:51:40,SEED-879,2773.292,13.382,49.948,6.203,308.296,68.618,89.819,0.081,0.254,0.079,0.048,0.064,0.151,0.253,NORMAL,87.5,Low,SEED
2026-06-03 14:01:40,SEED-880,2877.3,14.429,41.816,6.296,282.16,69.053,79.829,0.087,0.179,0.256,0.015,0.013,0.137,0.136,NORMAL,78.3,Low,SEED
2026-06-03 14:11:40,SEED-881,3035.908,13.955,35.579,7.746,302.567,67.109,78.5,0.111,0.187,0.201,0.154,0.116,0.059,0.264,NORMAL,90.2,Low,SEED
2026-06-03 14:21:40,SEED-882,2619.651,16.327,63.973,4.742,272.739,89.13,95.057,0.529,0.55,0.584,0.404,0.454,0.312,0.42,FAULT,80.6,High,SEED
2026-06-03 14:31:40,SEED-883,2531.747,17.423,62.132,4.198,226.157,84.238,91.082,0.411,0.364,0.546,0.456,0.283,0.314,0.642,FAULT,88.2,High,SEED
2026-06-03 14:41:40,SEED-884,3129.383,13.438,37.778,6.352,311.667,73.824,76.635,0.068,0.103,0.157,0.042,0.129,0.103,0.309,NORMAL,90.0,Low,SEED
2026-06-03 14:51:40,SEED-885,2900.588,15.903,48.234,5.85,241.568,81.713,84.47,0.408,0.169,0.24,0.131,0.171,0.119,0.504,DEGRADED,91.0,Medium,SEED
2026-06-03 15:01:40,SEED-886,2854.972,13.029,37.894,6.824,287.055,71.026,76.541,0.071,0.228,0.044,0.044,0.101,0.164,0.158,NORMAL,72.0,Low,SEED
2026-06-03 15:11:40,SEED-887,2932.878,14.914,54.863,6.358,311.915,77.475,81.481,0.155,0.229,0.091,0.018,0.022,0.178,0.144,NORMAL,77.1,Low,SEED
2026-06-03 15:21:40,SEED-888,3186.916,13.069,43.506,6.749,295.466,67.014,80.298,0.083,0.288,0.038,0.061,0.031,0.142,0.301,NORMAL,82.0,Low,SEED
2026-06-03 15:31:40,SEED-889,2904.542,16.06,48.856,6.734,284.944,77.73,84.704,0.45,0.203,0.311,0.186,0.31,0.149,0.52,DEGRADED,91.0,Medium,SEED
2026-06-03 15:41:40,SEED-890,2708.552,16.89,45.408,7.182,271.61,78.635,90.227,0.329,0.233,0.398,0.149,0.311,0.35,0.286,DEGRADED,91.0,Medium,SEED
2026-06-03 15:51:40,SEED-891,2879.13,15.705,51.217,6.087,280.242,73.533,90.767,0.29,0.328,0.286,0.215,0.259,0.316,0.448,DEGRADED,91.0,Medium,SEED
2026-06-03 16:01:40,SEED-892,3076.288,12.193,39.291,7.204,291.071,72.552,83.254,0.299,0.295,0.03,0.126,0.197,0.067,0.362,NORMAL,81.5,Low,SEED
2026-06-03 16:11:40,SEED-893,3125.127,15.977,41.833,7.561,295.346,74.493,83.991,0.228,0.294,0.189,0.067,0.166,0.129,0.258,NORMAL,94.3,Low,SEED
2026-06-03 16:21:40,SEED-894,3143.469,12.882,35.792,7.701,337.949,77.193,89.685,0.119,0.149,0.1,0.139,0.167,0.179,0.325,NORMAL,71.0,Low,SEED
2026-06-03 16:31:40,SEED-895,2674.236,16.353,55.278,5.752,211.322,89.315,104.098,0.547,0.431,0.431,0.386,0.463,0.247,0.41,FAULT,78.6,High,SEED
2026-06-03 16:41:40,SEED-896,2851.41,15.402,48.177,7.314,288.461,69.346,85.097,0.084,0.178,0.02,0.041,0.147,0.174,0.194,NORMAL,80.9,Low,SEED
2026-06-03 16:51:40,SEED-897,2841.657,15.292,45.427,6.985,344.19,67.695,85.981,0.281,0.072,0.224,0.169,0.024,0.079,0.247,NORMAL,82.5,Low,SEED
2026-06-03 17:01:40,SEED-898,3106.492,13.964,47.638,8.382,324.325,69.271,85.025,0.185,0.067,0.263,0.087,0.062,0.102,0.121,NORMAL,70.7,Low,SEED
2026-06-03 17:11:40,SEED-899,3008.816,13.519,47.779,8.608,332.421,77.983,86.321,0.292,0.07,0.12,0.093,0.04,0.074,0.153,NORMAL,71.8,Low,SEED
2026-06-03 17:21:40,SEED-900,2712.132,16.501,50.735,6.256,285.381,81.978,95.139,0.384,0.405,0.367,0.191,0.299,0.114,0.417,DEGRADED,91.0,Medium,SEED
2026-06-03 17:31:40,SEED-901,2692.666,16.634,52.916,6.326,247.948,77.467,99.611,0.378,0.182,0.378,0.242,0.22,0.297,0.541,DEGRADED,91.0,Medium,SEED
2026-06-03 17:41:40,SEED-902,3123.399,14.687,37.084,7.125,335.72,73.872,88.228,0.243,0.062,0.252,0.151,0.035,0.09,0.252,NORMAL,92.9,Low,SEED
2026-06-03 17:51:40,SEED-903,2978.717,12.394,50.994,8.184,346.448,68.382,75.19,0.169,0.275,0.186,0.193,0.191,0.059,0.339,NORMAL,86.2,Low,SEED
2026-06-03 18:01:40,SEED-904,2644.277,16.52,59.493,4.798,241.833,81.932,97.558,0.494,0.329,0.563,0.215,0.444,0.274,0.777,FAULT,79.1,High,SEED
2026-06-03 18:11:40,SEED-905,2760.458,14.007,57.22,5.052,305.85,79.395,91.948,0.426,0.357,0.28,0.219,0.253,0.116,0.332,DEGRADED,91.0,Medium,SEED
2026-06-03 18:21:40,SEED-906,3129.205,13.758,40.782,6.353,309.657,72.821,85.975,0.19,0.139,0.194,0.197,0.066,0.085,0.35,NORMAL,93.2,Low,SEED
2026-06-03 18:31:40,SEED-907,2609.751,16.422,48.605,6.442,303.374,73.302,87.456,0.313,0.444,0.42,0.12,0.306,0.215,0.297,DEGRADED,91.0,Medium,SEED
2026-06-03 18:41:40,SEED-908,2513.338,17.319,61.009,5.927,218.798,82.468,105.173,0.345,0.422,0.481,0.384,0.211,0.221,0.487,FAULT,93.3,High,SEED
2026-06-03 18:51:40,SEED-909,2803.381,12.025,50.126,6.866,309.807,72.277,89.251,0.156,0.063,0.203,0.04,0.136,0.048,0.216,NORMAL,91.8,Low,SEED
2026-06-03 19:01:40,SEED-910,2520.417,16.129,61.573,5.045,251.136,81.491,93.066,0.468,0.546,0.537,0.305,0.292,0.22,0.604,FAULT,72.4,High,SEED
2026-06-03 19:11:40,SEED-911,2536.563,17.288,57.034,4.018,278.563,78.335,97.693,0.421,0.576,0.348,0.317,0.381,0.385,0.668,FAULT,78.4,High,SEED
2026-06-03 19:21:40,SEED-912,3047.075,14.26,44.05,7.109,344.295,71.459,80.783,0.151,0.066,0.173,0.165,0.024,0.012,0.306,NORMAL,83.5,Low,SEED
2026-06-03 19:31:40,SEED-913,2659.043,16.172,57.753,4.324,211.121,87.906,96.705,0.449,0.561,0.343,0.459,0.452,0.256,0.611,FAULT,91.7,High,SEED
2026-06-03 19:41:40,SEED-914,2949.688,15.424,50.499,8.111,293.915,77.749,88.934,0.112,0.054,0.083,0.164,0.051,0.171,0.312,NORMAL,71.5,Low,SEED
2026-06-03 19:51:40,SEED-915,2744.205,15.652,55.329,5.392,301.028,83.349,96.194,0.164,0.172,0.415,0.196,0.176,0.186,0.407,DEGRADED,91.0,Medium,SEED
2026-06-03 20:01:40,SEED-916,2973.348,12.314,37.642,8.21,346.796,69.129,77.236,0.209,0.033,0.191,0.025,0.092,0.127,0.184,NORMAL,80.6,Low,SEED
2026-06-03 20:11:40,SEED-917,3177.153,13.094,38.097,7.185,341.953,71.793,86.161,0.147,0.253,0.028,0.172,0.103,0.178,0.127,NORMAL,77.9,Low,SEED
2026-06-03 20:21:40,SEED-918,3052.282,12.961,38.804,8.076,351.095,75.51,80.379,0.069,0.066,0.088,0.163,0.158,0.197,0.158,NORMAL,70.3,Low,SEED
2026-06-03 20:31:40,SEED-919,2648.162,17.62,68.71,4.879,219.511,88.38,95.656,0.58,0.583,0.326,0.406,0.273,0.405,0.584,FAULT,92.4,High,SEED
2026-06-03 20:41:40,SEED-920,2747.849,13.926,51.168,6.86,284.184,67.139,89.808,0.188,0.209,0.045,0.074,0.102,0.035,0.199,NORMAL,70.4,Low,SEED
2026-06-03 20:51:40,SEED-921,2785.047,14.448,59.646,7.176,287.226,78.436,92.934,0.393,0.38,0.28,0.346,0.108,0.133,0.506,DEGRADED,91.0,Medium,SEED
2026-06-03 21:01:40,SEED-922,2858.01,16.157,45.029,5.516,280.445,77.713,85.776,0.193,0.214,0.183,0.229,0.157,0.226,0.398,DEGRADED,91.0,Medium,SEED
2026-06-03 21:11:40,SEED-923,2999.491,12.524,54.581,7.387,288.291,66.502,86.461,0.17,0.085,0.262,0.061,0.095,0.1,0.257,NORMAL,74.3,Low,SEED
2026-06-03 21:21:40,SEED-924,2784.083,14.139,47.931,5.556,261.667,78.938,83.499,0.284,0.405,0.404,0.143,0.23,0.29,0.517,DEGRADED,91.0,Medium,SEED
2026-06-03 21:31:40,SEED-925,2643.348,17.876,55.966,4.357,271.999,80.092,104.286,0.32,0.558,0.526,0.388,0.421,0.387,0.71,FAULT,93.1,High,SEED
2026-06-03 21:41:40,SEED-926,3130.595,15.779,39.702,6.77,318.962,65.843,80.404,0.104,0.213,0.021,0.067,0.047,0.169,0.102,NORMAL,75.6,Low,SEED
2026-06-03 21:51:40,SEED-927,2931.22,14.37,38.731,6.471,348.171,71.413,77.719,0.049,0.231,0.062,0.182,0.098,0.015,0.315,NORMAL,89.5,Low,SEED
2026-06-03 22:01:40,SEED-928,2886.754,15.892,46.825,6.994,241.332,80.547,91.406,0.284,0.399,0.361,0.327,0.262,0.312,0.443,DEGRADED,91.0,Medium,SEED
2026-06-03 22:11:40,SEED-929,3032.074,13.592,53.13,6.685,287.546,68.993,81.764,0.071,0.076,0.026,0.143,0.154,0.168,0.22,NORMAL,70.4,Low,SEED
2026-06-03 22:21:40,SEED-930,3107.324,14.037,46.179,8.169,293.852,77.955,82.886,0.133,0.068,0.063,0.147,0.097,0.174,0.227,NORMAL,83.5,Low,SEED
2026-06-03 22:31:40,SEED-931,2679.838,15.282,48.718,5.193,297.372,71.58,89.538,0.282,0.37,0.352,0.133,0.136,0.318,0.409,DEGRADED,91.0,Medium,SEED
2026-06-03 22:41:40,SEED-932,2909.174,13.667,51.439,6.856,294.512,71.257,77.836,0.224,0.228,0.249,0.163,0.123,0.104,0.387,NORMAL,87.8,Low,SEED
2026-06-03 22:51:40,SEED-933,2958.708,15.157,48.881,6.537,357.497,72.905,82.09,0.099,0.148,0.109,0.01,0.178,0.174,0.181,NORMAL,86.2,Low,SEED
2026-06-03 23:01:40,SEED-934,3107.256,14.454,50.339,7.808,349.103,68.346,79.796,0.09,0.206,0.254,0.071,0.078,0.189,0.173,NORMAL,82.7,Low,SEED
2026-06-03 23:11:40,SEED-935,2740.435,12.749,44.628,8.205,283.258,73.71,80.973,0.231,0.141,0.044,0.148,0.131,0.153,0.128,NORMAL,75.5,Low,SEED
2026-06-03 23:21:40,SEED-936,2940.204,13.795,40.563,6.203,314.934,73.303,79.753,0.138,0.061,0.27,0.113,0.079,0.014,0.241,NORMAL,94.1,Low,SEED
2026-06-03 23:31:40,SEED-937,2684.091,16.038,67.358,5.787,270.799,81.65,100.639,0.326,0.48,0.584,0.236,0.404,0.349,0.553,FAULT,90.2,High,SEED
2026-06-03 23:41:40,SEED-938,3178.145,14.174,48.263,7.576,291.233,75.584,85.294,0.212,0.156,0.113,0.06,0.089,0.043,0.149,NORMAL,93.4,Low,SEED
2026-06-03 23:51:40,SEED-939,2654.436,17.312,66.339,5.178,261.712,86.899,90.117,0.33,0.346,0.439,0.406,0.448,0.203,0.406,FAULT,76.9,High,SEED
2026-06-04 00:01:40,SEED-940,3020.869,13.537,40.239,7.866,317.781,68.696,83.266,0.244,0.112,0.103,0.048,0.081,0.141,0.398,NORMAL,73.2,Low,SEED
2026-06-04 00:11:40,SEED-941,2658.83,15.297,62.123,6.179,265.019,74.598,84.565,0.201,0.292,0.323,0.182,0.234,0.194,0.547,DEGRADED,91.0,Medium,SEED
2026-06-04 00:21:40,SEED-942,2911.778,13.286,36.796,6.568,343.929,75.634,84.835,0.148,0.137,0.035,0.146,0.061,0.043,0.296,NORMAL,81.3,Low,SEED
2026-06-04 00:31:40,SEED-943,2834.475,14.46,41.651,6.015,332.249,67.917,83.209,0.094,0.26,0.011,0.143,0.162,0.127,0.377,NORMAL,88.9,Low,SEED
2026-06-04 00:41:40,SEED-944,2869.528,14.524,42.008,8.272,303.261,71.241,88.108,0.19,0.265,0.272,0.091,0.156,0.012,0.346,NORMAL,78.7,Low,SEED
2026-06-04 00:51:40,SEED-945,2564.444,16.9,58.132,4.583,209.981,80.492,109.72,0.53,0.487,0.435,0.394,0.43,0.375,0.646,FAULT,84.8,High,SEED
2026-06-04 01:01:40,SEED-946,3192.804,15.619,39.759,6.397,342.955,75.585,88.703,0.14,0.148,0.244,0.196,0.105,0.153,0.306,NORMAL,72.4,Low,SEED
2026-06-04 01:11:40,SEED-947,3018.449,13.573,39.946,8.517,291.09,68.477,82.57,0.219,0.099,0.226,0.013,0.044,0.181,0.205,NORMAL,85.9,Low,SEED
2026-06-04 01:21:40,SEED-948,3155.331,12.515,52.118,7.826,306.804,69.654,82.999,0.126,0.218,0.131,0.175,0.164,0.071,0.392,NORMAL,81.0,Low,SEED
2026-06-04 01:31:40,SEED-949,2664.581,16.822,63.991,5.391,255.285,83.058,104.14,0.429,0.432,0.496,0.386,0.496,0.293,0.558,FAULT,79.0,High,SEED
2026-06-04 01:41:40,SEED-950,2832.22,13.869,45.954,6.509,331.823,66.812,79.791,0.218,0.104,0.085,0.018,0.126,0.194,0.205,NORMAL,87.2,Low,SEED
2026-06-04 01:51:40,SEED-951,2736.323,12.531,41.616,8.693,316.023,77.595,88.174,0.11,0.285,0.031,0.101,0.03,0.075,0.277,NORMAL,81.5,Low,SEED
2026-06-04 02:01:40,SEED-952,2827.412,14.778,56.508,5.988,293.567,77.783,86.88,0.438,0.196,0.361,0.151,0.28,0.252,0.407,DEGRADED,91.0,Medium,SEED
2026-06-04 02:11:40,SEED-953,2831.271,14.893,38.277,7.984,297.798,69.63,82.942,0.267,0.031,0.22,0.137,0.135,0.063,0.324,NORMAL,76.6,Low,SEED
2026-06-04 02:21:40,SEED-954,2931.898,14.722,52.387,7.362,295.069,65.391,81.609,0.049,0.052,0.06,0.137,0.121,0.167,0.248,NORMAL,80.2,Low,SEED
2026-06-04 02:31:40,SEED-955,2849.996,14.924,40.269,8.357,291.931,78.0,81.121,0.263,0.251,0.055,0.164,0.12,0.16,0.333,NORMAL,81.4,Low,SEED
2026-06-04 02:41:40,SEED-956,2713.472,15.99,54.25,7.069,299.284,77.17,97.129,0.237,0.428,0.215,0.128,0.163,0.18,0.51,DEGRADED,91.0,Medium,SEED
2026-06-04 02:51:40,SEED-957,2718.908,12.039,50.484,6.541,290.127,69.54,76.305,0.054,0.298,0.191,0.02,0.02,0.014,0.13,NORMAL,70.6,Low,SEED
2026-06-04 03:01:40,SEED-958,2626.452,14.937,50.001,7.208,253.617,81.33,89.407,0.222,0.396,0.176,0.329,0.167,0.163,0.354,DEGRADED,91.0,Medium,SEED
2026-06-04 03:11:40,SEED-959,2582.9,17.96,67.285,5.743,243.399,79.911,102.563,0.553,0.538,0.594,0.436,0.316,0.258,0.51,FAULT,83.5,High,SEED
2026-06-04 03:21:40,SEED-960,2858.84,13.85,45.011,7.1,283.166,72.212,76.151,0.094,0.064,0.279,0.074,0.122,0.121,0.245,NORMAL,93.8,Low,SEED
2026-06-04 03:31:40,SEED-961,2832.332,16.963,53.712,5.743,288.916,79.707,99.915,0.331,0.282,0.158,0.139,0.125,0.107,0.264,DEGRADED,91.0,Medium,SEED
2026-06-04 03:41:40,SEED-962,2928.087,16.689,55.033,5.594,315.981,75.216,92.948,0.362,0.198,0.361,0.116,0.299,0.333,0.452,DEGRADED,91.0,Medium,SEED
2026-06-04 03:51:40,SEED-963,3137.116,14.618,37.943,7.687,287.615,77.2,79.177,0.02,0.018,0.027,0.161,0.1,0.023,0.366,NORMAL,86.4,Low,SEED
2026-06-04 04:01:40,SEED-964,3012.84,13.282,42.413,7.342,318.195,77.551,77.214,0.064,0.267,0.085,0.144,0.153,0.184,0.332,NORMAL,81.2,Low,SEED
2026-06-04 04:11:40,SEED-965,2877.544,13.973,43.049,8.409,348.689,70.389,86.712,0.08,0.207,0.082,0.028,0.13,0.14,0.114,NORMAL,82.8,Low,SEED
2026-06-04 04:21:40,SEED-966,2862.034,15.515,48.626,5.355,246.597,82.259,88.613,0.341,0.415,0.179,0.308,0.18,0.32,0.342,DEGRADED,91.0,Medium,SEED
2026-06-04 04:31:40,SEED-967,3048.671,12.752,43.167,8.322,358.284,67.867,86.148,0.198,0.1,0.034,0.085,0.148,0.189,0.211,NORMAL,86.3,Low,SEED
2026-06-04 04:41:40,SEED-968,2724.628,14.459,45.763,7.189,263.987,78.314,97.248,0.407,0.426,0.376,0.181,0.318,0.217,0.311,DEGRADED,91.0,Medium,SEED
2026-06-04 04:51:40,SEED-969,2904.56,13.511,35.013,7.196,346.362,65.441,82.924,0.212,0.039,0.19,0.06,0.089,0.083,0.299,NORMAL,76.7,Low,SEED
2026-06-04 05:01:40,SEED-970,2877.235,14.99,58.356,5.607,252.06,72.734,91.781,0.359,0.294,0.253,0.238,0.246,0.332,0.391,DEGRADED,91.0,Medium,SEED
2026-06-04 05:11:40,SEED-971,2986.752,15.316,45.386,6.232,282.531,68.618,80.878,0.011,0.174,0.293,0.122,0.077,0.173,0.214,NORMAL,88.4,Low,SEED
2026-06-04 05:21:40,SEED-972,2945.945,16.84,50.222,7.276,263.174,81.358,95.508,0.218,0.175,0.281,0.289,0.146,0.277,0.492,DEGRADED,91.0,Medium,SEED
2026-06-04 05:31:40,SEED-973,2902.717,16.211,59.886,6.96,242.553,81.094,86.871,0.331,0.243,0.286,0.105,0.241,0.273,0.458,DEGRADED,91.0,Medium,SEED
2026-06-04 05:41:40,SEED-974,3077.477,15.282,51.313,6.425,306.369,74.102,83.004,0.102,0.153,0.251,0.142,0.103,0.076,0.266,NORMAL,79.2,Low,SEED
2026-06-04 05:51:40,SEED-975,3127.397,15.816,52.869,7.063,304.757,76.224,80.996,0.274,0.25,0.279,0.061,0.166,0.179,0.183,NORMAL,87.5,Low,SEED
2026-06-04 06:01:40,SEED-976,2996.039,15.137,38.671,8.453,331.064,69.451,87.582,0.201,0.162,0.135,0.15,0.093,0.057,0.199,NORMAL,92.5,Low,SEED
2026-06-04 06:11:40,SEED-977,2842.972,14.506,38.768,8.765,283.704,75.897,75.9,0.014,0.132,0.159,0.049,0.051,0.142,0.275,NORMAL,88.2,Low,SEED
2026-06-04 06:21:40,SEED-978,2907.407,14.687,37.634,6.382,303.874,72.798,89.967,0.076,0.231,0.282,0.136,0.065,0.101,0.103,NORMAL,88.4,Low,SEED
2026-06-04 06:31:40,SEED-979,2943.305,15.975,50.696,6.349,357.105,77.22,88.602,0.104,0.232,0.196,0.129,0.129,0.064,0.2,NORMAL,72.2,Low,SEED
2026-06-04 06:41:40,SEED-980,2784.216,12.118,49.245,7.407,298.778,74.104,81.852,0.15,0.042,0.052,0.064,0.035,0.188,0.395,NORMAL,73.8,Low,SEED
2026-06-04 06:51:40,SEED-981,3176.453,12.749,42.673,8.484,309.667,70.684,88.227,0.231,0.105,0.286,0.157,0.067,0.019,0.245,NORMAL,76.2,Low,SEED
2026-06-04 07:01:40,SEED-982,2875.096,15.854,59.636,6.943,242.506,82.302,94.658,0.201,0.381,0.314,0.169,0.153,0.342,0.325,DEGRADED,91.0,Medium,SEED
2026-06-04 07:11:40,SEED-983,2591.963,16.118,63.334,4.977,204.25,85.459,95.289,0.328,0.509,0.307,0.458,0.469,0.399,0.452,FAULT,72.3,High,SEED
2026-06-04 07:21:40,SEED-984,2973.663,14.756,36.36,8.14,306.364,72.99,78.28,0.251,0.127,0.148,0.172,0.143,0.019,0.236,NORMAL,89.4,Low,SEED
2026-06-04 07:31:40,SEED-985,3178.268,13.855,43.658,6.031,337.98,77.393,76.138,0.037,0.089,0.178,0.093,0.1,0.142,0.262,NORMAL,82.4,Low,SEED
2026-06-04 07:41:40,SEED-986,2809.856,14.108,52.175,6.436,353.981,77.51,79.708,0.185,0.037,0.158,0.136,0.069,0.192,0.315,NORMAL,76.7,Low,SEED
2026-06-04 07:51:40,SEED-987,3040.352,12.311,42.367,8.629,308.287,67.179,87.317,0.29,0.216,0.129,0.041,0.043,0.078,0.356,NORMAL,91.6,Low,SEED
2026-06-04 08:01:40,SEED-988,2768.555,14.115,52.254,6.101,293.338,82.525,96.302,0.412,0.398,0.258,0.319,0.174,0.334,0.286,DEGRADED,91.0,Medium,SEED
2026-06-04 08:11:40,SEED-989,2593.873,17.696,61.758,5.825,258.499,83.257,94.971,0.342,0.348,0.578,0.31,0.217,0.259,0.531,FAULT,89.7,High,SEED
2026-06-04 08:21:40,SEED-990,2754.355,14.891,58.496,5.123,245.103,80.747,86.533,0.304,0.364,0.328,0.185,0.308,0.195,0.466,DEGRADED,91.0,Medium,SEED
2026-06-04 08:31:40,SEED-991,3137.782,13.63,43.454,8.89,354.633,72.673,80.154,0.186,0.087,0.258,0.195,0.192,0.016,0.123,NORMAL,84.2,Low,SEED
2026-06-04 08:41:40,SEED-992,2626.06,17.354,66.171,4.094,214.119,83.708,98.979,0.315,0.437,0.499,0.201,0.471,0.257,0.415,FAULT,94.2,High,SEED
2026-06-04 08:51:40,SEED-993,3113.993,13.812,50.678,8.029,319.323,65.757,84.821,0.066,0.24,0.03,0.058,0.101,0.194,0.349,NORMAL,70.0,Low,SEED
2026-06-04 09:01:40,SEED-994,2959.473,14.447,52.538,6.051,339.521,76.214,81.897,0.222,0.101,0.035,0.139,0.183,0.126,0.315,NORMAL,85.4,Low,SEED
2026-06-04 09:11:40,SEED-995,2967.808,13.836,44.971,7.151,327.232,67.197,85.77,0.251,0.04,0.182,0.162,0.026,0.053,0.168,NORMAL,81.8,Low,SEED
2026-06-04 09:21:40,SEED-996,2768.654,15.844,42.175,8.535,333.15,69.401,84.302,0.183,0.266,0.269,0.082,0.129,0.181,0.174,NORMAL,85.0,Low,SEED
2026-06-04 09:31:40,SEED-997,2628.685,16.51,55.166,7.25,250.777,82.299,88.012,0.223,0.388,0.316,0.163,0.128,0.328,0.536,DEGRADED,91.0,Medium,SEED
2026-06-04 09:41:40,SEED-998,2611.388,17.039,64.943,4.701,227.365,86.634,94.401,0.474,0.359,0.455,0.353,0.205,0.29,0.404,FAULT,73.4,High,SEED
2026-06-04 09:51:40,SEED-999,2817.877,12.838,50.646,6.322,344.725,77.645,81.964,0.251,0.238,0.124,0.197,0.061,0.192,0.251,NORMAL,89.4,Low,SEED
2026-06-04 11:27:32,AUTO-CMP,2859.5,10.21,48.19,8.99,317.2,63.1,68.2,0.054,0.065,0.108,0.044,0.024,0.076,0.186,NORMAL,91.0,Low,AUTO
2026-06-04 11:29:32,AUTO-CMP,2995.2,10.14,43.38,7.42,303.5,60.9,82.1,0.179,0.166,0.033,0.014,0.099,0.099,0.223,NORMAL,91.0,Low,AUTO
2026-06-04 11:31:32,AUTO-CMP,2871.6,13.67,46.25,7.35,304.1,63.6,70.6,0.057,0.141,0.04,0.046,0.028,0.075,0.17,NORMAL,91.0,Low,AUTO
2026-06-04 11:33:33,AUTO-CMP,3167.7,10.69,37.88,9.15,368.6,71.1,83.1,0.093,0.107,0.148,0.065,0.022,0.024,0.218,NORMAL,91.0,Low,AUTO
2026-06-04 11:35:33,AUTO-CMP,2982.8,10.98,29.77,7.3,292.2,67.8,74.1,0.166,0.119,0.034,0.118,0.108,0.027,0.204,NORMAL,91.0,Low,AUTO
2026-06-04 11:37:33,AUTO-CMP,2987.0,11.54,33.45,8.31,345.2,60.0,85.1,0.033,0.143,0.051,0.046,0.022,0.029,0.055,NORMAL,91.0,Low,AUTO
2026-06-04 11:39:34,AUTO-CMP,3139.8,11.68,40.94,9.29,296.1,70.6,86.8,0.152,0.07,0.006,0.027,0.043,0.023,0.232,NORMAL,91.0,Low,AUTO
2026-06-04 11:41:34,AUTO-CMP,2985.9,10.26,29.54,7.62,356.2,65.8,78.7,0.124,0.13,0.145,0.118,0.071,0.095,0.07,NORMAL,91.0,Low,AUTO
2026-06-04 11:43:35,AUTO-CMP,3270.5,13.62,46.2,8.51,362.3,71.2,85.1,0.042,0.015,0.175,0.056,0.02,0.075,0.165,NORMAL,91.0,Low,AUTO
2026-06-04 11:45:35,AUTO-CMP,3044.0,12.35,35.92,8.19,370.8,64.4,75.6,0.138,0.069,0.12,0.05,0.103,0.021,0.099,NORMAL,91.0,Low,AUTO
2026-06-04 11:47:36,AUTO-CMP,3100.9,12.58,31.26,9.5,347.3,64.1,79.4,0.135,0.172,0.054,0.113,0.024,0.007,0.099,NORMAL,91.0,Low,AUTO
2026-06-04 11:49:36,AUTO-CMP,2977.1,11.34,46.98,7.09,304.1,65.5,80.8,0.107,0.125,0.006,0.069,0.034,0.106,0.2,NORMAL,91.0,Low,AUTO
2026-06-04 12:53:48,AUTO-CMP,3027.5,11.47,38.42,7.02,306.9,61.1,84.5,0.14,0.013,0.124,0.028,0.033,0.081,0.065,NORMAL,91.0,Low,AUTO
2026-06-04 12:55:49,AUTO-CMP,3215.4,13.97,47.23,7.06,379.6,73.1,84.4,0.075,0.114,0.044,0.073,0.056,0.077,0.134,NORMAL,91.0,Low,AUTO
2026-06-04 12:57:54,AUTO-CMP,2809.5,12.64,42.87,6.85,336.0,68.9,73.1,0.036,0.141,0.159,0.089,0.113,0.078,0.16,NORMAL,91.0,Low,AUTO
2026-06-04 22:29:40,AUTO-CMP,2976.2,10.18,33.88,9.0,297.9,66.2,69.2,0.064,0.082,0.143,0.046,0.009,0.069,0.205,NORMAL,91.0,Low,AUTO
2026-06-04 22:31:41,AUTO-CMP,2912.8,13.46,45.61,9.13,309.4,63.3,75.4,0.135,0.07,0.088,0.052,0.031,0.015,0.147,NORMAL,91.0,Low,AUTO
2026-06-04 22:33:42,AUTO-CMP,2800.2,11.86,30.71,9.19,378.4,63.2,74.0,0.15,0.039,0.159,0.049,0.034,0.019,0.053,NORMAL,91.0,Low,AUTO
2026-06-04 22:35:42,AUTO-CMP,2453.6,16.98,60.7,4.84,206.3,90.6,102.2,0.448,0.38,0.5,0.45,0.538,0.355,0.678,NORMAL,91.0,Low,AUTO
2026-06-04 22:37:42,AUTO-CMP,2931.6,12.65,39.75,7.19,302.8,69.2,79.8,0.118,0.055,0.148,0.009,0.118,0.007,0.116,NORMAL,91.0,Low,AUTO
2026-06-04 22:39:43,AUTO-CMP,2490.3,18.64,58.88,4.04,236.0,91.4,109.6,0.589,0.398,0.543,0.361,0.499,0.288,0.75,NORMAL,91.0,Low,AUTO
2026-06-04 22:41:43,AUTO-CMP,3239.1,10.29,33.35,7.87,307.3,62.4,80.5,0.029,0.051,0.02,0.027,0.109,0.08,0.136,NORMAL,91.0,Low,AUTO
2026-06-04 22:43:44,AUTO-CMP,2835.3,11.91,39.15,8.3,311.8,60.7,83.4,0.152,0.024,0.154,0.027,0.058,0.102,0.099,NORMAL,91.0,Low,AUTO
2026-06-04 22:45:44,AUTO-CMP,2876.8,13.49,29.92,8.26,378.2,66.1,78.4,0.023,0.111,0.176,0.071,0.034,0.03,0.213,NORMAL,91.0,Low,AUTO
2026-06-04 22:47:45,AUTO-CMP,3208.9,14.17,42.53,9.34,349.8,63.2,80.7,0.051,0.157,0.027,0.098,0.05,0.119,0.21,NORMAL,91.0,Low,AUTO
2026-06-04 22:49:45,AUTO-CMP,2855.3,13.58,43.7,9.44,294.0,68.8,69.3,0.019,0.013,0.123,0.061,0.04,0.11,0.222,NORMAL,91.0,Low,AUTO
2026-06-04 22:51:45,AUTO-CMP,3083.0,11.28,32.6,6.9,342.6,69.2,80.8,0.008,0.075,0.03,0.055,0.011,0.077,0.065,NORMAL,91.0,Low,AUTO
2026-06-04 22:53:46,AUTO-CMP,2917.5,11.27,43.06,9.03,319.3,63.3,70.5,0.104,0.035,0.072,0.079,0.032,0.051,0.101,NORMAL,91.0,Low,AUTO
2026-06-04 22:55:47,AUTO-CMP,2864.5,13.77,38.08,9.21,310.2,67.0,68.7,0.137,0.092,0.161,0.101,0.028,0.031,0.249,NORMAL,91.0,Low,AUTO
2026-06-04 22:57:47,AUTO-CMP,3112.8,10.86,46.42,8.32,331.1,71.2,72.6,0.115,0.047,0.097,0.014,0.09,0.078,0.107,NORMAL,91.0,Low,AUTO
2026-06-04 22:59:47,AUTO-CMP,3217.1,10.06,44.15,9.11,296.4,72.0,83.2,0.174,0.114,0.022,0.104,0.065,0.117,0.16,NORMAL,91.0,Low,AUTO
2026-06-04 23:01:48,AUTO-CMP,2976.4,13.26,42.66,7.42,301.8,61.5,81.0,0.096,0.147,0.076,0.036,0.02,0.038,0.151,NORMAL,91.0,Low,AUTO
2026-06-04 23:03:49,AUTO-CMP,2981.0,13.77,42.48,8.11,293.7,64.5,73.3,0.126,0.129,0.114,0.064,0.096,0.012,0.229,NORMAL,91.0,Low,AUTO
2026-06-04 23:05:49,AUTO-CMP,2894.0,13.27,30.17,9.02,309.1,60.6,82.4,0.123,0.051,0.162,0.011,0.1,0.013,0.117,NORMAL,91.0,Low,AUTO
2026-06-04 23:07:50,AUTO-CMP,3081.4,10.77,47.85,8.12,357.4,60.3,74.4,0.049,0.1,0.174,0.017,0.021,0.103,0.238,NORMAL,91.0,Low,AUTO
2026-06-04 23:09:50,AUTO-CMP,2431.3,17.73,71.72,5.37,220.1,80.8,112.1,0.539,0.457,0.603,0.345,0.518,0.283,0.824,NORMAL,91.0,Low,AUTO
2026-06-04 23:11:51,AUTO-CMP,3228.1,12.6,33.35,8.12,363.7,69.3,86.8,0.112,0.155,0.123,0.022,0.081,0.044,0.212,NORMAL,91.0,Low,AUTO
2026-06-04 23:13:52,AUTO-CMP,2805.4,14.18,49.71,9.1,336.2,63.5,76.1,0.063,0.072,0.038,0.112,0.012,0.057,0.094,NORMAL,91.0,Low,AUTO
2026-06-04 23:15:52,AUTO-CMP,3069.6,13.86,33.98,7.27,338.7,71.8,74.9,0.107,0.137,0.139,0.108,0.118,0.071,0.279,NORMAL,91.0,Low,AUTO
2026-06-04 23:17:53,AUTO-CMP,2882.3,13.56,32.17,9.31,354.2,62.0,70.4,0.146,0.042,0.006,0.071,0.039,0.014,0.182,NORMAL,91.0,Low,AUTO
2026-06-04 23:19:53,AUTO-CMP,3192.9,13.87,45.41,6.93,342.0,62.5,81.9,0.126,0.058,0.133,0.095,0.078,0.081,0.183,NORMAL,91.0,Low,AUTO
2026-06-04 23:21:53,AUTO-CMP,2918.0,13.28,40.62,8.29,332.5,63.2,82.9,0.073,0.031,0.084,0.026,0.019,0.013,0.22,NORMAL,91.0,Low,AUTO
2026-06-04 23:23:54,AUTO-CMP,2825.2,11.63,44.34,6.94,299.8,67.5,76.3,0.175,0.137,0.062,0.034,0.019,0.008,0.131,NORMAL,91.0,Low,AUTO
2026-06-04 23:25:55,AUTO-CMP,3038.8,12.74,48.57,8.89,307.6,63.1,81.6,0.012,0.148,0.144,0.02,0.116,0.061,0.205,NORMAL,91.0,Low,AUTO
2026-06-04 23:27:56,AUTO-CMP,2849.7,11.4,30.33,8.45,293.8,62.6,84.8,0.132,0.006,0.067,0.028,0.073,0.075,0.163,NORMAL,91.0,Low,AUTO
2026-06-04 23:29:57,AUTO-CMP,2978.9,11.78,30.48,6.98,334.9,62.8,72.8,0.012,0.137,0.1,0.054,0.085,0.039,0.247,NORMAL,91.0,Low,AUTO
2026-06-04 23:31:57,AUTO-CMP,3149.5,10.28,28.18,9.13,306.7,63.1,78.4,0.038,0.067,0.151,0.013,0.013,0.067,0.223,NORMAL,91.0,Low,AUTO
2026-06-04 23:33:58,AUTO-CMP,2482.4,18.12,60.91,5.36,187.2,91.6,92.4,0.499,0.535,0.4,0.427,0.267,0.287,0.606,NORMAL,91.0,Low,AUTO
2026-06-04 23:35:58,AUTO-CMP,2870.3,10.08,34.55,9.13,376.7,61.1,71.9,0.165,0.155,0.12,0.099,0.054,0.064,0.247,NORMAL,91.0,Low,AUTO
2026-06-04 23:37:59,AUTO-CMP,2484.9,18.47,70.43,4.36,196.6,91.4,106.6,0.621,0.567,0.487,0.439,0.468,0.286,0.767,NORMAL,91.0,Low,AUTO
2026-06-04 23:39:59,AUTO-CMP,3105.8,10.96,47.99,6.66,294.5,61.9,84.3,0.096,0.097,0.053,0.095,0.037,0.012,0.158,NORMAL,91.0,Low,AUTO
2026-06-04 23:42:00,AUTO-CMP,2881.6,13.83,45.15,6.62,310.3,60.6,69.8,0.008,0.026,0.01,0.104,0.081,0.107,0.19,NORMAL,91.0,Low,AUTO
2026-06-05 10:51:37,AUTO-CMP,3168.9,10.97,44.06,7.2,297.7,73.5,70.1,0.18,0.026,0.041,0.094,0.106,0.06,0.141,NORMAL,91.0,Low,AUTO
2026-06-05 10:53:37,AUTO-CMP,2934.7,13.72,28.08,9.1,346.5,65.5,69.8,0.012,0.159,0.032,0.054,0.036,0.05,0.107,NORMAL,91.0,Low,AUTO
2026-06-05 10:55:38,AUTO-CMP,3093.4,11.14,46.58,7.01,358.5,69.2,78.7,0.105,0.132,0.149,0.029,0.009,0.01,0.132,NORMAL,91.0,Low,AUTO
2026-06-05 10:57:41,AUTO-CMP,2572.6,17.26,59.56,5.19,195.2,91.3,101.0,0.489,0.399,0.45,0.372,0.389,0.305,0.724,NORMAL,91.0,Low,AUTO
2026-06-05 10:59:42,AUTO-CMP,2835.7,14.45,28.98,9.49,364.5,68.2,81.4,0.109,0.03,0.019,0.068,0.096,0.006,0.263,NORMAL,91.0,Low,AUTO
2026-06-05 11:01:43,AUTO-CMP,2614.0,18.37,64.69,4.11,186.6,84.9,103.7,0.457,0.459,0.557,0.277,0.28,0.338,0.563,NORMAL,91.0,Low,AUTO
2026-06-05 11:03:43,AUTO-CMP,2498.0,17.02,70.23,4.89,245.1,91.8,102.4,0.629,0.511,0.487,0.371,0.392,0.273,0.842,NORMAL,91.0,Low,AUTO
2026-06-05 11:05:44,AUTO-CMP,2829.4,12.94,31.43,9.42,313.6,72.4,72.4,0.174,0.101,0.054,0.018,0.074,0.103,0.153,NORMAL,91.0,Low,AUTO
2026-06-05 11:07:44,AUTO-CMP,2841.3,11.28,36.22,9.33,361.9,62.2,72.4,0.109,0.093,0.17,0.051,0.105,0.073,0.093,NORMAL,91.0,Low,AUTO
2026-06-05 11:09:45,AUTO-CMP,2492.8,16.83,63.35,3.98,192.0,90.3,93.6,0.624,0.562,0.59,0.25,0.358,0.376,0.477,NORMAL,91.0,Low,AUTO
2026-06-05 11:11:46,AUTO-CMP,3126.1,12.34,45.25,9.11,304.9,61.6,81.3,0.028,0.059,0.079,0.074,0.057,0.07,0.226,NORMAL,91.0,Low,AUTO
2026-06-05 11:13:47,AUTO-CMP,2883.2,13.1,43.97,7.36,314.5,61.2,84.5,0.156,0.106,0.162,0.011,0.009,0.071,0.072,NORMAL,91.0,Low,AUTO
2026-06-05 11:15:47,AUTO-CMP,2958.6,13.38,38.73,7.57,342.6,73.5,86.5,0.099,0.034,0.143,0.107,0.018,0.115,0.228,NORMAL,91.0,Low,AUTO
2026-06-05 11:17:48,AUTO-CMP,2628.9,17.92,58.87,4.31,206.0,89.1,95.1,0.402,0.58,0.449,0.264,0.36,0.529,0.633,NORMAL,91.0,Low,AUTO
2026-06-05 11:19:49,AUTO-CMP,3060.6,12.45,41.15,9.34,356.3,68.4,78.7,0.123,0.044,0.077,0.117,0.039,0.109,0.143,NORMAL,91.0,Low,AUTO
2026-06-05 11:21:49,AUTO-CMP,3062.6,13.45,48.44,9.2,306.0,63.6,81.0,0.135,0.143,0.086,0.086,0.053,0.02,0.091,NORMAL,91.0,Low,AUTO
2026-06-05 12:19:12,AUTO-CMP,2441.8,17.67,60.02,4.27,206.8,83.5,106.4,0.61,0.622,0.485,0.259,0.392,0.29,0.718,NORMAL,91.0,Low,AUTO
2026-06-05 12:59:17,AUTO-CMP,2496.8,18.0,64.52,4.07,235.7,84.0,108.0,0.479,0.406,0.462,0.439,0.481,0.55,0.653,NORMAL,91.0,Low,AUTO
2026-06-05 13:01:17,AUTO-CMP,2407.5,17.49,63.61,3.88,247.0,86.7,94.3,0.413,0.575,0.386,0.502,0.467,0.485,0.687,NORMAL,91.0,Low,AUTO
2026-06-05 13:03:18,AUTO-CMP,2994.5,13.47,39.1,7.49,374.2,69.9,79.4,0.023,0.051,0.168,0.119,0.068,0.053,0.263,NORMAL,91.0,Low,AUTO
2026-06-05 13:05:18,AUTO-CMP,2956.4,11.76,35.67,8.48,353.6,66.2,74.3,0.172,0.123,0.116,0.03,0.021,0.113,0.19,NORMAL,91.0,Low,AUTO
2026-06-05 13:07:18,AUTO-CMP,2980.8,12.96,31.47,7.72,340.4,64.4,81.7,0.081,0.05,0.056,0.019,0.071,0.035,0.133,NORMAL,91.0,Low,AUTO
2026-06-05 13:09:19,AUTO-CMP,3297.3,12.54,34.66,6.96,371.9,62.5,85.8,0.071,0.173,0.078,0.06,0.016,0.076,0.087,NORMAL,91.0,Low,AUTO
2026-06-05 13:11:19,AUTO-CMP,3081.4,12.97,33.01,6.72,336.4,71.2,86.5,0.08,0.019,0.163,0.041,0.106,0.062,0.175,NORMAL,91.0,Low,AUTO
2026-06-05 13:13:19,AUTO-CMP,3082.0,12.65,44.21,7.8,331.8,60.6,77.4,0.059,0.158,0.018,0.023,0.054,0.114,0.176,NORMAL,91.0,Low,AUTO
2026-06-05 13:15:20,AUTO-CMP,2838.5,10.38,38.45,8.37,330.7,73.9,82.6,0.074,0.17,0.07,0.073,0.085,0.099,0.27,NORMAL,91.0,Low,AUTO
2026-06-05 13:17:20,AUTO-CMP,2980.9,13.66,39.95,8.06,311.9,71.2,76.5,0.175,0.059,0.057,0.022,0.108,0.055,0.104,NORMAL,91.0,Low,AUTO
2026-06-05 13:19:21,AUTO-CMP,2968.4,11.23,48.24,7.82,302.0,69.6,75.7,0.058,0.061,0.071,0.051,0.02,0.077,0.26,NORMAL,91.0,Low,AUTO
2026-06-05 13:21:21,AUTO-CMP,3149.2,11.63,34.78,8.77,327.2,71.0,86.6,0.041,0.098,0.036,0.017,0.017,0.049,0.214,NORMAL,91.0,Low,AUTO
2026-06-05 13:23:22,AUTO-CMP,2872.2,11.35,47.52,7.47,372.2,67.3,83.3,0.165,0.009,0.076,0.057,0.037,0.061,0.273,NORMAL,91.0,Low,AUTO
2026-06-05 14:55:34,AUTO-CMP,3222.8,12.23,41.49,7.84,339.0,61.6,78.0,0.019,0.084,0.087,0.114,0.111,0.04,0.169,NORMAL,91.0,Low,AUTO
2026-06-05 15:26:00,AUTO-CMP,3026.2,10.32,34.19,9.16,319.0,63.7,80.0,0.168,0.042,0.178,0.05,0.028,0.092,0.276,NORMAL,91.0,Low,AUTO
2026-06-05 15:34:25,AUTO-CMP,3030.2,12.34,33.82,8.48,295.1,62.0,83.1,0.137,0.145,0.029,0.063,0.109,0.106,0.234,NORMAL,91.0,Low,AUTO
2026-06-05 15:36:27,AUTO-CMP,2540.4,17.61,64.57,5.03,200.2,80.2,99.5,0.621,0.588,0.393,0.361,0.336,0.285,0.792,NORMAL,91.0,Low,AUTO
2026-06-05 15:38:27,AUTO-CMP,2577.3,17.94,61.62,5.24,185.9,89.7,95.8,0.466,0.556,0.62,0.34,0.465,0.292,0.601,NORMAL,91.0,Low,AUTO
2026-06-05 15:40:28,AUTO-CMP,3049.1,13.93,42.71,7.29,309.9,71.3,72.2,0.171,0.161,0.175,0.018,0.09,0.101,0.189,NORMAL,91.0,Low,AUTO
2026-06-05 15:42:29,AUTO-CMP,3278.3,14.29,49.25,7.5,329.5,65.4,77.5,0.007,0.008,0.036,0.097,0.027,0.007,0.057,NORMAL,91.0,Low,AUTO
2026-06-05 15:44:29,AUTO-CMP,3228.3,10.08,48.67,6.62,323.7,70.4,73.3,0.13,0.116,0.145,0.09,0.048,0.056,0.232,NORMAL,91.0,Low,AUTO
2026-06-05 15:46:30,AUTO-CMP,3125.5,13.36,49.94,7.27,320.2,68.3,79.4,0.106,0.008,0.038,0.066,0.011,0.04,0.053,NORMAL,91.0,Low,AUTO
2026-06-05 15:48:30,AUTO-CMP,2581.1,18.87,66.5,3.7,257.8,80.1,103.9,0.636,0.448,0.472,0.524,0.509,0.279,0.512,NORMAL,91.0,Low,AUTO
2026-06-05 15:52:21,AUTO-CMP,2971.2,11.65,33.59,7.0,291.5,65.0,69.8,0.173,0.161,0.042,0.062,0.082,0.027,0.264,NORMAL,91.0,Low,AUTO
2026-06-05 16:03:00,AUTO-CMP,3209.4,13.75,50.0,7.06,370.9,67.6,83.5,0.03,0.015,0.129,0.09,0.119,0.024,0.269,NORMAL,91.0,Low,AUTO
2026-06-05 16:05:00,AUTO-CMP,3041.9,13.7,45.11,8.43,357.7,70.4,81.4,0.111,0.035,0.087,0.028,0.105,0.111,0.277,NORMAL,91.0,Low,AUTO
2026-06-05 16:07:01,AUTO-CMP,3079.4,14.26,34.53,6.63,378.3,63.0,69.7,0.126,0.066,0.051,0.061,0.092,0.037,0.228,NORMAL,91.0,Low,AUTO
2026-06-05 16:09:02,AUTO-CMP,2624.1,16.77,64.64,3.73,210.0,86.7,114.1,0.472,0.543,0.564,0.514,0.281,0.395,0.639,NORMAL,91.0,Low,AUTO
2026-06-05 16:11:03,AUTO-CMP,2910.4,11.26,48.83,7.27,375.8,72.8,78.0,0.129,0.02,0.072,0.084,0.045,0.029,0.102,NORMAL,91.0,Low,AUTO
2026-06-05 16:13:03,AUTO-CMP,2519.3,18.08,59.91,3.88,186.6,84.7,105.2,0.422,0.593,0.595,0.475,0.487,0.337,0.813,NORMAL,91.0,Low,AUTO
2026-06-05 16:15:04,AUTO-CMP,3152.2,13.49,31.87,7.63,353.1,65.9,70.3,0.156,0.017,0.025,0.051,0.019,0.034,0.118,NORMAL,91.0,Low,AUTO
2026-06-05 20:43:21,AUTO-CMP,3067.9,11.96,38.66,6.99,356.8,68.7,78.3,0.155,0.109,0.118,0.062,0.069,0.06,0.182,NORMAL,91.0,Low,AUTO
2026-06-05 21:13:34,AUTO-CMP,2940.0,11.54,36.55,7.44,323.4,66.2,71.6,0.16,0.006,0.179,0.027,0.058,0.09,0.056,NORMAL,91.0,Low,AUTO
2026-06-05 21:15:35,AUTO-CMP,2846.3,13.57,28.5,7.4,355.4,60.0,79.0,0.041,0.171,0.072,0.094,0.024,0.081,0.221,NORMAL,91.0,Low,AUTO
2026-06-05 21:17:35,AUTO-CMP,2847.9,12.05,36.35,9.32,378.5,67.2,74.2,0.142,0.173,0.155,0.096,0.013,0.074,0.184,NORMAL,91.0,Low,AUTO
