timestamp,machine_id,sensor_00,sensor_02,sensor_03,sensor_04,sensor_05,sensor_06,sensor_07,sensor_08,sensor_09,sensor_10,sensor_11,sensor_12,prediction,confidence,risk_level,source
2026-05-28 11:21:40,SEED-0,2.41,55.676,0.584,1.081,0.707,3.516,0.752,2.905,0.487,1.031,0.51,5.09,RECOVERING,68.7,Medium,SEED
2026-05-28 11:31:40,SEED-1,1.521,54.242,0.75,1.436,0.917,4.268,0.869,2.101,0.837,1.616,0.734,4.227,NORMAL,93.1,Low,SEED
2026-05-28 11:41:40,SEED-2,1.909,38.618,0.757,1.125,0.809,2.079,1.08,1.585,0.586,1.723,0.937,3.712,NORMAL,82.0,Low,SEED
2026-05-28 11:51:40,SEED-3,1.693,41.074,0.771,1.465,0.706,2.41,1.288,2.318,0.53,1.492,0.8,2.877,NORMAL,74.3,Low,SEED
2026-05-28 12:01:40,SEED-4,3.359,56.627,0.535,0.883,0.38,5.022,0.585,2.855,0.365,1.096,0.567,6.35,BROKEN,80.0,High,SEED
2026-05-28 12:11:40,SEED-5,2.926,68.092,0.54,0.948,0.314,5.404,0.676,3.927,0.389,0.829,0.474,4.763,BROKEN,86.0,High,SEED
2026-05-28 12:21:40,SEED-6,1.807,37.226,0.738,1.094,0.923,2.111,1.257,2.777,0.562,1.351,0.665,4.098,NORMAL,91.4,Low,SEED
2026-05-28 12:31:40,SEED-7,2.694,48.227,0.756,1.295,0.904,3.991,1.23,2.397,0.596,1.651,0.759,3.699,NORMAL,92.2,Low,SEED
2026-05-28 12:41:40,SEED-8,2.358,51.839,0.791,1.248,0.907,3.64,1.151,2.425,0.501,1.654,0.806,3.134,NORMAL,72.3,Low,SEED
2026-05-28 12:51:40,SEED-9,2.99,42.558,0.602,1.079,0.54,4.038,0.805,3.259,0.664,1.101,0.685,4.079,RECOVERING,67.7,Medium,SEED
2026-05-28 13:01:40,SEED-10,3.051,56.9,0.608,1.046,0.733,4.496,0.743,3.094,0.677,1.417,0.606,3.858,RECOVERING,69.0,Medium,SEED
2026-05-28 13:11:40,SEED-11,2.745,37.159,1.053,1.376,0.608,2.669,1.274,2.453,0.821,1.325,0.719,2.904,NORMAL,93.5,Low,SEED
2026-05-28 13:21:40,SEED-12,1.952,46.932,0.708,1.386,0.866,4.405,1.024,2.024,0.848,1.52,0.997,3.274,NORMAL,73.8,Low,SEED
2026-05-28 13:31:40,SEED-13,2.015,54.58,0.923,1.162,0.732,3.621,1.116,1.642,0.61,1.621,0.827,2.903,NORMAL,76.7,Low,SEED
2026-05-28 13:41:40,SEED-14,2.376,32.719,0.727,1.178,0.672,3.364,1.235,1.764,0.838,1.736,0.904,3.371,NORMAL,87.6,Low,SEED
2026-05-28 13:51:40,SEED-15,1.812,38.01,1.056,1.43,0.889,4.461,0.9,2.625,0.668,1.351,0.785,3.689,NORMAL,87.7,Low,SEED
2026-05-28 14:01:40,SEED-16,1.629,48.856,1.148,1.265,0.944,3.677,1.095,2.746,0.541,1.612,0.964,3.745,NORMAL,81.8,Low,SEED
2026-05-28 14:11:40,SEED-17,2.437,64.789,0.796,1.243,0.512,3.496,0.859,2.356,0.448,1.074,0.691,4.263,RECOVERING,68.7,Medium,SEED
2026-05-28 14:21:40,SEED-18,1.882,53.193,0.974,1.303,0.808,3.698,1.267,2.723,0.814,1.523,0.831,2.922,NORMAL,72.3,Low,SEED
2026-05-28 14:31:40,SEED-19,2.545,59.468,0.568,0.998,0.615,4.444,0.816,2.737,0.456,1.238,0.763,4.898,RECOVERING,69.0,Medium,SEED
2026-05-28 14:41:40,SEED-20,2.086,31.04,0.759,1.034,0.926,4.147,0.958,2.564,0.856,1.611,0.788,3.845,NORMAL,76.6,Low,SEED
2026-05-28 14:51:40,SEED-21,2.562,45.335,0.775,1.292,0.918,3.651,0.996,1.707,0.891,1.436,0.908,3.174,NORMAL,76.9,Low,SEED
2026-05-28 15:01:40,SEED-22,1.836,40.316,0.96,1.16,0.626,2.622,0.931,1.812,0.801,1.523,0.705,3.488,NORMAL,74.7,Low,SEED
2026-05-28 15:11:40,SEED-23,2.55,47.014,0.798,1.044,0.68,4.185,0.813,2.281,0.613,1.076,0.557,3.856,RECOVERING,70.0,Medium,SEED
2026-05-28 15:21:40,SEED-24,1.83,48.41,0.882,1.228,0.783,2.322,0.807,1.824,0.605,1.53,0.955,3.777,NORMAL,71.9,Low,SEED
2026-05-28 15:31:40,SEED-25,3.497,76.322,0.545,0.891,0.386,5.607,0.699,3.127,0.404,0.895,0.552,6.295,BROKEN,78.6,High,SEED
2026-05-28 15:41:40,SEED-26,2.734,65.188,0.741,1.228,0.453,4.438,0.908,2.335,0.434,1.102,0.548,4.224,RECOVERING,69.0,Medium,SEED
2026-05-28 15:51:40,SEED-27,2.096,37.117,0.807,1.014,0.716,3.683,1.203,2.715,0.61,1.645,0.702,3.86,NORMAL,85.6,Low,SEED
2026-05-28 16:01:40,SEED-28,3.213,70.144,0.458,0.922,0.32,5.908,0.583,3.281,0.417,0.963,0.561,6.377,BROKEN,75.1,High,SEED
2026-05-28 16:11:40,SEED-29,2.942,55.755,0.815,0.918,0.569,3.465,0.746,2.993,0.443,1.157,0.782,5.495,RECOVERING,68.7,Medium,SEED
2026-05-28 16:21:40,SEED-30,1.9,38.865,1.193,1.445,0.897,3.197,1.067,2.681,0.73,1.411,0.792,4.473,NORMAL,92.4,Low,SEED
2026-05-28 16:31:40,SEED-31,3.427,62.698,0.542,0.887,0.482,4.79,0.551,3.378,0.33,0.978,0.433,5.008,BROKEN,78.0,High,SEED
2026-05-28 16:41:40,SEED-32,1.572,37.466,1.046,1.329,0.662,3.522,0.867,2.723,0.712,1.618,0.69,3.282,NORMAL,91.8,Low,SEED
2026-05-28 16:51:40,SEED-33,3.135,61.668,0.612,1.081,0.464,3.312,0.891,2.685,0.406,1.468,0.525,4.369,RECOVERING,68.7,Medium,SEED
2026-05-28 17:01:40,SEED-34,1.785,42.317,0.772,1.11,0.722,3.562,1.006,2.661,0.604,1.33,0.641,4.115,NORMAL,93.4,Low,SEED
2026-05-28 17:11:40,SEED-35,2.407,42.554,0.96,1.036,0.903,3.892,0.815,2.009,0.758,1.431,0.926,3.005,NORMAL,81.2,Low,SEED
2026-05-28 17:21:40,SEED-36,1.545,48.659,0.765,1.139,0.852,3.64,0.962,1.603,0.673,1.263,0.782,2.677,NORMAL,78.2,Low,SEED
2026-05-28 17:31:40,SEED-37,2.386,51.434,0.73,1.07,0.629,3.734,0.805,2.62,0.675,1.237,0.522,5.146,RECOVERING,70.3,Medium,SEED
2026-05-28 17:41:40,SEED-38,3.129,70.945,0.501,0.966,0.332,4.899,0.577,3.416,0.422,1.113,0.569,6.168,BROKEN,92.8,High,SEED
2026-05-28 17:51:40,SEED-39,2.722,47.14,1.058,1.348,0.615,2.164,0.85,2.124,0.802,1.583,0.742,3.345,NORMAL,74.6,Low,SEED
2026-05-28 18:01:40,SEED-40,2.392,44.577,0.849,1.397,0.936,3.128,1.282,2.496,0.593,1.254,0.647,4.158,NORMAL,70.2,Low,SEED
2026-05-28 18:11:40,SEED-41,2.211,30.707,1.143,1.445,0.878,4.266,0.84,1.952,0.537,1.789,0.682,3.371,NORMAL,83.6,Low,SEED
2026-05-28 18:21:40,SEED-42,2.015,54.335,1.162,1.004,0.73,3.69,1.086,2.568,0.517,1.506,0.97,3.864,NORMAL,74.3,Low,SEED
2026-05-28 18:31:40,SEED-43,1.977,31.208,1.053,1.413,0.858,2.407,0.953,2.32,0.756,1.714,0.925,4.2,NORMAL,77.4,Low,SEED
2026-05-28 18:41:40,SEED-44,3.033,63.446,0.566,1.112,0.641,3.266,0.813,3.272,0.588,1.415,0.593,4.177,RECOVERING,68.7,Medium,SEED
2026-05-28 18:51:40,SEED-45,2.899,75.78,0.432,0.924,0.319,5.769,0.54,3.18,0.452,1.068,0.545,5.171,BROKEN,84.9,High,SEED
2026-05-28 19:01:40,SEED-46,1.531,46.328,1.063,1.331,0.889,4.209,1.23,1.759,0.74,1.609,0.994,4.14,NORMAL,85.3,Low,SEED
2026-05-28 19:11:40,SEED-47,3.032,77.115,0.465,0.869,0.439,5.848,0.534,3.719,0.474,0.896,0.51,5.953,BROKEN,86.4,High,SEED
2026-05-28 19:21:40,SEED-48,1.753,47.193,0.832,1.133,0.772,3.209,0.827,2.772,0.569,1.426,0.786,3.852,NORMAL,88.3,Low,SEED
2026-05-28 19:31:40,SEED-49,2.244,30.288,0.758,1.384,0.62,4.067,0.851,1.649,0.703,1.325,0.995,3.416,NORMAL,82.9,Low,SEED
2026-05-28 19:41:40,SEED-50,2.896,70.601,0.538,0.887,0.382,4.873,0.614,3.814,0.384,0.96,0.487,6.196,BROKEN,91.0,High,SEED
2026-05-28 19:51:40,SEED-51,2.697,57.084,0.717,1.081,0.486,3.361,0.907,3.27,0.442,1.364,0.52,4.097,RECOVERING,68.7,Medium,SEED
2026-05-28 20:01:40,SEED-52,2.075,43.643,1.03,1.257,0.799,3.182,1.078,1.587,0.724,1.507,0.631,3.222,NORMAL,84.9,Low,SEED
2026-05-28 20:11:40,SEED-53,1.619,48.44,0.876,1.02,0.692,2.206,0.881,2.71,0.738,1.389,0.883,3.425,NORMAL,90.6,Low,SEED
2026-05-28 20:21:40,SEED-54,1.819,44.812,0.769,1.302,0.872,2.307,1.276,2.77,0.618,1.281,0.714,3.468,NORMAL,89.3,Low,SEED
2026-05-28 20:31:40,SEED-55,3.063,66.155,0.6,1.098,0.536,4.68,0.675,2.977,0.53,1.26,0.748,4.585,RECOVERING,69.0,Medium,SEED
2026-05-28 20:41:40,SEED-56,1.72,37.485,0.958,1.244,0.934,2.456,1.113,1.913,0.715,1.28,0.951,4.058,NORMAL,86.4,Low,SEED
2026-05-28 20:51:40,SEED-57,1.856,49.875,0.995,1.05,0.829,4.306,0.917,2.159,0.701,1.328,0.969,2.907,NORMAL,94.7,Low,SEED
2026-05-28 21:01:40,SEED-58,2.417,32.078,0.909,1.364,0.672,2.414,0.805,2.449,0.708,1.721,0.889,3.258,NORMAL,94.2,Low,SEED
2026-05-28 21:11:40,SEED-59,2.784,34.013,1.076,1.158,0.604,4.37,1.051,1.93,0.797,1.65,0.822,3.367,NORMAL,94.7,Low,SEED
2026-05-28 21:21:40,SEED-60,3.039,55.992,0.655,1.053,0.65,3.712,0.818,2.658,0.637,1.238,0.755,4.189,RECOVERING,68.7,Medium,SEED
2026-05-28 21:31:40,SEED-61,2.341,37.804,1.078,1.272,0.72,2.383,0.917,1.845,0.508,1.206,0.982,4.068,NORMAL,91.2,Low,SEED
2026-05-28 21:41:40,SEED-62,2.845,73.748,0.569,0.919,0.468,5.889,0.628,2.802,0.435,0.961,0.5,6.149,BROKEN,77.2,High,SEED
2026-05-28 21:51:40,SEED-63,3.05,66.0,0.497,0.814,0.455,5.217,0.693,3.753,0.346,1.159,0.525,4.97,BROKEN,91.6,High,SEED
2026-05-28 22:01:40,SEED-64,2.861,59.856,0.587,0.938,0.607,3.399,0.773,3.088,0.558,1.492,0.534,3.747,RECOVERING,68.7,Medium,SEED
2026-05-28 22:11:40,SEED-65,2.19,49.859,1.019,1.43,0.748,2.478,0.998,2.668,0.647,1.761,0.791,2.557,NORMAL,88.0,Low,SEED
2026-05-28 22:21:40,SEED-66,3.075,77.751,0.548,0.899,0.311,5.563,0.503,3.1,0.309,1.039,0.525,5.158,BROKEN,79.9,High,SEED
2026-05-28 22:31:40,SEED-67,2.335,63.893,0.873,1.193,0.713,3.364,0.724,2.441,0.452,1.212,0.768,5.337,RECOVERING,68.7,Medium,SEED
2026-05-28 22:41:40,SEED-68,2.271,34.108,0.902,1.434,0.902,2.983,0.857,1.818,0.591,1.631,0.932,4.089,NORMAL,87.9,Low,SEED
2026-05-28 22:51:40,SEED-69,2.33,41.288,0.739,1.034,0.793,3.413,1.075,2.162,0.807,1.414,0.9,3.861,NORMAL,81.7,Low,SEED
2026-05-28 23:01:40,SEED-70,1.683,43.977,0.72,1.362,0.669,3.077,1.084,2.075,0.538,1.446,0.918,3.196,NORMAL,89.4,Low,SEED
2026-05-28 23:11:40,SEED-71,2.05,34.177,0.959,1.25,0.795,4.012,1.291,2.281,0.879,1.647,0.916,3.05,NORMAL,85.1,Low,SEED
2026-05-28 23:21:40,SEED-72,2.244,32.755,1.016,1.113,0.701,4.142,0.969,2.199,0.678,1.738,0.777,2.904,NORMAL,85.5,Low,SEED
2026-05-28 23:31:40,SEED-73,1.816,32.036,0.706,1.491,0.745,2.309,1.094,2.081,0.603,1.504,0.945,2.954,NORMAL,85.7,Low,SEED
2026-05-28 23:41:40,SEED-74,2.551,40.888,1.038,1.403,0.881,3.631,1.257,2.618,0.601,1.481,0.853,3.086,NORMAL,70.6,Low,SEED
2026-05-28 23:51:40,SEED-75,2.76,32.445,0.924,1.383,0.716,3.48,0.815,2.775,0.803,1.274,0.953,2.799,NORMAL,94.8,Low,SEED
2026-05-29 00:01:40,SEED-76,2.916,78.251,0.411,0.857,0.481,5.014,0.601,3.069,0.337,1.007,0.416,4.644,BROKEN,75.5,High,SEED
2026-05-29 00:11:40,SEED-77,2.986,45.902,0.893,0.904,0.512,3.413,0.984,2.556,0.454,1.242,0.617,3.662,RECOVERING,69.7,Medium,SEED
2026-05-29 00:21:40,SEED-78,2.329,38.073,0.733,1.358,0.986,3.03,1.043,1.521,0.854,1.661,0.94,4.293,NORMAL,88.3,Low,SEED
2026-05-29 00:31:40,SEED-79,2.57,30.011,0.78,1.082,0.819,3.782,0.834,1.78,0.732,1.203,0.709,3.539,NORMAL,91.5,Low,SEED
2026-05-29 00:41:40,SEED-80,2.457,37.937,1.035,1.194,0.833,2.353,0.88,2.0,0.516,1.29,0.888,3.507,NORMAL,71.1,Low,SEED
2026-05-29 00:51:40,SEED-81,2.313,50.223,0.892,1.239,0.746,4.133,0.814,2.643,0.757,1.598,0.613,3.658,NORMAL,73.7,Low,SEED
2026-05-29 01:01:40,SEED-82,3.139,76.237,0.572,0.946,0.33,4.676,0.622,3.423,0.36,0.879,0.495,6.364,BROKEN,92.2,High,SEED
2026-05-29 01:11:40,SEED-83,2.664,41.926,1.189,1.356,0.935,3.002,1.283,2.376,0.784,1.345,0.617,3.082,NORMAL,70.3,Low,SEED
2026-05-29 01:21:40,SEED-84,1.784,34.901,1.034,1.45,0.758,3.45,0.926,1.78,0.549,1.258,0.774,3.77,NORMAL,73.1,Low,SEED
2026-05-29 01:31:40,SEED-85,2.497,51.825,0.999,1.388,0.777,3.295,0.811,2.437,0.728,1.562,0.685,2.848,NORMAL,90.8,Low,SEED
2026-05-29 01:41:40,SEED-86,1.873,31.361,0.744,1.096,0.855,3.897,0.841,2.608,0.516,1.487,0.917,3.583,NORMAL,79.8,Low,SEED
2026-05-29 01:51:40,SEED-87,2.943,79.222,0.575,0.8,0.434,4.575,0.634,3.858,0.406,1.043,0.48,5.443,BROKEN,84.5,High,SEED
2026-05-29 02:01:40,SEED-88,2.193,30.79,1.135,1.381,0.839,3.785,1.229,1.604,0.615,1.495,0.745,3.627,NORMAL,86.1,Low,SEED
2026-05-29 02:11:40,SEED-89,2.277,49.465,1.152,1.144,0.673,2.042,1.009,2.251,0.693,1.488,0.975,3.708,NORMAL,88.9,Low,SEED
2026-05-29 02:21:40,SEED-90,3.333,61.893,0.507,0.853,0.401,4.68,0.557,3.541,0.405,0.829,0.437,5.954,BROKEN,93.8,High,SEED
2026-05-29 02:31:40,SEED-91,1.665,52.808,1.142,1.186,0.987,3.151,1.176,1.944,0.62,1.206,0.658,3.93,NORMAL,70.9,Low,SEED
2026-05-29 02:41:40,SEED-92,2.456,34.59,1.156,1.469,0.751,3.176,1.247,1.589,0.875,1.415,0.953,3.738,NORMAL,89.5,Low,SEED
2026-05-29 02:51:40,SEED-93,3.103,66.065,0.758,0.971,0.577,4.978,0.857,3.274,0.463,1.209,0.746,4.174,RECOVERING,69.0,Medium,SEED
2026-05-29 03:01:40,SEED-94,2.945,50.251,0.705,0.936,0.503,3.539,0.719,2.764,0.416,1.07,0.53,4.533,RECOVERING,69.0,Medium,SEED
2026-05-29 03:11:40,SEED-95,2.219,58.226,0.811,0.967,0.537,3.851,0.663,2.215,0.459,1.113,0.73,4.391,RECOVERING,69.0,Medium,SEED
2026-05-29 03:21:40,SEED-96,2.06,34.832,0.755,1.195,0.668,3.127,1.055,1.569,0.691,1.354,0.804,2.749,NORMAL,71.0,Low,SEED
2026-05-29 03:31:40,SEED-97,2.542,65.785,0.753,1.114,0.717,4.104,0.827,2.884,0.695,1.352,0.765,3.83,RECOVERING,69.0,Medium,SEED
2026-05-29 03:41:40,SEED-98,2.327,47.761,0.796,1.173,0.924,2.21,0.911,1.815,0.663,1.285,0.828,3.879,NORMAL,71.6,Low,SEED
2026-05-29 03:51:40,SEED-99,3.095,56.835,0.483,0.893,0.362,4.824,0.672,3.444,0.491,1.088,0.45,4.922,BROKEN,72.8,High,SEED
2026-05-29 04:01:40,SEED-100,2.314,44.53,0.721,1.489,0.965,3.45,0.976,2.613,0.751,1.633,0.845,2.805,NORMAL,86.7,Low,SEED
2026-05-29 04:11:40,SEED-101,1.551,54.853,1.061,1.376,0.653,3.87,1.186,2.597,0.856,1.531,0.965,2.912,NORMAL,71.5,Low,SEED
2026-05-29 04:21:40,SEED-102,2.951,62.747,0.423,0.963,0.412,5.066,0.638,3.968,0.427,1.144,0.45,5.878,BROKEN,79.6,High,SEED
2026-05-29 04:31:40,SEED-103,2.116,47.859,0.915,1.029,0.802,2.838,0.808,2.479,0.539,1.543,0.859,2.522,NORMAL,86.3,Low,SEED
2026-05-29 04:41:40,SEED-104,2.526,47.519,1.129,1.161,0.868,3.189,1.252,2.066,0.519,1.537,0.971,3.364,NORMAL,77.7,Low,SEED
2026-05-29 04:51:40,SEED-105,3.099,57.986,0.42,0.894,0.333,5.813,0.567,3.265,0.424,0.896,0.437,4.823,BROKEN,94.3,High,SEED
2026-05-29 05:01:40,SEED-106,1.839,36.648,0.819,1.402,0.787,2.71,0.804,1.765,0.642,1.368,0.92,3.356,NORMAL,75.8,Low,SEED
2026-05-29 05:11:40,SEED-107,3.253,74.268,0.594,0.871,0.319,5.489,0.516,3.473,0.41,0.809,0.481,5.632,BROKEN,73.1,High,SEED
2026-05-29 05:21:40,SEED-108,2.636,42.142,0.959,1.259,0.626,4.207,1.018,2.416,0.567,1.435,0.934,3.297,NORMAL,92.9,Low,SEED
2026-05-29 05:31:40,SEED-109,3.117,44.176,0.851,0.977,0.626,3.962,0.687,3.122,0.565,1.14,0.591,3.647,RECOVERING,67.7,Medium,SEED
2026-05-29 05:41:40,SEED-110,1.561,53.677,0.973,1.029,0.751,3.91,0.953,1.691,0.615,1.73,0.825,3.96,NORMAL,89.0,Low,SEED
2026-05-29 05:51:40,SEED-111,1.535,49.036,0.997,1.08,0.942,3.748,0.953,2.301,0.717,1.723,0.98,4.413,NORMAL,86.8,Low,SEED
2026-05-29 06:01:40,SEED-112,1.628,30.394,0.766,1.027,0.946,4.277,0.873,2.29,0.778,1.556,0.718,3.3,NORMAL,77.0,Low,SEED
2026-05-29 06:11:40,SEED-113,1.698,40.138,1.141,1.091,0.825,2.831,1.282,2.451,0.543,1.78,0.892,2.74,NORMAL,92.6,Low,SEED
2026-05-29 06:21:40,SEED-114,2.508,51.068,0.84,1.479,0.997,3.976,1.02,2.055,0.784,1.462,0.713,2.72,NORMAL,82.9,Low,SEED
2026-05-29 06:31:40,SEED-115,2.603,46.724,1.149,1.175,0.92,2.476,0.882,2.171,0.665,1.238,0.777,2.697,NORMAL,70.6,Low,SEED
2026-05-29 06:41:40,SEED-116,2.492,49.469,1.118,1.199,0.808,2.705,0.867,2.521,0.677,1.389,0.647,3.269,NORMAL,76.6,Low,SEED
2026-05-29 06:51:40,SEED-117,2.833,57.962,0.577,0.853,0.441,5.958,0.68,3.408,0.43,1.12,0.59,5.286,BROKEN,94.2,High,SEED
2026-05-29 07:01:40,SEED-118,2.875,55.298,0.618,1.126,0.685,3.598,0.961,3.398,0.547,1.482,0.575,5.092,RECOVERING,68.7,Medium,SEED
2026-05-29 07:11:40,SEED-119,2.753,53.734,1.169,1.304,0.861,2.625,1.096,2.673,0.757,1.467,0.675,3.34,NORMAL,82.8,Low,SEED
2026-05-29 07:21:40,SEED-120,2.736,62.77,0.694,0.944,0.58,5.184,0.665,2.965,0.424,1.46,0.572,5.48,RECOVERING,69.0,Medium,SEED
2026-05-29 07:31:40,SEED-121,2.369,47.027,0.973,1.036,0.986,4.078,1.063,2.779,0.827,1.437,0.721,2.859,NORMAL,73.2,Low,SEED
2026-05-29 07:41:40,SEED-122,2.311,54.314,1.042,1.446,0.666,2.729,0.834,2.012,0.615,1.217,0.852,4.068,NORMAL,94.9,Low,SEED
2026-05-29 07:51:40,SEED-123,3.116,53.924,0.877,1.079,0.467,5.218,0.931,3.339,0.538,1.191,0.724,4.741,RECOVERING,69.0,Medium,SEED
2026-05-29 08:01:40,SEED-124,3.325,64.537,0.597,0.973,0.359,5.276,0.538,3.131,0.465,1.099,0.419,4.591,BROKEN,81.6,High,SEED
2026-05-29 08:11:40,SEED-125,1.516,37.991,1.187,1.257,0.867,3.2,0.851,2.048,0.739,1.347,0.659,3.62,NORMAL,91.3,Low,SEED
2026-05-29 08:21:40,SEED-126,3.313,62.609,0.432,0.876,0.445,5.628,0.649,3.562,0.436,0.983,0.442,6.278,BROKEN,72.8,High,SEED
2026-05-29 08:31:40,SEED-127,2.569,53.592,0.76,1.004,0.581,3.546,0.898,2.403,0.518,1.166,0.668,3.723,RECOVERING,68.7,Medium,SEED
2026-05-29 08:41:40,SEED-128,2.206,41.79,1.074,1.125,0.748,3.47,0.89,2.291,0.729,1.522,0.824,2.691,NORMAL,89.5,Low,SEED
2026-05-29 08:51:40,SEED-129,2.875,54.893,0.738,1.109,0.496,3.717,0.792,2.581,0.474,1.49,0.788,4.805,RECOVERING,68.7,Medium,SEED
2026-05-29 09:01:40,SEED-130,1.655,30.227,0.866,1.383,0.711,3.656,1.204,2.762,0.866,1.783,0.767,3.053,NORMAL,85.7,Low,SEED
2026-05-29 09:11:40,SEED-131,2.598,38.055,1.103,1.329,0.607,2.91,1.235,1.628,0.849,1.644,0.663,3.995,NORMAL,85.0,Low,SEED
2026-05-29 09:21:40,SEED-132,3.136,49.39,0.723,1.1,0.487,4.15,0.813,2.456,0.664,1.186,0.595,4.032,RECOVERING,69.3,Medium,SEED
2026-05-29 09:31:40,SEED-133,1.647,33.793,1.125,1.289,0.954,2.621,0.85,2.036,0.585,1.566,0.842,3.519,NORMAL,79.1,Low,SEED
2026-05-29 09:41:40,SEED-134,2.383,35.613,0.914,1.319,0.869,4.01,1.044,1.863,0.843,1.549,0.867,3.784,NORMAL,92.8,Low,SEED
2026-05-29 09:51:40,SEED-135,1.599,53.68,0.841,1.066,0.958,2.811,0.816,1.809,0.704,1.316,0.747,4.2,NORMAL,87.0,Low,SEED
2026-05-29 10:01:40,SEED-136,2.271,37.973,1.157,1.101,0.81,3.268,0.924,1.566,0.898,1.776,0.679,3.168,NORMAL,76.7,Low,SEED
2026-05-29 10:11:40,SEED-137,3.102,76.326,0.597,0.83,0.355,4.976,0.564,3.029,0.482,0.863,0.517,5.896,BROKEN,90.3,High,SEED
2026-05-29 10:21:40,SEED-138,1.601,50.999,1.102,1.492,0.768,2.366,1.163,1.68,0.841,1.491,0.619,3.076,NORMAL,73.1,Low,SEED
2026-05-29 10:31:40,SEED-139,2.439,37.49,0.859,1.13,0.652,2.605,1.199,2.346,0.684,1.23,0.613,3.538,NORMAL,71.3,Low,SEED
2026-05-29 10:41:40,SEED-140,2.212,44.616,0.632,1.143,0.52,4.758,0.806,2.168,0.538,1.339,0.561,3.504,RECOVERING,69.3,Medium,SEED
2026-05-29 10:51:40,SEED-141,1.68,54.07,0.753,1.273,0.683,4.01,0.931,2.037,0.851,1.631,0.942,3.476,NORMAL,93.8,Low,SEED
2026-05-29 11:01:40,SEED-142,2.388,45.322,0.573,1.07,0.587,3.645,0.889,3.172,0.422,1.417,0.721,4.578,RECOVERING,68.0,Medium,SEED
2026-05-29 11:11:40,SEED-143,2.929,50.376,0.715,0.949,0.576,4.161,0.885,3.063,0.692,1.382,0.528,4.064,RECOVERING,69.3,Medium,SEED
2026-05-29 11:21:40,SEED-144,2.794,64.844,0.645,1.04,0.576,4.088,0.71,2.747,0.496,1.25,0.776,5.077,RECOVERING,69.0,Medium,SEED
2026-05-29 11:31:40,SEED-145,2.579,36.216,1.133,1.097,0.876,2.109,1.196,1.519,0.651,1.495,0.725,2.655,NORMAL,78.8,Low,SEED
2026-05-29 11:41:40,SEED-146,3.442,72.59,0.532,0.82,0.369,5.198,0.63,3.921,0.324,1.161,0.49,4.926,BROKEN,73.2,High,SEED
2026-05-29 11:51:40,SEED-147,3.491,64.888,0.567,0.915,0.333,5.646,0.601,3.338,0.497,0.917,0.46,4.811,BROKEN,93.7,High,SEED
2026-05-29 12:01:40,SEED-148,2.252,55.113,0.644,1.09,0.729,4.641,0.916,2.751,0.434,1.186,0.722,4.574,RECOVERING,69.3,Medium,SEED
2026-05-29 12:11:40,SEED-149,2.404,49.796,0.848,1.275,0.66,2.501,0.946,2.709,0.869,1.724,0.613,4.404,NORMAL,82.0,Low,SEED
2026-05-29 12:21:40,SEED-150,2.35,40.719,0.9,1.151,0.601,2.47,1.202,2.474,0.844,1.423,0.905,2.584,NORMAL,88.8,Low,SEED
2026-05-29 12:31:40,SEED-151,2.673,35.594,1.056,1.12,0.692,3.734,1.289,1.834,0.7,1.214,0.703,3.67,NORMAL,85.8,Low,SEED
2026-05-29 12:41:40,SEED-152,3.1,45.783,0.667,0.936,0.514,4.457,0.783,3.347,0.686,1.219,0.766,4.542,RECOVERING,70.0,Medium,SEED
2026-05-29 12:51:40,SEED-153,2.858,74.097,0.523,1.0,0.426,4.762,0.556,3.614,0.486,0.837,0.514,6.335,BROKEN,87.5,High,SEED
2026-05-29 13:01:40,SEED-154,2.705,44.078,0.743,1.239,0.548,5.206,0.76,2.403,0.497,1.351,0.728,4.737,RECOVERING,68.3,Medium,SEED
2026-05-29 13:11:40,SEED-155,3.075,67.59,0.572,0.982,0.321,5.771,0.589,3.265,0.429,1.033,0.476,4.984,BROKEN,87.1,High,SEED
2026-05-29 13:21:40,SEED-156,2.389,50.77,1.083,1.064,0.77,3.492,1.06,2.155,0.784,1.766,0.65,3.796,NORMAL,89.6,Low,SEED
2026-05-29 13:31:40,SEED-157,2.917,66.631,0.53,0.989,0.471,4.514,0.614,3.637,0.414,1.146,0.599,6.358,BROKEN,89.3,High,SEED
2026-05-29 13:41:40,SEED-158,3.112,56.693,0.537,0.846,0.357,5.694,0.655,3.569,0.432,0.994,0.471,5.087,BROKEN,72.7,High,SEED
2026-05-29 13:51:40,SEED-159,2.468,61.251,0.557,1.136,0.675,5.048,0.689,2.477,0.607,1.315,0.784,3.949,RECOVERING,69.0,Medium,SEED
2026-05-29 14:01:40,SEED-160,2.025,54.786,0.977,1.311,0.72,3.594,0.856,1.665,0.508,1.317,0.788,3.132,NORMAL,89.9,Low,SEED
2026-05-29 14:11:40,SEED-161,3.086,65.875,0.493,0.89,0.346,5.057,0.683,3.559,0.471,1.135,0.549,5.391,BROKEN,82.1,High,SEED
2026-05-29 14:21:40,SEED-162,2.764,52.227,0.693,1.03,0.465,3.831,0.663,3.213,0.478,1.398,0.533,3.858,RECOVERING,68.7,Medium,SEED
2026-05-29 14:31:40,SEED-163,2.122,35.043,1.002,1.295,0.884,3.137,1.126,2.032,0.822,1.222,0.607,4.059,NORMAL,75.4,Low,SEED
2026-05-29 14:41:40,SEED-164,2.622,62.33,0.686,1.214,0.698,4.721,0.782,2.445,0.685,1.386,0.703,4.55,RECOVERING,69.0,Medium,SEED
2026-05-29 14:51:40,SEED-165,2.415,46.579,0.885,1.39,0.768,4.468,0.943,2.415,0.736,1.621,0.885,4.266,NORMAL,82.8,Low,SEED
2026-05-29 15:01:40,SEED-166,1.768,44.998,0.812,1.359,0.706,3.949,1.142,1.76,0.809,1.515,0.626,3.687,NORMAL,70.7,Low,SEED
2026-05-29 15:11:40,SEED-167,2.139,30.814,0.806,1.43,0.7,3.847,1.076,2.071,0.674,1.217,0.697,3.316,NORMAL,73.2,Low,SEED
2026-05-29 15:21:40,SEED-168,2.437,51.363,1.195,1.27,0.902,2.433,1.07,1.752,0.717,1.754,0.868,4.029,NORMAL,87.6,Low,SEED
2026-05-29 15:31:40,SEED-169,2.225,43.274,1.199,1.18,0.646,3.123,1.247,2.538,0.706,1.783,0.757,3.907,NORMAL,90.8,Low,SEED
2026-05-29 15:41:40,SEED-170,2.858,72.564,0.463,0.881,0.486,5.812,0.677,2.859,0.308,0.819,0.593,5.902,BROKEN,94.9,High,SEED
2026-05-29 15:51:40,SEED-171,3.225,62.123,0.594,0.842,0.423,5.059,0.689,3.224,0.38,1.091,0.421,5.804,BROKEN,78.2,High,SEED
2026-05-29 16:01:40,SEED-172,2.182,54.388,1.129,1.315,0.627,4.073,0.855,1.978,0.684,1.699,0.966,2.56,NORMAL,78.7,Low,SEED
2026-05-29 16:11:40,SEED-173,3.341,74.433,0.56,0.965,0.487,4.685,0.534,3.722,0.447,0.809,0.437,4.88,BROKEN,84.4,High,SEED
2026-05-29 16:21:40,SEED-174,2.047,30.006,0.811,1.317,0.67,2.819,0.991,1.828,0.817,1.475,0.705,3.739,NORMAL,72.0,Low,SEED
2026-05-29 16:31:40,SEED-175,2.608,62.921,0.779,1.027,0.531,5.095,0.769,2.52,0.419,1.086,0.77,4.187,RECOVERING,69.0,Medium,SEED
2026-05-29 16:41:40,SEED-176,2.52,44.333,0.701,1.0,0.651,5.185,0.676,2.936,0.647,1.149,0.746,3.768,RECOVERING,68.3,Medium,SEED
2026-05-29 16:51:40,SEED-177,2.659,40.86,0.861,1.08,0.744,3.194,1.216,2.064,0.535,1.445,0.923,2.584,NORMAL,92.5,Low,SEED
2026-05-29 17:01:40,SEED-178,2.586,49.272,0.609,1.216,0.652,4.695,0.759,2.671,0.419,1.132,0.722,3.555,RECOVERING,70.0,Medium,SEED
2026-05-29 17:11:40,SEED-179,2.697,34.241,1.165,1.281,0.841,2.343,1.098,2.142,0.763,1.735,0.894,4.123,NORMAL,87.4,Low,SEED
2026-05-29 17:21:40,SEED-180,2.456,49.506,0.691,1.21,0.55,3.734,0.769,3.352,0.419,1.298,0.61,4.192,RECOVERING,69.3,Medium,SEED
2026-05-29 17:31:40,SEED-181,2.508,45.87,0.807,1.056,0.646,4.773,0.993,2.496,0.603,1.048,0.573,3.89,RECOVERING,70.3,Medium,SEED
2026-05-29 17:41:40,SEED-182,2.228,30.998,0.889,1.231,0.674,3.798,1.298,1.735,0.743,1.546,0.913,3.053,NORMAL,84.6,Low,SEED
2026-05-29 17:51:40,SEED-183,1.515,44.266,1.071,1.418,0.651,2.796,0.924,2.541,0.514,1.394,0.785,3.913,NORMAL,75.0,Low,SEED
2026-05-29 18:01:40,SEED-184,1.932,32.321,1.146,1.15,0.849,3.138,0.857,1.677,0.704,1.55,0.702,2.962,NORMAL,79.2,Low,SEED
2026-05-29 18:11:40,SEED-185,2.327,38.224,0.819,1.095,0.728,3.813,1.089,2.371,0.687,1.342,0.739,2.524,NORMAL,92.4,Low,SEED
2026-05-29 18:21:40,SEED-186,2.609,33.102,0.771,1.449,0.638,2.782,1.009,1.671,0.528,1.446,0.6,3.065,NORMAL,89.3,Low,SEED
2026-05-29 18:31:40,SEED-187,1.555,48.345,0.76,1.123,0.624,3.437,1.247,2.547,0.736,1.582,0.63,2.981,NORMAL,92.3,Low,SEED
2026-05-29 18:41:40,SEED-188,2.809,50.768,0.852,1.114,0.666,3.468,0.998,2.25,0.545,1.176,0.767,5.124,RECOVERING,69.0,Medium,SEED
2026-05-29 18:51:40,SEED-189,1.734,52.937,1.118,1.009,0.7,2.822,0.956,2.036,0.681,1.264,0.862,3.083,NORMAL,92.0,Low,SEED
2026-05-29 19:01:40,SEED-190,2.087,37.843,0.728,1.127,0.933,3.668,0.812,2.433,0.629,1.436,0.943,3.393,NORMAL,87.9,Low,SEED
2026-05-29 19:11:40,SEED-191,2.655,34.269,1.16,1.089,0.659,2.558,1.039,1.692,0.839,1.429,0.811,3.672,NORMAL,80.4,Low,SEED
2026-05-29 19:21:40,SEED-192,3.038,66.794,0.423,0.933,0.426,4.89,0.621,3.751,0.437,1.056,0.549,5.966,BROKEN,89.6,High,SEED
2026-05-29 19:31:40,SEED-193,2.348,49.688,0.891,1.352,0.674,3.732,1.08,2.135,0.893,1.419,0.956,3.777,NORMAL,87.5,Low,SEED
2026-05-29 19:41:40,SEED-194,2.434,56.638,0.827,0.993,0.478,4.352,0.994,3.259,0.677,1.295,0.581,4.28,RECOVERING,69.0,Medium,SEED
2026-05-29 19:51:40,SEED-195,2.715,59.597,0.654,1.032,0.597,4.111,0.987,3.359,0.645,1.087,0.67,5.059,RECOVERING,69.0,Medium,SEED
2026-05-29 20:01:40,SEED-196,1.739,37.717,0.839,1.498,0.648,2.738,1.261,1.613,0.853,1.533,0.932,3.422,NORMAL,75.0,Low,SEED
2026-05-29 20:11:40,SEED-197,2.009,30.643,1.009,1.483,0.977,3.279,1.252,1.788,0.839,1.426,0.846,3.798,NORMAL,83.1,Low,SEED
2026-05-29 20:21:40,SEED-198,2.531,50.896,0.874,1.145,0.584,4.059,0.993,2.836,0.454,1.294,0.69,5.289,RECOVERING,69.3,Medium,SEED
2026-05-29 20:31:40,SEED-199,2.613,54.889,0.691,1.047,0.629,3.765,0.979,2.912,0.592,1.037,0.674,4.51,RECOVERING,68.7,Medium,SEED
2026-05-29 20:41:40,SEED-200,2.579,32.63,0.962,1.47,0.924,4.25,0.891,1.853,0.899,1.338,0.994,4.474,NORMAL,91.0,Low,SEED
2026-05-29 20:51:40,SEED-201,1.834,41.677,0.804,1.138,0.729,3.445,1.139,1.966,0.728,1.422,0.663,3.745,NORMAL,89.2,Low,SEED
2026-05-29 21:01:40,SEED-202,2.285,40.583,0.791,1.283,0.756,3.466,1.109,1.757,0.844,1.557,0.613,3.432,NORMAL,87.6,Low,SEED
2026-05-29 21:11:40,SEED-203,2.82,46.408,0.592,1.03,0.717,4.456,0.999,3.1,0.666,1.055,0.604,4.072,RECOVERING,70.0,Medium,SEED
2026-05-29 21:21:40,SEED-204,2.229,49.62,0.788,1.028,0.45,4.331,0.938,3.282,0.49,1.287,0.571,3.999,RECOVERING,70.0,Medium,SEED
2026-05-29 21:31:40,SEED-205,1.566,36.745,0.859,1.464,0.766,2.804,1.255,2.582,0.844,1.707,0.907,4.182,NORMAL,79.3,Low,SEED
2026-05-29 21:41:40,SEED-206,2.234,43.824,0.895,1.013,0.541,4.378,0.876,2.916,0.536,1.183,0.636,4.49,RECOVERING,69.0,Medium,SEED
2026-05-29 21:51:40,SEED-207,2.771,49.426,0.933,1.214,0.708,4.076,0.873,2.775,0.615,1.271,0.871,4.475,NORMAL,85.1,Low,SEED
2026-05-29 22:01:40,SEED-208,1.793,41.518,0.969,1.177,0.889,2.317,1.23,1.956,0.653,1.683,0.69,4.069,NORMAL,82.1,Low,SEED
2026-05-29 22:11:40,SEED-209,1.979,35.195,0.815,1.134,0.947,3.873,1.103,1.779,0.762,1.488,0.643,4.442,NORMAL,80.8,Low,SEED
2026-05-29 22:21:40,SEED-210,2.504,47.208,0.677,1.164,0.548,4.354,0.67,3.167,0.643,1.361,0.641,3.513,RECOVERING,70.0,Medium,SEED
2026-05-29 22:31:40,SEED-211,2.792,46.612,0.698,0.956,0.549,5.205,0.789,2.858,0.443,1.395,0.794,4.124,RECOVERING,70.3,Medium,SEED
2026-05-29 22:41:40,SEED-212,2.318,63.646,0.721,1.04,0.704,3.641,0.999,3.209,0.546,1.471,0.538,4.364,RECOVERING,69.7,Medium,SEED
2026-05-29 22:51:40,SEED-213,1.985,42.828,1.109,1.317,0.861,4.319,0.882,1.875,0.861,1.53,0.868,3.243,NORMAL,79.6,Low,SEED
2026-05-29 23:01:40,SEED-214,2.999,78.899,0.407,0.986,0.402,5.082,0.572,3.765,0.328,0.891,0.549,5.232,BROKEN,78.0,High,SEED
2026-05-29 23:11:40,SEED-215,1.721,38.341,1.066,1.248,0.766,3.253,0.856,1.728,0.762,1.228,0.859,2.906,NORMAL,91.7,Low,SEED
2026-05-29 23:21:40,SEED-216,3.118,72.218,0.434,0.966,0.413,5.052,0.698,2.865,0.372,0.83,0.485,5.362,BROKEN,85.5,High,SEED
2026-05-29 23:31:40,SEED-217,3.199,63.843,0.434,0.939,0.365,5.688,0.699,3.223,0.352,0.859,0.569,6.355,BROKEN,81.5,High,SEED
2026-05-29 23:41:40,SEED-218,1.898,47.131,0.868,1.159,0.807,3.31,1.225,2.311,0.789,1.321,0.73,3.587,NORMAL,82.2,Low,SEED
2026-05-29 23:51:40,SEED-219,2.479,43.505,0.754,1.128,0.511,5.001,0.986,2.446,0.65,1.344,0.795,5.048,RECOVERING,68.3,Medium,SEED
2026-05-30 00:01:40,SEED-220,2.171,64.362,0.884,0.955,0.705,3.374,0.918,3.189,0.566,1.399,0.672,5.359,RECOVERING,68.3,Medium,SEED
2026-05-30 00:11:40,SEED-221,3.343,67.579,0.555,0.904,0.315,5.993,0.528,3.592,0.499,1.044,0.417,4.78,BROKEN,75.6,High,SEED
2026-05-30 00:21:40,SEED-222,3.323,73.551,0.442,0.959,0.312,5.629,0.558,3.578,0.362,1.063,0.559,5.728,BROKEN,75.8,High,SEED
2026-05-30 00:31:40,SEED-223,2.547,31.705,1.115,1.303,0.903,2.664,1.165,1.693,0.634,1.621,0.775,2.628,NORMAL,72.6,Low,SEED
2026-05-30 00:41:40,SEED-224,2.381,65.335,0.803,1.027,0.58,4.055,1.0,2.87,0.696,1.218,0.687,4.775,RECOVERING,68.7,Medium,SEED
2026-05-30 00:51:40,SEED-225,3.063,60.448,0.708,1.025,0.459,5.244,0.964,2.596,0.691,1.354,0.545,3.838,RECOVERING,69.0,Medium,SEED
2026-05-30 01:01:40,SEED-226,2.435,54.8,0.973,1.37,0.87,4.049,1.175,1.839,0.837,1.733,0.802,2.993,NORMAL,83.4,Low,SEED
2026-05-30 01:11:40,SEED-227,1.861,33.008,0.974,1.321,0.812,3.151,1.108,2.417,0.854,1.639,0.813,4.288,NORMAL,88.1,Low,SEED
2026-05-30 01:21:40,SEED-228,2.029,34.71,0.771,1.08,0.81,3.858,1.017,2.776,0.862,1.49,0.98,2.678,NORMAL,92.1,Low,SEED
2026-05-30 01:31:40,SEED-229,2.479,49.219,1.044,1.477,0.628,3.265,0.824,2.011,0.641,1.375,0.947,4.444,NORMAL,78.7,Low,SEED
2026-05-30 01:41:40,SEED-230,2.596,58.586,0.754,1.203,0.567,4.245,0.848,3.191,0.563,1.269,0.748,3.835,RECOVERING,69.0,Medium,SEED
2026-05-30 01:51:40,SEED-231,2.555,48.796,0.685,1.079,0.717,4.02,0.818,2.271,0.405,1.429,0.76,4.0,RECOVERING,69.3,Medium,SEED
2026-05-30 02:01:40,SEED-232,3.376,62.719,0.403,0.972,0.325,4.576,0.652,2.934,0.396,0.838,0.505,4.503,BROKEN,79.8,High,SEED
2026-05-30 02:11:40,SEED-233,2.434,31.402,0.864,1.209,0.751,2.514,0.938,2.296,0.597,1.773,0.819,4.496,NORMAL,74.9,Low,SEED
2026-05-30 02:21:40,SEED-234,2.404,60.01,0.862,1.169,0.552,5.019,0.824,3.37,0.678,1.129,0.591,4.241,RECOVERING,70.0,Medium,SEED
2026-05-30 02:31:40,SEED-235,3.491,66.093,0.573,0.8,0.47,4.806,0.658,3.752,0.483,0.873,0.426,4.772,BROKEN,93.3,High,SEED
2026-05-30 02:41:40,SEED-236,1.92,48.534,0.96,1.431,0.935,4.484,1.145,2.245,0.579,1.589,0.936,2.624,NORMAL,83.3,Low,SEED
2026-05-30 02:51:40,SEED-237,2.541,52.767,1.173,1.458,0.66,4.351,0.953,2.397,0.689,1.212,0.874,3.494,NORMAL,86.4,Low,SEED
2026-05-30 03:01:40,SEED-238,2.902,61.125,0.668,1.19,0.512,4.958,0.711,2.339,0.415,1.458,0.78,3.66,RECOVERING,69.0,Medium,SEED
2026-05-30 03:11:40,SEED-239,2.861,70.437,0.469,0.875,0.47,4.639,0.563,3.447,0.411,0.917,0.572,6.161,BROKEN,82.6,High,SEED
2026-05-30 03:21:40,SEED-240,2.824,65.031,0.582,1.241,0.547,4.457,0.823,2.785,0.474,1.223,0.674,4.507,RECOVERING,69.0,Medium,SEED
2026-05-30 03:31:40,SEED-241,2.857,60.818,0.413,0.918,0.418,5.747,0.653,3.04,0.483,0.909,0.551,5.046,BROKEN,77.3,High,SEED
2026-05-30 03:41:40,SEED-242,2.462,42.587,1.153,1.316,0.955,2.766,0.903,2.501,0.551,1.633,0.706,4.259,NORMAL,87.6,Low,SEED
2026-05-30 03:51:40,SEED-243,2.346,51.897,1.159,1.034,0.659,4.408,0.877,2.283,0.519,1.572,0.718,4.122,NORMAL,72.1,Low,SEED
2026-05-30 04:01:40,SEED-244,2.331,35.928,1.119,1.243,0.859,4.228,0.996,2.512,0.893,1.497,0.905,2.802,NORMAL,76.3,Low,SEED
2026-05-30 04:11:40,SEED-245,1.964,46.735,1.197,1.048,0.885,3.292,1.178,2.535,0.517,1.41,0.714,3.96,NORMAL,73.6,Low,SEED
2026-05-30 04:21:40,SEED-246,1.906,34.584,0.705,1.297,0.984,3.652,1.124,2.745,0.682,1.264,0.907,3.615,NORMAL,93.4,Low,SEED
2026-05-30 04:31:40,SEED-247,1.965,37.995,0.94,1.319,0.7,3.589,1.145,2.306,0.821,1.678,0.733,3.192,NORMAL,78.5,Low,SEED
2026-05-30 04:41:40,SEED-248,2.85,55.147,0.552,1.124,0.453,5.214,0.945,2.709,0.69,1.057,0.573,5.154,RECOVERING,69.0,Medium,SEED
2026-05-30 04:51:40,SEED-249,2.045,33.079,0.797,1.066,0.689,3.847,0.818,1.887,0.895,1.519,0.886,2.735,NORMAL,82.1,Low,SEED
2026-05-30 05:01:40,SEED-250,2.963,61.356,0.582,0.864,0.371,4.627,0.555,3.588,0.409,0.981,0.475,5.019,BROKEN,77.0,High,SEED
2026-05-30 05:11:40,SEED-251,3.02,46.353,0.842,1.242,0.724,3.677,0.901,2.975,0.582,1.049,0.622,3.685,RECOVERING,69.7,Medium,SEED
2026-05-30 05:21:40,SEED-252,2.826,56.738,0.487,0.824,0.475,5.382,0.681,3.337,0.392,1.081,0.41,4.999,BROKEN,83.7,High,SEED
2026-05-30 05:31:40,SEED-253,1.537,51.484,0.975,1.406,0.937,2.12,0.866,2.577,0.524,1.379,0.745,3.829,NORMAL,85.5,Low,SEED
2026-05-30 05:41:40,SEED-254,2.976,70.619,0.437,0.991,0.444,5.249,0.661,3.505,0.433,1.192,0.571,5.62,BROKEN,93.3,High,SEED
2026-05-30 05:51:40,SEED-255,2.532,30.694,1.075,1.019,0.979,3.506,0.82,1.868,0.643,1.65,0.657,3.1,NORMAL,71.1,Low,SEED
2026-05-30 06:01:40,SEED-256,2.772,35.135,1.176,1.015,0.953,2.361,1.066,1.922,0.656,1.706,0.634,4.401,NORMAL,72.5,Low,SEED
2026-05-30 06:11:40,SEED-257,2.293,50.86,1.124,1.245,0.615,3.716,1.106,2.52,0.608,1.5,0.906,2.564,NORMAL,88.5,Low,SEED
2026-05-30 06:21:40,SEED-258,2.287,33.422,1.161,1.154,0.963,3.317,1.072,2.577,0.571,1.28,0.734,3.453,NORMAL,77.2,Low,SEED
2026-05-30 06:31:40,SEED-259,3.394,61.449,0.508,0.921,0.431,5.286,0.57,3.76,0.488,0.985,0.505,5.559,BROKEN,87.0,High,SEED
2026-05-30 06:41:40,SEED-260,2.165,49.282,0.754,1.416,0.806,3.334,0.904,2.612,0.559,1.216,0.844,3.539,NORMAL,77.2,Low,SEED
2026-05-30 06:51:40,SEED-261,2.65,49.853,1.018,1.102,0.742,3.847,0.913,1.881,0.506,1.749,0.907,3.206,NORMAL,83.0,Low,SEED
2026-05-30 07:01:40,SEED-262,3.116,46.573,0.815,1.189,0.45,4.566,0.667,2.352,0.405,1.153,0.508,3.947,RECOVERING,70.3,Medium,SEED
2026-05-30 07:11:40,SEED-263,2.773,51.068,0.739,1.389,0.929,4.265,1.112,1.903,0.702,1.345,0.709,3.236,NORMAL,71.5,Low,SEED
2026-05-30 07:21:40,SEED-264,1.87,53.274,0.719,1.208,0.662,2.535,0.915,2.721,0.859,1.312,0.621,3.601,NORMAL,93.9,Low,SEED
2026-05-30 07:31:40,SEED-265,1.956,47.38,0.836,1.479,0.908,3.907,1.1,2.595,0.831,1.237,0.776,3.605,NORMAL,76.2,Low,SEED
2026-05-30 07:41:40,SEED-266,1.869,45.477,0.894,1.295,0.694,3.059,1.199,2.041,0.801,1.361,0.88,4.263,NORMAL,76.7,Low,SEED
2026-05-30 07:51:40,SEED-267,2.099,37.17,0.861,1.224,0.894,2.501,1.184,1.85,0.893,1.5,0.993,3.289,NORMAL,84.7,Low,SEED
2026-05-30 08:01:40,SEED-268,2.922,46.938,0.847,1.187,0.452,5.145,0.812,2.22,0.608,1.171,0.534,4.254,RECOVERING,70.3,Medium,SEED
2026-05-30 08:11:40,SEED-269,2.976,57.26,0.679,1.064,0.575,4.845,0.776,2.336,0.484,1.492,0.739,5.328,RECOVERING,69.0,Medium,SEED
2026-05-30 08:21:40,SEED-270,3.437,57.419,0.572,0.811,0.382,5.764,0.581,3.058,0.337,0.995,0.412,4.822,BROKEN,94.2,High,SEED
2026-05-30 08:31:40,SEED-271,3.313,59.689,0.521,0.868,0.426,4.616,0.624,3.514,0.48,0.809,0.487,5.584,BROKEN,87.8,High,SEED
2026-05-30 08:41:40,SEED-272,2.314,37.491,1.154,1.359,0.97,2.897,0.91,1.515,0.511,1.465,0.864,3.395,NORMAL,89.4,Low,SEED
2026-05-30 08:51:40,SEED-273,2.314,51.472,1.081,1.002,0.929,3.031,0.995,1.731,0.56,1.516,0.602,3.475,NORMAL,92.3,Low,SEED
2026-05-30 09:01:40,SEED-274,2.365,54.591,0.691,0.953,0.631,4.261,0.969,2.32,0.672,1.478,0.61,4.156,RECOVERING,70.0,Medium,SEED
2026-05-30 09:11:40,SEED-275,2.123,52.509,0.959,1.247,0.988,4.081,1.015,1.561,0.633,1.673,0.829,2.558,NORMAL,70.9,Low,SEED
2026-05-30 09:21:40,SEED-276,3.103,56.142,0.477,0.807,0.486,4.614,0.588,2.819,0.474,1.183,0.488,5.663,BROKEN,76.6,High,SEED
2026-05-30 09:31:40,SEED-277,2.542,45.184,0.705,1.165,0.671,4.559,0.681,2.571,0.436,1.442,0.666,3.588,RECOVERING,68.0,Medium,SEED
2026-05-30 09:41:40,SEED-278,2.256,46.25,0.938,1.073,0.958,3.47,0.827,1.539,0.537,1.761,0.889,2.727,NORMAL,80.2,Low,SEED
2026-05-30 09:51:40,SEED-279,2.753,56.03,0.865,1.116,0.515,4.487,0.735,2.989,0.456,1.259,0.797,3.724,RECOVERING,69.0,Medium,SEED
2026-05-30 10:01:40,SEED-280,2.319,40.72,1.049,1.023,0.972,3.353,0.934,2.696,0.565,1.31,0.71,3.12,NORMAL,77.0,Low,SEED
2026-05-30 10:11:40,SEED-281,2.317,56.88,0.603,0.947,0.695,4.665,0.875,2.698,0.684,1.466,0.734,4.545,RECOVERING,70.0,Medium,SEED
2026-05-30 10:21:40,SEED-282,2.167,50.287,1.04,1.355,0.756,3.894,1.001,2.154,0.675,1.221,0.701,3.702,NORMAL,77.7,Low,SEED
2026-05-30 10:31:40,SEED-283,2.272,33.819,0.775,1.287,0.941,4.207,1.045,2.041,0.666,1.24,0.663,2.681,NORMAL,83.8,Low,SEED
2026-05-30 10:41:40,SEED-284,1.807,39.833,0.861,1.097,0.907,4.222,1.058,1.517,0.777,1.593,0.872,4.137,NORMAL,70.7,Low,SEED
2026-05-30 10:51:40,SEED-285,1.889,40.0,0.859,1.44,0.976,4.269,0.933,1.684,0.782,1.61,0.756,3.332,NORMAL,76.2,Low,SEED
2026-05-30 11:01:40,SEED-286,2.482,53.927,0.716,1.082,0.679,5.167,0.776,2.261,0.415,1.235,0.627,3.893,RECOVERING,69.0,Medium,SEED
2026-05-30 11:11:40,SEED-287,3.276,59.438,0.452,0.808,0.311,5.363,0.666,3.17,0.471,1.008,0.572,5.259,BROKEN,88.7,High,SEED
2026-05-30 11:21:40,SEED-288,2.628,51.643,1.084,1.452,0.81,3.432,0.898,2.264,0.64,1.759,0.937,3.392,NORMAL,71.8,Low,SEED
2026-05-30 11:31:40,SEED-289,1.585,53.666,1.16,1.297,0.754,3.215,1.014,1.918,0.625,1.214,0.72,2.86,NORMAL,92.8,Low,SEED
2026-05-30 11:41:40,SEED-290,2.514,52.553,0.745,1.12,0.546,3.846,0.915,2.745,0.551,1.457,0.706,4.716,RECOVERING,68.7,Medium,SEED
2026-05-30 11:51:40,SEED-291,2.483,50.043,0.978,1.299,0.83,4.436,0.972,1.673,0.531,1.494,0.831,2.99,NORMAL,94.1,Low,SEED
2026-05-30 12:01:40,SEED-292,2.421,65.906,0.792,1.171,0.538,4.953,0.699,2.674,0.426,1.428,0.58,4.339,RECOVERING,69.0,Medium,SEED
2026-05-30 12:11:40,SEED-293,3.031,63.728,0.43,0.896,0.34,5.669,0.573,3.224,0.381,1.108,0.437,4.796,BROKEN,86.1,High,SEED
2026-05-30 12:21:40,SEED-294,2.791,47.793,0.669,1.064,0.709,4.604,0.99,2.386,0.669,1.032,0.517,4.309,RECOVERING,70.0,Medium,SEED
2026-05-30 12:31:40,SEED-295,1.727,33.464,1.134,1.224,0.716,2.818,0.993,1.542,0.78,1.539,0.753,4.003,NORMAL,75.2,Low,SEED
2026-05-30 12:41:40,SEED-296,3.17,65.759,0.55,0.925,0.31,5.798,0.648,3.075,0.376,1.166,0.599,5.844,BROKEN,86.3,High,SEED
2026-05-30 12:51:40,SEED-297,2.773,37.82,0.806,1.094,0.726,4.096,0.981,2.441,0.647,1.585,0.671,2.543,NORMAL,78.8,Low,SEED
2026-05-30 13:01:40,SEED-298,2.592,45.868,0.873,0.955,0.549,3.472,0.8,2.961,0.445,1.472,0.702,5.341,RECOVERING,69.7,Medium,SEED
2026-05-30 13:11:40,SEED-299,2.674,62.569,0.712,1.207,0.486,3.456,0.941,2.195,0.489,1.481,0.576,3.761,RECOVERING,68.7,Medium,SEED
2026-05-30 13:21:40,SEED-300,2.843,51.316,0.651,0.949,0.619,3.374,0.682,2.736,0.582,1.421,0.722,3.756,RECOVERING,69.3,Medium,SEED
2026-05-30 13:31:40,SEED-301,2.085,41.014,1.014,1.237,0.937,3.51,0.969,1.729,0.613,1.775,0.721,4.034,NORMAL,84.9,Low,SEED
2026-05-30 13:41:40,SEED-302,2.681,54.726,1.104,1.182,0.899,4.042,0.983,1.859,0.57,1.332,0.602,3.433,NORMAL,78.6,Low,SEED
2026-05-30 13:51:40,SEED-303,1.723,54.066,0.948,1.197,0.863,3.966,1.01,2.392,0.784,1.567,0.94,4.467,NORMAL,92.4,Low,SEED
2026-05-30 14:01:40,SEED-304,2.318,40.389,0.717,1.447,0.639,3.614,1.005,1.853,0.524,1.66,0.933,3.621,NORMAL,81.6,Low,SEED
2026-05-30 14:11:40,SEED-305,2.666,30.76,0.949,1.364,0.998,2.259,1.083,1.766,0.514,1.484,0.734,3.277,NORMAL,94.0,Low,SEED
2026-05-30 14:21:40,SEED-306,1.919,46.495,0.789,1.422,0.927,4.037,1.082,1.981,0.678,1.667,0.701,2.607,NORMAL,94.4,Low,SEED
2026-05-30 14:31:40,SEED-307,2.254,43.56,1.102,1.278,0.745,2.411,1.141,1.969,0.855,1.256,0.775,4.263,NORMAL,71.2,Low,SEED
2026-05-30 14:41:40,SEED-308,2.429,39.249,1.04,1.162,0.835,3.336,1.143,2.331,0.874,1.749,0.733,3.271,NORMAL,77.9,Low,SEED
2026-05-30 14:51:40,SEED-309,2.268,37.588,0.715,1.259,0.776,3.499,1.076,2.41,0.808,1.655,0.619,3.716,NORMAL,79.9,Low,SEED
2026-05-30 15:01:40,SEED-310,3.169,58.346,0.565,0.863,0.349,5.613,0.569,3.422,0.488,1.042,0.401,4.563,BROKEN,76.4,High,SEED
2026-05-30 15:11:40,SEED-311,2.04,45.257,1.093,1.124,0.746,4.183,1.132,1.91,0.777,1.25,0.858,3.422,NORMAL,91.2,Low,SEED
2026-05-30 15:21:40,SEED-312,2.166,43.859,0.701,1.201,0.881,3.668,1.252,2.59,0.726,1.317,0.627,3.055,NORMAL,86.3,Low,SEED
2026-05-30 15:31:40,SEED-313,2.211,50.585,0.975,1.267,0.752,4.364,1.063,2.125,0.571,1.714,0.948,2.724,NORMAL,91.2,Low,SEED
2026-05-30 15:41:40,SEED-314,3.188,79.075,0.444,0.839,0.305,4.52,0.557,3.694,0.471,1.004,0.408,5.671,BROKEN,94.9,High,SEED
2026-05-30 15:51:40,SEED-315,2.251,30.621,1.145,1.013,0.608,4.363,1.195,1.885,0.642,1.582,0.888,4.017,NORMAL,82.5,Low,SEED
2026-05-30 16:01:40,SEED-316,2.592,40.099,0.769,1.291,0.67,4.004,1.254,2.467,0.87,1.27,0.803,4.399,NORMAL,81.9,Low,SEED
2026-05-30 16:11:40,SEED-317,2.474,49.432,0.931,1.186,0.943,3.898,1.156,2.154,0.514,1.385,0.653,3.103,NORMAL,81.1,Low,SEED
2026-05-30 16:21:40,SEED-318,2.999,75.44,0.566,0.879,0.431,4.985,0.533,3.527,0.44,1.051,0.401,5.689,BROKEN,90.8,High,SEED
2026-05-30 16:31:40,SEED-319,3.161,65.929,0.469,0.874,0.41,5.663,0.656,3.315,0.484,1.069,0.443,4.823,BROKEN,84.7,High,SEED
2026-05-30 16:41:40,SEED-320,2.362,63.259,0.725,1.051,0.495,3.698,0.795,2.215,0.668,1.319,0.664,3.756,RECOVERING,68.7,Medium,SEED
2026-05-30 16:51:40,SEED-321,1.841,33.948,1.199,1.401,0.623,2.892,0.906,2.61,0.647,1.65,0.997,2.868,NORMAL,76.6,Low,SEED
2026-05-30 17:01:40,SEED-322,1.625,35.187,1.141,1.449,0.761,2.662,0.917,2.626,0.84,1.396,0.646,3.321,NORMAL,93.2,Low,SEED
2026-05-30 17:11:40,SEED-323,3.275,71.511,0.572,0.806,0.471,5.219,0.539,3.183,0.485,0.873,0.44,5.144,BROKEN,90.0,High,SEED
2026-05-30 17:21:40,SEED-324,2.704,64.903,0.785,1.1,0.54,5.246,0.918,2.458,0.522,1.057,0.769,5.25,RECOVERING,69.0,Medium,SEED
2026-05-30 17:31:40,SEED-325,2.484,67.151,0.816,1.15,0.636,3.387,0.852,2.645,0.523,1.342,0.519,3.506,RECOVERING,68.7,Medium,SEED
2026-05-30 17:41:40,SEED-326,3.057,64.109,0.409,0.97,0.427,5.015,0.501,3.79,0.431,0.822,0.412,5.892,BROKEN,94.5,High,SEED
2026-05-30 17:51:40,SEED-327,1.804,39.242,0.832,1.467,0.624,4.084,1.221,2.537,0.745,1.311,0.651,4.064,NORMAL,87.9,Low,SEED
2026-05-30 18:01:40,SEED-328,2.834,45.842,0.706,1.188,0.476,3.377,1.0,2.426,0.606,1.249,0.791,4.745,RECOVERING,69.7,Medium,SEED
2026-05-30 18:11:40,SEED-329,2.939,64.74,0.503,0.827,0.36,5.184,0.644,3.406,0.359,1.133,0.424,5.773,BROKEN,77.5,High,SEED
2026-05-30 18:21:40,SEED-330,2.414,47.325,0.94,1.294,0.719,3.939,1.011,2.265,0.632,1.349,0.777,4.274,NORMAL,87.0,Low,SEED
2026-05-30 18:31:40,SEED-331,3.357,73.969,0.48,0.819,0.393,4.536,0.637,2.944,0.372,0.967,0.407,5.896,BROKEN,81.8,High,SEED
2026-05-30 18:41:40,SEED-332,3.124,72.767,0.501,0.995,0.335,4.869,0.676,3.875,0.344,0.995,0.513,4.655,BROKEN,73.3,High,SEED
2026-05-30 18:51:40,SEED-333,2.059,53.98,0.771,1.102,0.637,3.668,1.083,2.656,0.584,1.51,0.627,3.716,NORMAL,85.8,Low,SEED
2026-05-30 19:01:40,SEED-334,2.744,48.231,0.865,1.165,0.458,4.339,0.854,3.074,0.532,1.48,0.588,5.195,RECOVERING,69.7,Medium,SEED
2026-05-30 19:11:40,SEED-335,2.006,54.853,1.022,1.399,0.604,3.818,0.867,1.65,0.761,1.415,0.941,4.428,NORMAL,79.3,Low,SEED
2026-05-30 19:21:40,SEED-336,2.631,39.025,0.779,1.331,0.852,4.407,1.018,2.572,0.767,1.705,0.956,3.191,NORMAL,89.5,Low,SEED
2026-05-30 19:31:40,SEED-337,1.685,30.211,0.754,1.44,0.929,3.632,1.008,2.572,0.577,1.482,0.692,3.189,NORMAL,85.0,Low,SEED
2026-05-30 19:41:40,SEED-338,1.878,31.133,0.736,1.481,0.81,2.566,0.862,2.745,0.513,1.444,0.722,2.808,NORMAL,92.4,Low,SEED
2026-05-30 19:51:40,SEED-339,1.621,34.042,1.176,1.133,0.685,2.33,1.052,2.425,0.659,1.616,0.987,3.084,NORMAL,86.0,Low,SEED
2026-05-30 20:01:40,SEED-340,2.246,61.308,0.807,1.13,0.658,3.848,0.778,3.033,0.667,1.087,0.681,4.729,RECOVERING,69.0,Medium,SEED
2026-05-30 20:11:40,SEED-341,2.489,56.732,0.725,1.147,0.555,4.254,0.715,2.302,0.684,1.212,0.795,4.861,RECOVERING,69.0,Medium,SEED
2026-05-30 20:21:40,SEED-342,2.367,36.627,0.921,1.327,0.664,3.709,1.015,2.683,0.885,1.247,0.81,3.198,NORMAL,94.5,Low,SEED
2026-05-30 20:31:40,SEED-343,2.783,52.286,0.885,1.046,0.507,4.498,0.778,3.295,0.698,1.02,0.543,5.185,RECOVERING,69.0,Medium,SEED
2026-05-30 20:41:40,SEED-344,1.762,54.729,1.015,1.038,0.931,2.962,1.075,2.358,0.622,1.79,0.853,4.073,NORMAL,87.7,Low,SEED
2026-05-30 20:51:40,SEED-345,2.541,34.796,1.136,1.328,0.604,2.952,1.087,1.872,0.859,1.231,0.652,4.303,NORMAL,79.3,Low,SEED
2026-05-30 21:01:40,SEED-346,2.505,64.184,0.707,1.072,0.581,3.318,0.732,3.206,0.646,1.334,0.758,3.991,RECOVERING,68.7,Medium,SEED
2026-05-30 21:11:40,SEED-347,2.118,37.359,0.715,1.266,0.782,3.314,1.006,2.395,0.763,1.595,0.654,3.254,NORMAL,83.4,Low,SEED
2026-05-30 21:21:40,SEED-348,2.587,33.885,0.937,1.337,0.91,3.002,0.874,2.25,0.884,1.362,0.782,3.784,NORMAL,88.5,Low,SEED
2026-05-30 21:31:40,SEED-349,1.864,49.175,1.047,1.142,0.778,4.05,0.968,1.673,0.572,1.479,0.802,2.906,NORMAL,84.3,Low,SEED
2026-05-30 21:41:40,SEED-350,3.209,77.772,0.478,0.908,0.414,4.563,0.579,3.63,0.329,0.827,0.495,5.571,BROKEN,82.6,High,SEED
2026-05-30 21:51:40,SEED-351,2.352,52.994,1.04,1.466,0.807,2.874,1.257,2.569,0.891,1.578,0.885,2.783,NORMAL,83.2,Low,SEED
2026-05-30 22:01:40,SEED-352,1.991,49.424,1.079,1.457,0.788,3.754,0.92,2.77,0.589,1.784,0.884,4.489,NORMAL,74.3,Low,SEED
2026-05-30 22:11:40,SEED-353,3.402,66.266,0.594,0.952,0.408,5.729,0.655,2.818,0.363,0.812,0.489,5.608,BROKEN,81.2,High,SEED
2026-05-30 22:21:40,SEED-354,1.788,49.524,1.041,1.193,0.923,3.402,1.062,2.394,0.529,1.482,0.675,4.402,NORMAL,92.4,Low,SEED
2026-05-30 22:31:40,SEED-355,1.845,43.875,1.025,1.07,0.668,3.384,1.118,2.128,0.697,1.221,0.861,2.782,NORMAL,74.8,Low,SEED
2026-05-30 22:41:40,SEED-356,3.133,61.79,0.748,1.063,0.626,4.698,0.97,2.96,0.627,1.411,0.716,3.975,RECOVERING,69.0,Medium,SEED
2026-05-30 22:51:40,SEED-357,3.16,57.316,0.417,0.928,0.318,5.338,0.501,3.607,0.426,1.04,0.532,5.44,BROKEN,89.0,High,SEED
2026-05-30 23:01:40,SEED-358,1.521,35.843,0.738,1.485,0.933,2.201,1.13,1.786,0.539,1.567,0.738,3.507,NORMAL,80.6,Low,SEED
2026-05-30 23:11:40,SEED-359,2.991,76.487,0.495,0.84,0.346,5.428,0.651,3.057,0.334,0.981,0.513,5.536,BROKEN,85.3,High,SEED
2026-05-30 23:21:40,SEED-360,3.121,44.791,0.81,1.039,0.64,4.23,0.97,2.263,0.544,1.427,0.632,4.118,RECOVERING,68.0,Medium,SEED
2026-05-30 23:31:40,SEED-361,2.083,33.32,0.784,1.44,0.611,2.799,1.125,2.15,0.869,1.657,0.798,2.677,NORMAL,94.8,Low,SEED
2026-05-30 23:41:40,SEED-362,3.428,64.459,0.493,0.823,0.42,4.771,0.592,3.657,0.419,0.811,0.562,4.968,BROKEN,82.9,High,SEED
2026-05-30 23:51:40,SEED-363,2.248,57.867,0.844,0.943,0.64,4.829,0.806,2.378,0.51,1.469,0.75,3.518,RECOVERING,69.0,Medium,SEED
2026-05-31 00:01:40,SEED-364,2.923,46.564,0.796,1.206,0.688,3.749,0.823,2.562,0.665,1.348,0.6,3.632,RECOVERING,69.7,Medium,SEED
2026-05-31 00:11:40,SEED-365,1.554,46.493,1.181,1.031,0.606,2.836,0.993,2.01,0.533,1.722,0.739,2.891,NORMAL,80.7,Low,SEED
2026-05-31 00:21:40,SEED-366,2.816,62.97,0.517,0.995,0.372,5.135,0.555,3.15,0.399,0.995,0.425,5.887,BROKEN,77.0,High,SEED
2026-05-31 00:31:40,SEED-367,2.182,46.282,0.923,1.447,0.689,3.096,0.913,2.729,0.566,1.708,0.666,4.304,NORMAL,92.6,Low,SEED
2026-05-31 00:41:40,SEED-368,3.447,78.217,0.508,0.856,0.416,4.708,0.62,3.95,0.471,0.873,0.539,4.834,BROKEN,76.4,High,SEED
2026-05-31 00:51:40,SEED-369,1.628,41.121,1.172,1.161,0.902,3.78,1.211,2.18,0.559,1.532,0.957,3.77,NORMAL,86.4,Low,SEED
2026-05-31 01:01:40,SEED-370,2.283,58.62,0.615,1.036,0.743,3.332,0.848,2.186,0.646,1.013,0.779,5.459,RECOVERING,69.7,Medium,SEED
2026-05-31 01:11:40,SEED-371,3.134,72.727,0.503,0.964,0.471,4.603,0.661,3.417,0.435,0.802,0.57,4.694,BROKEN,90.4,High,SEED
2026-05-31 01:21:40,SEED-372,1.902,31.536,0.988,1.369,0.635,3.027,1.052,1.716,0.813,1.275,0.785,4.244,NORMAL,71.8,Low,SEED
2026-05-31 01:31:40,SEED-373,2.35,51.711,0.834,1.242,0.521,4.176,0.773,2.906,0.422,1.362,0.583,4.467,RECOVERING,69.3,Medium,SEED
2026-05-31 01:41:40,SEED-374,1.792,49.905,0.902,1.309,0.926,2.355,1.135,2.049,0.524,1.5,0.732,3.603,NORMAL,85.4,Low,SEED
2026-05-31 01:51:40,SEED-375,2.051,38.541,0.9,1.145,0.911,2.825,0.871,2.229,0.632,1.37,0.663,2.599,NORMAL,92.4,Low,SEED
2026-05-31 02:01:40,SEED-376,3.133,47.994,0.591,0.917,0.511,5.149,0.801,2.619,0.548,1.46,0.574,4.227,RECOVERING,70.0,Medium,SEED
2026-05-31 02:11:40,SEED-377,2.333,41.764,0.748,1.072,0.738,3.4,0.817,2.581,0.508,1.257,0.62,3.449,NORMAL,79.1,Low,SEED
2026-05-31 02:21:40,SEED-378,2.283,52.992,0.889,1.192,0.724,4.243,0.775,3.223,0.606,1.498,0.582,5.052,RECOVERING,69.3,Medium,SEED
2026-05-31 02:31:40,SEED-379,2.842,64.103,0.759,0.922,0.51,4.192,0.79,3.192,0.555,1.11,0.673,3.607,RECOVERING,69.0,Medium,SEED
2026-05-31 02:41:40,SEED-380,2.585,64.632,0.808,0.973,0.744,4.566,0.751,2.89,0.549,1.371,0.548,4.009,RECOVERING,69.0,Medium,SEED
2026-05-31 02:51:40,SEED-381,3.018,45.122,0.809,1.133,0.683,4.537,0.984,2.175,0.677,1.347,0.737,3.737,RECOVERING,68.0,Medium,SEED
2026-05-31 03:01:40,SEED-382,2.033,43.31,0.889,1.455,0.95,4.248,0.93,2.587,0.827,1.667,0.716,3.642,NORMAL,90.2,Low,SEED
2026-05-31 03:11:40,SEED-383,2.772,47.508,0.81,1.192,0.876,3.325,1.148,1.934,0.538,1.447,0.916,2.813,NORMAL,93.7,Low,SEED
2026-05-31 03:21:40,SEED-384,2.003,40.004,0.734,1.478,0.843,3.326,1.286,1.788,0.646,1.684,0.691,2.915,NORMAL,94.5,Low,SEED
2026-05-31 03:31:40,SEED-385,2.597,42.795,0.807,1.064,0.525,4.775,0.752,2.947,0.561,1.374,0.52,3.833,RECOVERING,68.3,Medium,SEED
2026-05-31 03:41:40,SEED-386,2.89,55.892,0.76,1.113,0.529,4.615,0.657,2.25,0.495,1.136,0.783,3.746,RECOVERING,69.0,Medium,SEED
2026-05-31 03:51:40,SEED-387,3.404,69.551,0.464,0.809,0.337,5.537,0.671,3.488,0.492,1.037,0.598,4.982,BROKEN,74.5,High,SEED
2026-05-31 04:01:40,SEED-388,1.818,47.944,0.786,1.032,0.976,4.392,1.118,2.67,0.615,1.545,0.699,2.683,NORMAL,82.2,Low,SEED
2026-05-31 04:11:40,SEED-389,2.579,35.108,0.967,1.009,0.729,4.48,0.94,2.262,0.811,1.648,0.692,3.044,NORMAL,82.7,Low,SEED
2026-05-31 04:21:40,SEED-390,3.078,66.346,0.693,1.221,0.587,4.594,0.826,3.181,0.509,1.103,0.534,5.231,RECOVERING,69.0,Medium,SEED
2026-05-31 04:31:40,SEED-391,1.757,48.955,1.046,1.007,0.984,2.367,1.064,2.391,0.552,1.603,0.73,3.5,NORMAL,70.2,Low,SEED
2026-05-31 04:41:40,SEED-392,1.945,35.01,1.157,1.476,0.787,2.909,0.946,2.481,0.808,1.272,0.831,4.226,NORMAL,90.6,Low,SEED
2026-05-31 04:51:40,SEED-393,2.606,45.658,0.872,1.106,0.959,3.545,0.999,2.385,0.821,1.683,0.601,2.821,NORMAL,88.6,Low,SEED
2026-05-31 05:01:40,SEED-394,2.509,34.948,0.732,1.095,0.742,4.418,1.15,1.713,0.563,1.489,0.648,3.661,NORMAL,73.4,Low,SEED
2026-05-31 05:11:40,SEED-395,2.62,43.012,0.943,1.108,0.819,3.34,0.897,2.145,0.71,1.252,0.977,3.109,NORMAL,87.4,Low,SEED
2026-05-31 05:21:40,SEED-396,1.962,49.228,0.931,1.447,0.76,3.955,1.134,1.62,0.69,1.5,0.78,3.482,NORMAL,93.5,Low,SEED
2026-05-31 05:31:40,SEED-397,2.585,48.113,0.746,1.417,0.653,2.306,1.051,2.693,0.653,1.536,0.638,3.056,NORMAL,90.4,Low,SEED
2026-05-31 05:41:40,SEED-398,2.346,61.131,0.607,1.103,0.481,4.58,0.965,2.835,0.536,1.25,0.603,5.289,RECOVERING,70.0,Medium,SEED
2026-05-31 05:51:40,SEED-399,2.39,41.979,0.769,1.269,0.967,3.887,0.873,2.525,0.815,1.789,0.894,3.399,NORMAL,80.3,Low,SEED
2026-05-31 06:01:40,SEED-400,1.847,53.816,0.833,1.005,0.753,3.7,1.232,1.534,0.654,1.624,0.755,3.919,NORMAL,74.7,Low,SEED
2026-05-31 06:11:40,SEED-401,2.613,32.774,1.095,1.302,0.686,3.802,0.817,1.85,0.735,1.665,0.793,2.949,NORMAL,84.9,Low,SEED
2026-05-31 06:21:40,SEED-402,2.447,42.76,0.803,1.034,0.931,2.783,1.187,1.543,0.729,1.563,0.843,4.017,NORMAL,80.1,Low,SEED
2026-05-31 06:31:40,SEED-403,2.73,66.026,0.7,1.214,0.474,3.385,0.748,2.457,0.416,1.195,0.525,4.521,RECOVERING,68.7,Medium,SEED
2026-05-31 06:41:40,SEED-404,2.94,60.514,0.477,0.827,0.311,4.893,0.537,3.792,0.325,1.199,0.475,5.182,BROKEN,75.5,High,SEED
2026-05-31 06:51:40,SEED-405,1.757,49.033,0.846,1.052,0.718,3.99,1.129,2.639,0.511,1.324,0.691,4.382,NORMAL,84.8,Low,SEED
2026-05-31 07:01:40,SEED-406,2.442,31.765,0.956,1.224,0.734,2.646,1.076,2.461,0.752,1.795,0.745,4.261,NORMAL,74.3,Low,SEED
2026-05-31 07:11:40,SEED-407,1.646,31.971,1.127,1.084,0.611,3.232,0.924,2.303,0.829,1.65,0.898,4.425,NORMAL,88.8,Low,SEED
2026-05-31 07:21:40,SEED-408,2.137,51.147,0.917,1.419,0.956,3.842,1.082,2.146,0.613,1.446,0.74,3.701,NORMAL,88.1,Low,SEED
2026-05-31 07:31:40,SEED-409,2.646,31.926,1.136,1.439,0.662,4.438,1.227,2.1,0.833,1.363,0.872,3.295,NORMAL,70.7,Low,SEED
2026-05-31 07:41:40,SEED-410,1.862,51.211,0.802,1.172,0.916,4.222,1.284,2.116,0.518,1.403,0.867,3.393,NORMAL,89.6,Low,SEED
2026-05-31 07:51:40,SEED-411,1.901,44.918,1.117,1.376,0.838,2.795,0.97,1.802,0.864,1.4,0.97,3.434,NORMAL,87.9,Low,SEED
2026-05-31 08:01:40,SEED-412,2.515,42.215,0.764,1.31,0.985,2.798,1.127,1.828,0.833,1.37,0.618,4.334,NORMAL,74.2,Low,SEED
2026-05-31 08:11:40,SEED-413,2.291,46.16,0.637,1.129,0.499,3.81,0.79,2.673,0.641,1.111,0.556,4.0,RECOVERING,71.0,Medium,SEED
2026-05-31 08:21:40,SEED-414,1.569,30.914,0.888,1.22,0.905,3.313,1.057,2.046,0.604,1.229,0.992,2.639,NORMAL,74.6,Low,SEED
2026-05-31 08:31:40,SEED-415,2.535,58.777,0.607,1.1,0.745,4.312,0.984,3.257,0.584,1.099,0.671,3.973,RECOVERING,69.0,Medium,SEED
2026-05-31 08:41:40,SEED-416,2.608,51.829,0.77,1.199,0.547,5.176,0.881,2.479,0.454,1.376,0.544,5.035,RECOVERING,69.3,Medium,SEED
2026-05-31 08:51:40,SEED-417,1.584,35.868,0.956,1.306,0.61,2.888,1.188,1.913,0.892,1.204,0.607,3.165,NORMAL,82.6,Low,SEED
2026-05-31 09:01:40,SEED-418,2.88,72.789,0.442,0.876,0.377,4.795,0.632,2.976,0.373,0.86,0.495,5.459,BROKEN,88.8,High,SEED
2026-05-31 09:11:40,SEED-419,2.253,51.517,1.005,1.472,0.703,2.874,1.212,1.61,0.855,1.756,0.713,3.723,NORMAL,73.4,Low,SEED
2026-05-31 09:21:40,SEED-420,2.883,61.62,0.456,0.879,0.319,4.826,0.567,2.913,0.305,1.138,0.409,5.343,BROKEN,93.1,High,SEED
2026-05-31 09:31:40,SEED-421,2.135,33.258,0.994,1.166,0.643,3.603,1.029,2.221,0.766,1.347,0.917,3.742,NORMAL,82.5,Low,SEED
2026-05-31 09:41:40,SEED-422,2.44,45.736,1.118,1.361,0.716,4.017,1.159,2.619,0.781,1.408,0.855,3.49,NORMAL,75.3,Low,SEED
2026-05-31 09:51:40,SEED-423,3.081,43.392,0.782,0.986,0.543,3.942,0.772,2.586,0.524,1.247,0.529,3.943,RECOVERING,67.7,Medium,SEED
2026-05-31 10:01:40,SEED-424,3.192,74.781,0.525,0.999,0.34,5.798,0.684,2.983,0.412,1.029,0.436,5.895,BROKEN,89.2,High,SEED
2026-05-31 10:11:40,SEED-425,2.277,41.132,0.762,1.347,0.61,3.409,1.107,1.614,0.681,1.45,0.788,3.945,NORMAL,73.9,Low,SEED
2026-05-31 10:21:40,SEED-426,1.774,48.951,1.158,1.045,0.932,2.121,1.263,1.726,0.502,1.294,0.949,3.057,NORMAL,75.1,Low,SEED
2026-05-31 10:31:40,SEED-427,3.208,75.2,0.589,0.935,0.326,4.682,0.663,3.568,0.35,0.969,0.489,4.874,BROKEN,72.9,High,SEED
2026-05-31 10:41:40,SEED-428,2.535,54.105,1.028,1.098,0.838,2.334,0.922,1.77,0.625,1.523,0.675,4.125,NORMAL,94.0,Low,SEED
2026-05-31 10:51:40,SEED-429,3.064,61.146,0.585,0.904,0.44,5.077,0.584,3.043,0.316,0.995,0.573,5.835,BROKEN,93.2,High,SEED
2026-05-31 11:01:40,SEED-430,1.912,45.78,0.823,1.382,0.89,2.91,0.954,2.596,0.521,1.458,0.816,3.453,NORMAL,78.3,Low,SEED
2026-05-31 11:11:40,SEED-431,3.045,55.654,0.516,0.893,0.452,4.889,0.618,2.856,0.495,0.863,0.535,6.382,BROKEN,93.0,High,SEED
2026-05-31 11:21:40,SEED-432,3.451,61.621,0.429,0.947,0.386,5.833,0.642,3.798,0.439,0.899,0.425,5.482,BROKEN,90.3,High,SEED
2026-05-31 11:31:40,SEED-433,2.023,44.303,0.763,1.266,0.878,2.038,0.82,2.699,0.505,1.302,0.709,3.347,NORMAL,71.7,Low,SEED
2026-05-31 11:41:40,SEED-434,2.305,34.0,1.153,1.145,0.635,4.238,1.243,1.848,0.532,1.511,0.998,3.869,NORMAL,93.8,Low,SEED
2026-05-31 11:51:40,SEED-435,2.366,36.778,0.75,1.486,0.707,2.086,1.221,1.751,0.865,1.344,0.65,3.017,NORMAL,80.5,Low,SEED
2026-05-31 12:01:40,SEED-436,2.873,66.56,0.531,0.881,0.35,5.497,0.671,3.937,0.388,1.061,0.583,4.81,BROKEN,91.8,High,SEED
2026-05-31 12:11:40,SEED-437,3.04,57.171,0.489,0.909,0.499,4.838,0.594,3.911,0.455,0.913,0.551,5.15,BROKEN,72.3,High,SEED
2026-05-31 12:21:40,SEED-438,1.944,30.006,0.754,1.406,0.951,3.009,0.927,1.597,0.754,1.788,0.957,3.176,NORMAL,71.9,Low,SEED
2026-05-31 12:31:40,SEED-439,1.554,45.95,1.161,1.187,0.701,3.892,0.956,1.58,0.539,1.525,0.975,3.624,NORMAL,72.8,Low,SEED
2026-05-31 12:41:40,SEED-440,2.142,42.2,0.735,1.123,0.813,4.014,1.053,2.33,0.86,1.282,0.883,4.289,NORMAL,94.4,Low,SEED
2026-05-31 12:51:40,SEED-441,2.362,51.951,0.913,1.438,0.758,2.984,1.188,2.224,0.552,1.708,0.613,3.841,NORMAL,85.7,Low,SEED
2026-05-31 13:01:40,SEED-442,2.644,52.228,0.599,1.082,0.569,3.555,0.791,2.65,0.403,1.108,0.625,3.993,RECOVERING,68.7,Medium,SEED
2026-05-31 13:11:40,SEED-443,2.243,52.469,0.904,1.345,0.739,2.815,0.875,2.485,0.72,1.381,0.804,3.081,NORMAL,87.8,Low,SEED
2026-05-31 13:21:40,SEED-444,3.101,68.038,0.479,0.896,0.481,5.608,0.552,3.013,0.354,1.0,0.413,5.557,BROKEN,76.6,High,SEED
2026-05-31 13:31:40,SEED-445,1.713,31.834,0.912,1.44,0.855,3.453,1.266,1.971,0.853,1.426,0.977,2.582,NORMAL,78.3,Low,SEED
2026-05-31 13:41:40,SEED-446,1.952,53.119,1.155,1.122,0.632,4.017,1.124,2.536,0.798,1.592,0.705,4.086,NORMAL,79.2,Low,SEED
2026-05-31 13:51:40,SEED-447,1.807,44.667,0.783,1.442,0.664,3.488,1.124,2.663,0.835,1.523,0.749,3.609,NORMAL,88.8,Low,SEED
2026-05-31 14:01:40,SEED-448,2.239,61.807,0.805,0.953,0.736,4.242,0.698,2.971,0.567,1.17,0.781,5.283,RECOVERING,69.7,Medium,SEED
2026-05-31 14:11:40,SEED-449,3.052,68.675,0.528,0.933,0.31,4.935,0.539,3.79,0.301,0.958,0.509,5.686,BROKEN,84.1,High,SEED
2026-05-31 14:21:40,SEED-450,1.79,31.8,1.141,1.326,0.649,2.002,1.158,1.614,0.553,1.725,0.936,3.621,NORMAL,85.5,Low,SEED
2026-05-31 14:31:40,SEED-451,2.608,53.773,0.841,1.097,0.816,3.664,1.279,2.187,0.863,1.539,0.924,3.744,NORMAL,77.9,Low,SEED
2026-05-31 14:41:40,SEED-452,2.394,43.501,1.165,1.193,0.954,2.226,1.069,1.891,0.567,1.297,0.827,3.176,NORMAL,79.5,Low,SEED
2026-05-31 14:51:40,SEED-453,2.896,57.94,0.439,0.968,0.396,5.832,0.512,2.864,0.388,0.967,0.577,6.238,BROKEN,92.8,High,SEED
2026-05-31 15:01:40,SEED-454,2.559,52.916,0.721,1.082,0.58,4.915,0.896,2.713,0.518,1.052,0.586,4.909,RECOVERING,69.0,Medium,SEED
2026-05-31 15:11:40,SEED-455,1.964,51.514,1.038,1.252,0.988,2.746,1.124,2.295,0.84,1.504,0.873,3.529,NORMAL,90.6,Low,SEED
2026-05-31 15:21:40,SEED-456,1.879,33.364,0.765,1.393,0.641,3.706,1.179,1.501,0.589,1.404,0.731,2.997,NORMAL,90.5,Low,SEED
2026-05-31 15:31:40,SEED-457,3.16,78.008,0.476,0.876,0.346,5.485,0.504,2.971,0.455,0.838,0.558,4.701,BROKEN,74.2,High,SEED
2026-05-31 15:41:40,SEED-458,2.54,43.998,0.892,1.135,0.642,5.218,0.677,2.293,0.483,1.112,0.653,4.579,RECOVERING,68.3,Medium,SEED
2026-05-31 15:51:40,SEED-459,2.455,34.255,1.184,1.189,0.6,4.211,1.169,1.869,0.827,1.209,0.861,2.671,NORMAL,78.2,Low,SEED
2026-05-31 16:01:40,SEED-460,2.456,32.317,0.732,1.356,0.907,3.627,1.077,2.604,0.879,1.651,0.663,3.719,NORMAL,81.0,Low,SEED
2026-05-31 16:11:40,SEED-461,2.175,44.817,1.121,1.222,0.766,2.229,1.217,2.422,0.782,1.21,0.967,3.646,NORMAL,70.9,Low,SEED
2026-05-31 16:21:40,SEED-462,2.709,46.565,0.724,1.069,0.908,2.246,1.27,2.286,0.501,1.644,0.882,4.399,NORMAL,71.5,Low,SEED
2026-05-31 16:31:40,SEED-463,2.406,54.462,0.859,1.232,0.695,3.648,0.984,2.402,0.45,1.353,0.567,5.453,RECOVERING,68.7,Medium,SEED
2026-05-31 16:41:40,SEED-464,1.844,51.247,0.726,1.304,0.647,4.451,1.242,2.464,0.663,1.333,0.869,4.217,NORMAL,74.4,Low,SEED
2026-05-31 16:51:40,SEED-465,1.826,52.348,1.136,1.233,0.787,3.511,1.255,1.668,0.882,1.504,0.632,2.862,NORMAL,78.0,Low,SEED
2026-05-31 17:01:40,SEED-466,2.789,43.833,0.974,1.187,0.798,4.487,0.806,1.887,0.691,1.543,0.754,2.919,NORMAL,79.4,Low,SEED
2026-05-31 17:11:40,SEED-467,2.403,37.861,1.018,1.465,0.818,2.725,0.858,2.437,0.548,1.336,0.933,4.492,NORMAL,92.4,Low,SEED
2026-05-31 17:21:40,SEED-468,3.144,55.832,0.53,0.899,0.344,5.558,0.618,3.35,0.485,1.039,0.459,4.765,BROKEN,79.0,High,SEED
2026-05-31 17:31:40,SEED-469,1.517,54.573,0.989,1.144,0.633,3.649,0.892,2.549,0.615,1.302,0.612,4.254,NORMAL,88.9,Low,SEED
2026-05-31 17:41:40,SEED-470,3.463,70.499,0.584,0.892,0.379,5.33,0.675,3.6,0.411,1.016,0.555,5.266,BROKEN,81.4,High,SEED
2026-05-31 17:51:40,SEED-471,3.333,58.585,0.548,0.82,0.405,4.905,0.531,3.117,0.377,0.895,0.466,5.456,BROKEN,72.4,High,SEED
2026-05-31 18:01:40,SEED-472,2.519,64.156,0.763,1.226,0.591,5.073,0.659,2.883,0.504,1.033,0.654,4.724,RECOVERING,69.0,Medium,SEED
2026-05-31 18:11:40,SEED-473,1.813,45.567,0.865,1.358,0.727,3.169,0.945,2.592,0.715,1.253,0.823,3.759,NORMAL,84.9,Low,SEED
2026-05-31 18:21:40,SEED-474,1.687,32.942,0.921,1.366,0.974,3.836,1.208,1.799,0.769,1.499,0.735,2.796,NORMAL,80.7,Low,SEED
2026-05-31 18:31:40,SEED-475,2.712,48.12,0.87,1.062,0.61,4.16,0.783,3.353,0.585,1.415,0.636,4.415,RECOVERING,69.7,Medium,SEED
2026-05-31 18:41:40,SEED-476,3.065,57.599,0.407,0.974,0.47,4.821,0.613,3.984,0.357,1.005,0.489,6.118,BROKEN,91.5,High,SEED
2026-05-31 18:51:40,SEED-477,1.803,34.721,1.027,1.253,0.806,4.074,1.064,1.526,0.625,1.412,0.853,3.746,NORMAL,76.5,Low,SEED
2026-05-31 19:01:40,SEED-478,2.613,45.05,0.815,1.2,0.569,4.364,0.714,3.261,0.416,1.372,0.618,4.639,RECOVERING,68.0,Medium,SEED
2026-05-31 19:11:40,SEED-479,2.247,50.332,0.814,1.221,0.818,3.521,0.857,1.571,0.79,1.796,0.772,3.94,NORMAL,75.3,Low,SEED
2026-05-31 19:21:40,SEED-480,2.627,55.563,0.827,1.032,0.628,5.214,0.715,3.176,0.566,1.173,0.711,3.549,RECOVERING,69.0,Medium,SEED
2026-05-31 19:31:40,SEED-481,2.555,40.319,1.098,1.367,0.624,3.272,1.271,2.742,0.658,1.495,0.703,3.35,NORMAL,89.3,Low,SEED
2026-05-31 19:41:40,SEED-482,2.149,52.324,0.892,1.398,0.999,3.632,0.939,1.621,0.617,1.744,0.642,4.301,NORMAL,71.3,Low,SEED
2026-05-31 19:51:40,SEED-483,2.747,54.43,1.125,1.117,0.948,3.417,1.204,1.728,0.53,1.247,0.922,3.591,NORMAL,75.3,Low,SEED
2026-05-31 20:01:40,SEED-484,2.349,45.224,0.932,1.185,0.985,3.668,1.297,2.235,0.548,1.746,0.851,3.616,NORMAL,74.4,Low,SEED
2026-05-31 20:11:40,SEED-485,3.332,68.299,0.45,0.986,0.479,4.754,0.7,3.198,0.461,1.054,0.435,4.763,BROKEN,85.1,High,SEED
2026-05-31 20:21:40,SEED-486,2.138,41.732,1.07,1.392,0.978,3.329,1.272,2.373,0.676,1.337,0.782,3.647,NORMAL,91.7,Low,SEED
2026-05-31 20:31:40,SEED-487,2.077,31.54,0.871,1.169,0.835,3.788,1.095,1.923,0.871,1.439,0.73,3.144,NORMAL,71.1,Low,SEED
2026-05-31 20:41:40,SEED-488,2.392,54.984,0.632,1.204,0.49,3.596,0.675,3.189,0.428,1.008,0.516,3.549,RECOVERING,68.7,Medium,SEED
2026-05-31 20:51:40,SEED-489,3.435,68.49,0.564,0.935,0.457,4.808,0.689,2.961,0.346,1.135,0.548,6.144,BROKEN,91.2,High,SEED
2026-05-31 21:01:40,SEED-490,2.523,52.681,1.074,1.097,0.909,3.504,0.894,2.403,0.622,1.69,0.602,2.877,NORMAL,91.2,Low,SEED
2026-05-31 21:11:40,SEED-491,3.387,73.877,0.476,0.946,0.481,5.087,0.514,3.16,0.335,1.091,0.543,6.374,BROKEN,76.8,High,SEED
2026-05-31 21:21:40,SEED-492,1.824,44.874,0.769,1.455,0.758,4.256,0.854,2.369,0.691,1.623,0.806,3.302,NORMAL,87.0,Low,SEED
2026-05-31 21:31:40,SEED-493,3.117,55.892,0.706,1.204,0.742,4.934,0.874,2.989,0.465,1.115,0.775,5.487,RECOVERING,69.0,Medium,SEED
2026-05-31 21:41:40,SEED-494,3.015,55.822,0.594,0.999,0.445,4.52,0.642,3.205,0.347,0.833,0.504,4.713,BROKEN,74.9,High,SEED
2026-05-31 21:51:40,SEED-495,2.34,60.214,0.62,1.132,0.456,4.241,0.743,2.672,0.54,1.436,0.577,4.88,RECOVERING,69.0,Medium,SEED
2026-05-31 22:01:40,SEED-496,2.332,38.032,0.774,1.11,0.891,3.022,1.217,1.827,0.853,1.38,0.697,3.271,NORMAL,92.6,Low,SEED
2026-05-31 22:11:40,SEED-497,3.476,70.519,0.546,0.873,0.36,5.998,0.528,2.952,0.481,1.132,0.45,4.658,BROKEN,76.9,High,SEED
2026-05-31 22:21:40,SEED-498,1.703,33.098,0.905,1.38,0.726,2.476,0.94,1.791,0.781,1.78,0.888,3.116,NORMAL,80.9,Low,SEED
2026-05-31 22:31:40,SEED-499,1.866,34.242,1.154,1.228,0.665,4.429,1.229,2.251,0.875,1.798,0.804,3.985,NORMAL,91.9,Low,SEED
2026-05-31 22:41:40,SEED-500,1.7,44.093,0.814,1.133,0.688,3.672,1.059,1.646,0.516,1.421,0.808,2.836,NORMAL,94.7,Low,SEED
2026-05-31 22:51:40,SEED-501,2.688,40.474,0.922,1.185,0.652,2.612,1.214,1.781,0.839,1.265,0.996,4.169,NORMAL,86.6,Low,SEED
2026-05-31 23:01:40,SEED-502,1.74,35.284,1.088,1.424,0.717,2.954,1.041,2.682,0.666,1.375,0.806,2.894,NORMAL,72.5,Low,SEED
2026-05-31 23:11:40,SEED-503,2.716,50.858,1.198,1.245,0.63,2.838,1.044,2.688,0.824,1.324,0.863,3.688,NORMAL,76.9,Low,SEED
2026-05-31 23:21:40,SEED-504,2.249,43.652,0.718,1.352,0.686,3.151,1.144,2.039,0.848,1.651,0.814,3.661,NORMAL,83.5,Low,SEED
2026-05-31 23:31:40,SEED-505,1.719,52.698,1.106,1.148,0.894,2.183,1.262,1.79,0.68,1.66,0.752,4.263,NORMAL,82.7,Low,SEED
2026-05-31 23:41:40,SEED-506,2.396,40.753,0.846,1.211,0.901,4.097,1.225,1.991,0.596,1.735,0.601,2.615,NORMAL,84.0,Low,SEED
2026-05-31 23:51:40,SEED-507,2.199,66.686,0.623,0.944,0.6,4.541,0.739,2.334,0.556,1.01,0.501,5.274,RECOVERING,68.7,Medium,SEED
2026-06-01 00:01:40,SEED-508,2.481,49.203,1.197,1.405,0.879,3.994,0.858,2.279,0.853,1.523,0.713,3.729,NORMAL,73.7,Low,SEED
2026-06-01 00:11:40,SEED-509,2.364,57.267,0.886,1.209,0.632,5.098,0.776,2.268,0.488,1.069,0.642,3.749,RECOVERING,69.0,Medium,SEED
2026-06-01 00:21:40,SEED-510,2.04,31.076,1.101,1.174,0.826,3.686,1.263,2.129,0.622,1.48,0.829,3.863,NORMAL,81.4,Low,SEED
2026-06-01 00:31:40,SEED-511,3.213,68.765,0.446,0.894,0.392,5.327,0.662,3.479,0.49,0.866,0.422,5.089,BROKEN,73.9,High,SEED
2026-06-01 00:41:40,SEED-512,2.105,49.697,1.187,1.393,0.79,4.252,1.259,2.262,0.735,1.725,0.811,3.266,NORMAL,74.6,Low,SEED
2026-06-01 00:51:40,SEED-513,2.412,50.891,1.005,1.245,0.974,2.786,0.901,2.261,0.656,1.303,0.793,4.208,NORMAL,80.8,Low,SEED
2026-06-01 01:01:40,SEED-514,2.091,31.489,1.091,1.058,0.937,2.817,1.074,2.341,0.886,1.295,0.8,4.251,NORMAL,73.9,Low,SEED
2026-06-01 01:11:40,SEED-515,2.157,39.248,0.798,1.124,0.95,4.161,1.136,1.605,0.804,1.771,0.761,3.584,NORMAL,88.7,Low,SEED
2026-06-01 01:21:40,SEED-516,3.106,61.316,0.738,1.194,0.525,3.509,0.978,2.738,0.552,1.277,0.575,4.555,RECOVERING,68.7,Medium,SEED
2026-06-01 01:31:40,SEED-517,2.597,64.761,0.705,1.06,0.582,4.016,0.893,2.658,0.561,1.257,0.767,5.176,RECOVERING,68.7,Medium,SEED
2026-06-01 01:41:40,SEED-518,2.356,49.807,0.673,1.123,0.494,4.002,0.949,3.156,0.412,1.28,0.548,4.381,RECOVERING,70.3,Medium,SEED
2026-06-01 01:51:40,SEED-519,3.306,64.611,0.471,0.857,0.446,5.863,0.606,3.078,0.489,1.067,0.543,4.602,BROKEN,81.0,High,SEED
2026-06-01 02:01:40,SEED-520,3.083,57.63,0.44,0.983,0.378,5.144,0.583,3.309,0.319,0.811,0.499,4.872,BROKEN,78.9,High,SEED
2026-06-01 02:11:40,SEED-521,2.988,75.387,0.471,0.989,0.331,5.542,0.69,3.931,0.314,1.11,0.559,4.739,BROKEN,87.3,High,SEED
2026-06-01 02:21:40,SEED-522,3.006,55.445,0.694,1.181,0.623,3.617,0.704,2.169,0.49,1.357,0.674,5.245,RECOVERING,68.7,Medium,SEED
2026-06-01 02:31:40,SEED-523,2.604,44.224,0.855,1.362,0.761,2.735,1.103,1.748,0.785,1.324,0.871,4.083,NORMAL,86.9,Low,SEED
2026-06-01 02:41:40,SEED-524,1.541,40.956,0.813,1.035,0.754,4.257,0.832,2.691,0.892,1.268,0.787,2.921,NORMAL,76.2,Low,SEED
2026-06-01 02:51:40,SEED-525,2.985,57.155,0.666,0.937,0.468,4.551,0.804,2.222,0.406,1.152,0.571,4.271,RECOVERING,69.0,Medium,SEED
2026-06-01 03:01:40,SEED-526,2.159,49.07,0.726,1.097,0.885,2.869,1.212,1.968,0.854,1.408,0.918,3.966,NORMAL,77.5,Low,SEED
2026-06-01 03:11:40,SEED-527,1.711,43.371,0.947,1.215,0.634,3.154,0.877,2.157,0.789,1.505,0.619,3.875,NORMAL,83.9,Low,SEED
2026-06-01 03:21:40,SEED-528,3.46,75.676,0.453,0.962,0.473,4.767,0.579,3.579,0.33,1.02,0.403,4.977,BROKEN,74.7,High,SEED
2026-06-01 03:31:40,SEED-529,2.209,47.807,0.851,1.289,0.993,3.729,1.149,2.278,0.775,1.599,0.663,2.825,NORMAL,79.2,Low,SEED
2026-06-01 03:41:40,SEED-530,2.349,40.33,1.193,1.044,0.65,2.564,0.919,1.737,0.558,1.273,0.937,3.471,NORMAL,83.7,Low,SEED
2026-06-01 03:51:40,SEED-531,2.66,60.413,0.749,1.18,0.666,5.027,0.744,3.081,0.428,1.399,0.543,3.708,RECOVERING,69.0,Medium,SEED
2026-06-01 04:01:40,SEED-532,2.815,56.195,0.79,1.114,0.488,3.832,0.722,2.743,0.607,1.335,0.74,3.619,RECOVERING,68.7,Medium,SEED
2026-06-01 04:11:40,SEED-533,2.586,37.738,0.766,1.106,0.604,2.893,1.16,1.785,0.726,1.732,0.774,4.269,NORMAL,77.1,Low,SEED
2026-06-01 04:21:40,SEED-534,2.588,64.192,0.838,1.242,0.712,4.967,0.8,3.255,0.493,1.336,0.545,4.605,RECOVERING,69.0,Medium,SEED
2026-06-01 04:31:40,SEED-535,2.06,31.953,1.055,1.234,0.71,2.321,0.887,2.64,0.795,1.724,0.642,2.676,NORMAL,73.2,Low,SEED
2026-06-01 04:41:40,SEED-536,2.095,53.555,1.006,1.119,0.669,3.914,0.999,2.599,0.771,1.58,0.797,4.222,NORMAL,91.5,Low,SEED
2026-06-01 04:51:40,SEED-537,1.645,33.207,1.051,1.169,0.802,3.409,1.058,2.511,0.655,1.705,0.642,3.412,NORMAL,76.9,Low,SEED
2026-06-01 05:01:40,SEED-538,1.623,36.052,0.766,1.302,0.879,3.754,1.103,2.274,0.775,1.781,0.883,3.999,NORMAL,79.4,Low,SEED
2026-06-01 05:11:40,SEED-539,1.613,36.872,1.107,1.477,0.912,4.355,1.229,1.912,0.862,1.524,0.603,3.89,NORMAL,93.2,Low,SEED
2026-06-01 05:21:40,SEED-540,2.39,61.991,0.872,0.943,0.454,3.963,0.749,2.638,0.408,1.216,0.555,4.825,RECOVERING,69.7,Medium,SEED
2026-06-01 05:31:40,SEED-541,2.52,47.631,0.731,1.382,0.914,2.342,1.036,2.741,0.616,1.345,0.76,4.194,NORMAL,81.0,Low,SEED
2026-06-01 05:41:40,SEED-542,2.962,59.135,0.457,0.928,0.412,5.883,0.641,3.573,0.431,1.133,0.561,5.396,BROKEN,81.4,High,SEED
2026-06-01 05:51:40,SEED-543,2.262,48.103,1.06,1.353,0.913,4.089,1.177,2.669,0.581,1.465,0.742,4.07,NORMAL,84.1,Low,SEED
2026-06-01 06:01:40,SEED-544,1.796,38.587,0.972,1.198,0.728,4.258,1.02,1.643,0.815,1.668,0.795,2.789,NORMAL,86.1,Low,SEED
2026-06-01 06:11:40,SEED-545,2.53,42.826,1.168,1.049,0.8,3.055,1.25,1.907,0.53,1.381,0.835,4.068,NORMAL,77.8,Low,SEED
2026-06-01 06:21:40,SEED-546,2.532,48.053,1.024,1.316,0.779,2.259,1.129,1.666,0.513,1.298,0.609,2.587,NORMAL,83.7,Low,SEED
2026-06-01 06:31:40,SEED-547,2.935,78.252,0.436,0.945,0.32,4.653,0.681,3.637,0.491,1.169,0.592,5.38,BROKEN,78.4,High,SEED
2026-06-01 06:41:40,SEED-548,3.054,55.657,0.576,0.909,0.476,5.501,0.615,3.158,0.499,0.975,0.549,5.986,BROKEN,87.7,High,SEED
2026-06-01 06:51:40,SEED-549,3.189,59.196,0.497,0.87,0.455,4.912,0.589,3.617,0.474,1.144,0.593,5.953,BROKEN,74.9,High,SEED
2026-06-01 07:01:40,SEED-550,3.157,67.876,0.494,0.962,0.335,5.057,0.649,2.975,0.45,0.849,0.578,5.944,BROKEN,81.9,High,SEED
2026-06-01 07:11:40,SEED-551,2.278,34.225,1.048,1.188,0.823,4.232,1.239,1.678,0.633,1.288,0.8,3.747,NORMAL,77.0,Low,SEED
2026-06-01 07:21:40,SEED-552,1.643,53.759,0.858,1.48,0.661,4.04,1.12,2.323,0.656,1.388,0.932,3.527,NORMAL,87.2,Low,SEED
2026-06-01 07:31:40,SEED-553,1.787,45.352,0.722,1.3,0.819,3.289,0.982,2.393,0.67,1.237,0.651,2.985,NORMAL,84.0,Low,SEED
2026-06-01 07:41:40,SEED-554,1.813,31.89,0.964,1.37,0.89,2.173,1.149,1.968,0.548,1.31,0.892,3.47,NORMAL,71.0,Low,SEED
2026-06-01 07:51:40,SEED-555,2.942,75.131,0.401,0.863,0.303,4.522,0.512,3.123,0.301,1.17,0.418,5.224,BROKEN,85.3,High,SEED
2026-06-01 08:01:40,SEED-556,1.955,42.702,0.71,1.277,0.681,2.771,1.14,1.829,0.6,1.775,0.752,4.381,NORMAL,89.1,Low,SEED
2026-06-01 08:11:40,SEED-557,2.159,30.956,1.048,1.299,0.899,2.23,1.083,1.542,0.503,1.233,0.703,3.096,NORMAL,88.9,Low,SEED
2026-06-01 08:21:40,SEED-558,2.219,41.825,0.918,1.003,0.913,3.445,1.032,2.363,0.633,1.454,0.661,3.837,NORMAL,83.0,Low,SEED
2026-06-01 08:31:40,SEED-559,1.9,51.557,1.176,1.007,0.747,2.282,0.919,2.508,0.675,1.561,0.837,3.344,NORMAL,73.9,Low,SEED
2026-06-01 08:41:40,SEED-560,2.478,50.52,0.852,0.927,0.629,4.706,0.824,2.65,0.606,1.402,0.596,4.026,RECOVERING,69.7,Medium,SEED
2026-06-01 08:51:40,SEED-561,1.904,35.714,0.944,1.336,0.859,2.313,1.171,1.547,0.881,1.753,0.694,4.449,NORMAL,78.2,Low,SEED
2026-06-01 09:01:40,SEED-562,1.675,44.463,0.713,1.408,0.649,4.189,1.078,2.361,0.666,1.289,0.849,3.858,NORMAL,79.1,Low,SEED
2026-06-01 09:11:40,SEED-563,2.325,49.972,0.833,1.079,0.694,2.343,0.855,1.861,0.544,1.597,0.647,3.909,NORMAL,91.3,Low,SEED
2026-06-01 09:21:40,SEED-564,2.612,45.669,0.773,1.051,0.728,3.812,0.951,3.217,0.691,1.49,0.665,4.465,RECOVERING,69.7,Medium,SEED
2026-06-01 09:31:40,SEED-565,1.523,41.614,1.123,1.343,0.756,3.395,1.227,2.691,0.612,1.62,0.678,3.255,NORMAL,81.3,Low,SEED
2026-06-01 09:41:40,SEED-566,2.749,63.206,0.651,0.9,0.525,4.183,0.978,2.776,0.656,1.492,0.515,3.977,RECOVERING,69.0,Medium,SEED
2026-06-01 09:51:40,SEED-567,1.512,37.863,1.189,1.422,0.788,3.0,0.886,1.579,0.896,1.366,0.895,3.426,NORMAL,81.3,Low,SEED
2026-06-01 10:01:40,SEED-568,2.254,47.606,0.985,1.469,0.691,2.493,1.252,2.469,0.608,1.274,0.903,3.981,NORMAL,70.2,Low,SEED
2026-06-01 10:11:40,SEED-569,2.007,54.567,0.992,1.143,0.903,2.111,0.885,1.771,0.849,1.552,0.846,2.507,NORMAL,82.7,Low,SEED
2026-06-01 10:21:40,SEED-570,1.626,54.511,0.947,1.114,0.807,2.368,0.864,2.088,0.889,1.346,0.884,3.809,NORMAL,80.4,Low,SEED
2026-06-01 10:31:40,SEED-571,2.686,55.506,0.876,1.078,0.732,3.655,0.988,3.198,0.611,1.47,0.58,3.778,RECOVERING,68.7,Medium,SEED
2026-06-01 10:41:40,SEED-572,1.829,41.866,0.833,1.248,0.96,2.737,0.924,1.985,0.778,1.302,0.762,3.077,NORMAL,72.5,Low,SEED
2026-06-01 10:51:40,SEED-573,1.618,45.624,0.701,1.34,0.943,2.386,1.017,1.604,0.547,1.403,0.75,4.078,NORMAL,92.8,Low,SEED
2026-06-01 11:01:40,SEED-574,3.277,76.724,0.563,0.835,0.387,5.961,0.609,3.998,0.392,0.859,0.523,5.966,BROKEN,75.2,High,SEED
2026-06-01 11:11:40,SEED-575,2.344,38.155,0.743,1.253,0.688,2.745,1.084,1.687,0.624,1.631,0.878,3.031,NORMAL,84.9,Low,SEED
2026-06-01 11:21:40,SEED-576,1.804,34.894,1.077,1.083,0.606,3.952,1.009,2.127,0.784,1.21,0.762,2.907,NORMAL,72.1,Low,SEED
2026-06-01 11:31:40,SEED-577,1.874,32.08,0.906,1.099,0.963,2.694,0.866,1.764,0.891,1.523,0.87,3.931,NORMAL,82.3,Low,SEED
2026-06-01 11:41:40,SEED-578,2.602,45.165,0.896,1.265,0.969,3.098,0.995,2.409,0.579,1.343,0.886,3.685,NORMAL,90.2,Low,SEED
2026-06-01 11:51:40,SEED-579,2.165,37.633,0.836,1.359,0.696,4.11,1.048,2.554,0.857,1.515,0.653,3.85,NORMAL,90.6,Low,SEED
2026-06-01 12:01:40,SEED-580,3.17,64.345,0.43,0.956,0.476,5.479,0.526,3.761,0.332,0.932,0.562,5.141,BROKEN,84.9,High,SEED
2026-06-01 12:11:40,SEED-581,2.257,38.302,1.123,1.016,0.672,3.945,1.177,2.289,0.775,1.734,0.662,3.155,NORMAL,79.4,Low,SEED
2026-06-01 12:21:40,SEED-582,2.596,38.182,0.753,1.18,0.852,3.514,1.225,2.149,0.818,1.555,0.999,3.796,NORMAL,82.5,Low,SEED
2026-06-01 12:31:40,SEED-583,1.529,52.011,0.933,1.404,0.999,4.224,1.092,2.138,0.82,1.459,0.668,2.902,NORMAL,84.6,Low,SEED
2026-06-01 12:41:40,SEED-584,3.117,42.749,0.796,0.918,0.604,5.039,0.748,3.31,0.525,1.414,0.622,4.669,RECOVERING,68.3,Medium,SEED
2026-06-01 12:51:40,SEED-585,2.961,60.183,0.711,1.07,0.549,4.469,0.911,2.663,0.683,1.006,0.594,3.95,RECOVERING,69.0,Medium,SEED
2026-06-01 13:01:40,SEED-586,2.397,40.542,0.879,1.359,0.693,3.663,0.814,2.716,0.533,1.589,0.605,2.647,NORMAL,84.5,Low,SEED
2026-06-01 13:11:40,SEED-587,2.733,45.369,0.836,0.961,0.529,4.996,0.738,2.804,0.534,1.066,0.553,5.087,RECOVERING,68.7,Medium,SEED
2026-06-01 13:21:40,SEED-588,2.568,30.158,1.13,1.434,0.605,2.036,1.032,2.31,0.585,1.523,0.713,2.647,NORMAL,79.7,Low,SEED
2026-06-01 13:31:40,SEED-589,2.338,50.703,0.917,1.494,0.971,4.067,0.948,1.541,0.534,1.679,0.855,2.613,NORMAL,86.6,Low,SEED
2026-06-01 13:41:40,SEED-590,2.534,64.884,0.689,1.171,0.575,5.215,0.735,2.85,0.44,1.02,0.797,4.041,RECOVERING,69.0,Medium,SEED
2026-06-01 13:51:40,SEED-591,2.207,54.641,1.045,1.026,0.711,2.189,1.137,2.133,0.675,1.276,0.812,3.247,NORMAL,88.2,Low,SEED
2026-06-01 14:01:40,SEED-592,2.447,64.212,0.738,1.1,0.588,3.679,0.984,2.296,0.615,1.038,0.755,5.385,RECOVERING,68.7,Medium,SEED
2026-06-01 14:11:40,SEED-593,1.643,50.449,0.842,1.398,0.95,2.572,1.135,1.771,0.604,1.798,0.755,2.592,NORMAL,92.3,Low,SEED
2026-06-01 14:21:40,SEED-594,2.424,56.606,0.676,1.016,0.703,3.465,0.926,3.08,0.539,1.295,0.721,3.955,RECOVERING,68.7,Medium,SEED
2026-06-01 14:31:40,SEED-595,2.364,43.266,0.555,0.949,0.635,4.92,0.801,3.31,0.428,1.373,0.522,3.829,RECOVERING,69.7,Medium,SEED
2026-06-01 14:41:40,SEED-596,2.576,48.283,0.793,1.449,0.984,2.755,1.039,2.171,0.749,1.578,0.73,3.629,NORMAL,84.5,Low,SEED
2026-06-01 14:51:40,SEED-597,2.949,44.395,0.551,1.002,0.683,4.95,0.658,3.113,0.459,1.117,0.79,3.822,RECOVERING,68.3,Medium,SEED
2026-06-01 15:01:40,SEED-598,2.801,62.913,0.58,0.87,0.46,5.961,0.613,3.521,0.452,1.022,0.519,4.9,BROKEN,84.3,High,SEED
2026-06-01 15:11:40,SEED-599,1.792,36.189,1.173,1.117,0.964,3.86,1.088,2.776,0.879,1.517,0.733,3.243,NORMAL,70.7,Low,SEED
2026-06-01 15:21:40,SEED-600,3.416,59.651,0.557,0.842,0.447,5.208,0.674,3.821,0.416,1.115,0.423,5.226,BROKEN,86.8,High,SEED
2026-06-01 15:31:40,SEED-601,2.93,70.78,0.464,0.957,0.494,5.163,0.58,3.399,0.464,1.014,0.471,6.191,BROKEN,84.4,High,SEED
2026-06-01 15:41:40,SEED-602,1.501,39.756,1.182,1.123,0.646,3.549,1.119,2.463,0.887,1.577,0.818,4.188,NORMAL,90.2,Low,SEED
2026-06-01 15:51:40,SEED-603,3.273,61.512,0.457,0.996,0.33,4.681,0.659,3.681,0.32,0.887,0.571,5.974,BROKEN,82.6,High,SEED
2026-06-01 16:01:40,SEED-604,2.913,43.281,0.744,1.067,0.537,4.706,0.838,2.408,0.642,1.232,0.509,4.39,RECOVERING,68.3,Medium,SEED
2026-06-01 16:11:40,SEED-605,2.915,74.046,0.597,0.826,0.401,4.547,0.546,3.643,0.453,1.147,0.456,6.413,BROKEN,93.4,High,SEED
2026-06-01 16:21:40,SEED-606,1.911,47.139,0.858,1.374,0.778,2.011,1.264,2.27,0.616,1.671,0.991,3.805,NORMAL,77.5,Low,SEED
2026-06-01 16:31:40,SEED-607,3.185,59.771,0.517,0.989,0.405,4.799,0.507,3.934,0.426,1.087,0.536,5.668,BROKEN,92.4,High,SEED
2026-06-01 16:41:40,SEED-608,1.972,35.398,1.037,1.415,0.992,2.713,0.982,1.673,0.506,1.601,0.958,2.539,NORMAL,75.8,Low,SEED
2026-06-01 16:51:40,SEED-609,2.266,59.081,0.606,0.912,0.457,3.395,0.867,3.283,0.491,1.455,0.654,4.565,RECOVERING,68.7,Medium,SEED
2026-06-01 17:01:40,SEED-610,2.412,52.019,0.989,1.184,0.853,3.187,1.169,2.748,0.622,1.536,0.996,4.05,NORMAL,94.3,Low,SEED
2026-06-01 17:11:40,SEED-611,1.99,35.954,0.782,1.228,0.693,2.049,0.986,1.939,0.644,1.725,0.767,2.662,NORMAL,70.5,Low,SEED
2026-06-01 17:21:40,SEED-612,3.259,75.111,0.404,0.836,0.305,5.461,0.672,3.137,0.45,1.103,0.414,5.359,BROKEN,72.6,High,SEED
2026-06-01 17:31:40,SEED-613,3.267,63.969,0.589,0.92,0.496,5.491,0.615,3.94,0.389,0.902,0.504,5.727,BROKEN,72.9,High,SEED
2026-06-01 17:41:40,SEED-614,2.313,61.609,0.684,1.003,0.544,3.974,0.951,3.025,0.605,1.361,0.667,4.692,RECOVERING,69.7,Medium,SEED
2026-06-01 17:51:40,SEED-615,2.254,50.617,0.663,1.112,0.641,3.324,0.813,2.62,0.44,1.479,0.515,5.269,RECOVERING,70.0,Medium,SEED
2026-06-01 18:01:40,SEED-616,1.937,47.319,1.179,1.421,0.851,2.394,1.291,2.635,0.748,1.253,0.616,3.529,NORMAL,72.1,Low,SEED
2026-06-01 18:11:40,SEED-617,2.26,44.2,0.694,1.11,0.647,3.411,0.893,2.641,0.403,1.23,0.738,4.902,RECOVERING,69.0,Medium,SEED
2026-06-01 18:21:40,SEED-618,1.604,53.484,1.135,1.364,0.758,4.498,0.813,1.606,0.578,1.487,0.731,3.995,NORMAL,82.6,Low,SEED
2026-06-01 18:31:40,SEED-619,1.894,36.253,1.151,1.374,0.735,2.728,1.225,1.663,0.561,1.276,0.725,3.611,NORMAL,73.9,Low,SEED
2026-06-01 18:41:40,SEED-620,2.298,41.037,1.132,1.132,0.882,3.159,0.837,2.397,0.838,1.748,0.691,3.056,NORMAL,78.4,Low,SEED
2026-06-01 18:51:40,SEED-621,3.491,65.501,0.527,0.942,0.309,5.293,0.598,3.71,0.378,1.009,0.46,6.383,BROKEN,84.0,High,SEED
2026-06-01 19:01:40,SEED-622,2.356,34.338,1.165,1.257,0.607,3.467,1.196,2.23,0.715,1.457,0.627,3.451,NORMAL,93.9,Low,SEED
2026-06-01 19:11:40,SEED-623,1.962,36.783,1.089,1.088,0.697,2.903,0.932,2.576,0.625,1.751,0.857,2.522,NORMAL,71.8,Low,SEED
2026-06-01 19:21:40,SEED-624,2.312,46.389,0.882,1.294,0.806,2.984,1.199,2.183,0.76,1.583,0.71,2.769,NORMAL,86.8,Low,SEED
2026-06-01 19:31:40,SEED-625,2.755,48.785,0.981,1.411,0.716,2.636,0.874,2.175,0.624,1.629,0.771,3.766,NORMAL,90.9,Low,SEED
2026-06-01 19:41:40,SEED-626,2.315,31.36,1.07,1.43,0.632,4.138,1.102,2.32,0.892,1.446,0.763,3.726,NORMAL,90.2,Low,SEED
2026-06-01 19:51:40,SEED-627,2.248,54.498,0.612,1.06,0.564,4.508,0.873,2.527,0.559,1.133,0.774,3.969,RECOVERING,69.3,Medium,SEED
2026-06-01 20:01:40,SEED-628,2.129,53.751,0.787,1.265,0.886,2.081,0.909,2.716,0.854,1.672,0.802,4.02,NORMAL,83.4,Low,SEED
2026-06-01 20:11:40,SEED-629,1.962,34.946,0.906,1.117,0.938,4.297,0.913,2.136,0.633,1.385,0.637,3.763,NORMAL,87.2,Low,SEED
2026-06-01 20:21:40,SEED-630,2.314,34.244,0.71,1.221,0.619,2.814,1.172,2.01,0.795,1.705,0.683,2.786,NORMAL,93.5,Low,SEED
2026-06-01 20:31:40,SEED-631,1.713,46.436,1.101,1.068,0.817,2.846,1.074,1.992,0.648,1.7,0.996,3.056,NORMAL,87.0,Low,SEED
2026-06-01 20:41:40,SEED-632,2.751,34.505,1.154,1.439,0.66,4.232,1.06,1.871,0.741,1.334,0.781,2.743,NORMAL,78.7,Low,SEED
2026-06-01 20:51:40,SEED-633,2.904,44.355,0.857,1.196,0.747,5.11,0.905,2.801,0.528,1.146,0.691,4.753,RECOVERING,68.3,Medium,SEED
2026-06-01 21:01:40,SEED-634,2.428,51.301,1.168,1.075,0.886,2.851,1.046,2.508,0.783,1.253,0.709,2.514,NORMAL,89.0,Low,SEED
2026-06-01 21:11:40,SEED-635,1.811,53.045,1.15,1.22,0.732,3.15,0.978,2.109,0.55,1.51,0.94,4.338,NORMAL,90.4,Low,SEED
2026-06-01 21:21:40,SEED-636,2.633,45.829,0.876,1.04,0.932,2.017,1.007,1.85,0.666,1.549,0.612,3.786,NORMAL,90.1,Low,SEED
2026-06-01 21:31:40,SEED-637,1.88,33.753,0.973,1.119,0.682,4.246,1.009,2.654,0.854,1.642,0.978,2.726,NORMAL,78.6,Low,SEED
2026-06-01 21:41:40,SEED-638,2.59,36.623,1.068,1.271,0.706,3.155,1.054,1.629,0.537,1.684,0.958,3.116,NORMAL,91.5,Low,SEED
2026-06-01 21:51:40,SEED-639,2.773,36.075,1.011,1.473,0.943,2.613,0.984,1.682,0.501,1.367,0.826,2.714,NORMAL,85.2,Low,SEED
2026-06-01 22:01:40,SEED-640,2.434,46.446,0.806,1.283,0.631,2.569,1.281,2.059,0.56,1.79,0.786,3.087,NORMAL,88.9,Low,SEED
2026-06-01 22:11:40,SEED-641,2.919,60.934,0.883,1.037,0.485,3.968,0.995,3.393,0.449,1.227,0.602,4.193,RECOVERING,68.7,Medium,SEED
2026-06-01 22:21:40,SEED-642,2.305,44.313,0.817,1.428,0.672,3.949,0.825,2.477,0.571,1.675,0.61,2.67,NORMAL,71.5,Low,SEED
2026-06-01 22:31:40,SEED-643,1.54,42.23,0.933,1.201,0.669,4.376,0.929,2.443,0.619,1.371,0.976,4.184,NORMAL,94.2,Low,SEED
2026-06-01 22:41:40,SEED-644,2.133,44.813,1.025,1.459,0.934,2.034,1.19,2.271,0.697,1.363,0.626,3.729,NORMAL,74.0,Low,SEED
2026-06-01 22:51:40,SEED-645,2.614,47.399,0.645,0.906,0.455,3.324,0.926,2.781,0.502,1.418,0.61,3.898,RECOVERING,69.7,Medium,SEED
2026-06-01 23:01:40,SEED-646,2.46,66.655,0.703,1.203,0.494,3.669,0.969,2.927,0.578,1.179,0.682,5.494,RECOVERING,68.7,Medium,SEED
2026-06-01 23:11:40,SEED-647,1.651,32.645,0.806,1.02,0.917,4.253,0.855,2.24,0.706,1.522,0.779,3.289,NORMAL,86.8,Low,SEED
2026-06-01 23:21:40,SEED-648,1.972,31.295,0.988,1.073,0.798,4.063,0.979,2.009,0.805,1.388,0.973,4.463,NORMAL,78.0,Low,SEED
2026-06-01 23:31:40,SEED-649,2.132,51.511,1.047,1.141,0.928,3.335,1.084,2.324,0.819,1.411,0.8,3.546,NORMAL,72.6,Low,SEED
2026-06-01 23:41:40,SEED-650,2.518,34.916,1.0,1.191,0.909,2.676,1.223,2.196,0.794,1.412,0.988,3.65,NORMAL,71.0,Low,SEED
2026-06-01 23:51:40,SEED-651,2.426,33.032,0.744,1.302,0.64,3.904,1.048,1.956,0.682,1.732,0.601,3.943,NORMAL,85.7,Low,SEED
2026-06-02 00:01:40,SEED-652,1.77,48.817,0.999,1.483,0.869,4.182,0.85,2.563,0.587,1.609,0.932,3.828,NORMAL,84.6,Low,SEED
2026-06-02 00:11:40,SEED-653,1.554,43.033,1.042,1.089,0.667,4.112,1.27,1.598,0.808,1.485,0.849,3.008,NORMAL,76.8,Low,SEED
2026-06-02 00:21:40,SEED-654,2.087,52.958,0.855,1.117,0.735,2.729,1.033,1.997,0.651,1.681,0.901,3.463,NORMAL,94.5,Low,SEED
2026-06-02 00:31:40,SEED-655,2.789,45.99,0.818,0.958,0.522,4.143,0.761,2.746,0.55,1.02,0.529,5.164,RECOVERING,70.0,Medium,SEED
2026-06-02 00:41:40,SEED-656,2.823,53.643,0.561,1.008,0.699,4.916,0.893,2.878,0.679,1.078,0.794,4.509,RECOVERING,69.0,Medium,SEED
2026-06-02 00:51:40,SEED-657,1.961,53.511,0.963,1.373,0.907,4.061,1.233,1.658,0.748,1.612,0.668,3.045,NORMAL,78.6,Low,SEED
2026-06-02 01:01:40,SEED-658,3.003,55.625,0.496,0.821,0.322,4.638,0.692,3.773,0.447,1.042,0.562,4.831,BROKEN,77.6,High,SEED
2026-06-02 01:11:40,SEED-659,2.606,33.357,1.181,1.265,0.609,3.676,0.994,2.566,0.546,1.239,0.669,3.087,NORMAL,86.2,Low,SEED
2026-06-02 01:21:40,SEED-660,2.553,40.757,1.022,1.37,0.98,3.331,1.012,2.226,0.759,1.637,0.781,2.878,NORMAL,92.6,Low,SEED
2026-06-02 01:31:40,SEED-661,2.084,45.993,0.919,1.047,0.856,2.562,0.978,1.775,0.701,1.363,0.676,2.592,NORMAL,82.9,Low,SEED
2026-06-02 01:41:40,SEED-662,1.671,49.169,1.071,1.175,0.769,3.577,0.996,2.742,0.805,1.584,0.65,2.661,NORMAL,70.7,Low,SEED
2026-06-02 01:51:40,SEED-663,2.201,38.269,1.107,1.214,0.606,3.348,1.173,1.908,0.524,1.511,0.7,3.474,NORMAL,77.3,Low,SEED
2026-06-02 02:01:40,SEED-664,2.25,41.838,0.831,1.25,0.785,3.082,0.988,1.844,0.623,1.413,0.731,4.006,NORMAL,79.4,Low,SEED
2026-06-02 02:11:40,SEED-665,2.545,58.906,0.812,1.025,0.546,4.532,0.908,3.234,0.657,1.457,0.7,5.066,RECOVERING,69.0,Medium,SEED
2026-06-02 02:21:40,SEED-666,2.684,52.481,0.665,1.101,0.472,4.18,0.661,2.753,0.423,1.343,0.602,3.55,RECOVERING,69.0,Medium,SEED
2026-06-02 02:31:40,SEED-667,1.857,48.682,0.745,1.122,0.722,4.255,0.914,2.736,0.827,1.373,0.874,2.958,NORMAL,76.4,Low,SEED
2026-06-02 02:41:40,SEED-668,2.002,35.651,0.875,1.454,0.785,2.856,1.093,1.71,0.848,1.786,0.736,4.394,NORMAL,80.1,Low,SEED
2026-06-02 02:51:40,SEED-669,2.637,45.11,0.625,0.952,0.75,3.702,0.923,2.444,0.661,1.261,0.53,4.878,RECOVERING,67.7,Medium,SEED
2026-06-02 03:01:40,SEED-670,1.782,52.336,1.014,1.438,0.65,3.698,1.274,2.498,0.544,1.712,0.952,3.111,NORMAL,83.1,Low,SEED
2026-06-02 03:11:40,SEED-671,1.522,44.921,0.932,1.313,0.807,4.321,1.258,2.069,0.827,1.347,0.714,4.408,NORMAL,75.6,Low,SEED
2026-06-02 03:21:40,SEED-672,2.137,33.31,1.03,1.102,0.801,2.039,0.885,2.219,0.529,1.328,0.732,3.972,NORMAL,72.3,Low,SEED
2026-06-02 03:31:40,SEED-673,2.083,31.331,1.139,1.132,0.638,3.022,1.148,1.731,0.694,1.614,0.803,2.969,NORMAL,77.0,Low,SEED
2026-06-02 03:41:40,SEED-674,1.507,49.62,1.046,1.038,0.999,2.054,1.086,2.048,0.719,1.445,0.62,3.059,NORMAL,94.3,Low,SEED
2026-06-02 03:51:40,SEED-675,2.055,38.615,0.729,1.251,0.637,3.09,1.063,2.224,0.601,1.32,0.81,2.611,NORMAL,86.4,Low,SEED
2026-06-02 04:01:40,SEED-676,1.86,36.163,1.028,1.147,0.651,4.082,1.089,2.331,0.741,1.397,0.766,2.629,NORMAL,82.9,Low,SEED
2026-06-02 04:11:40,SEED-677,3.046,77.63,0.47,0.859,0.322,5.859,0.589,3.142,0.306,1.083,0.504,5.778,BROKEN,75.3,High,SEED
2026-06-02 04:21:40,SEED-678,1.656,41.454,1.056,1.131,0.6,3.135,0.8,2.105,0.527,1.422,0.701,2.679,NORMAL,85.9,Low,SEED
2026-06-02 04:31:40,SEED-679,2.415,65.276,0.582,0.988,0.494,4.507,0.888,3.094,0.462,1.081,0.543,4.467,RECOVERING,70.0,Medium,SEED
2026-06-02 04:41:40,SEED-680,2.483,32.992,1.15,1.293,0.924,4.013,0.989,1.812,0.758,1.701,0.872,2.73,NORMAL,74.6,Low,SEED
2026-06-02 04:51:40,SEED-681,2.939,66.145,0.699,1.236,0.673,4.252,0.692,3.367,0.594,1.384,0.596,5.369,RECOVERING,69.0,Medium,SEED
2026-06-02 05:01:40,SEED-682,2.731,53.852,1.019,1.34,0.727,3.285,1.141,2.583,0.592,1.221,0.893,3.61,NORMAL,81.8,Low,SEED
2026-06-02 05:11:40,SEED-683,2.56,45.486,0.994,1.089,0.778,3.603,0.815,2.304,0.581,1.378,0.813,3.096,NORMAL,70.8,Low,SEED
2026-06-02 05:21:40,SEED-684,2.196,45.755,1.058,1.047,0.977,3.695,1.251,2.358,0.81,1.37,0.751,4.363,NORMAL,79.8,Low,SEED
2026-06-02 05:31:40,SEED-685,2.257,33.564,0.942,1.146,0.825,3.253,0.827,2.169,0.607,1.716,0.621,2.994,NORMAL,80.5,Low,SEED
2026-06-02 05:41:40,SEED-686,1.667,39.001,1.029,1.023,0.883,2.988,0.865,1.852,0.511,1.376,0.683,3.21,NORMAL,89.4,Low,SEED
2026-06-02 05:51:40,SEED-687,2.888,63.636,0.781,1.22,0.514,4.477,0.792,2.426,0.601,1.08,0.523,5.368,RECOVERING,69.0,Medium,SEED
2026-06-02 06:01:40,SEED-688,2.535,64.497,0.561,1.193,0.687,3.536,0.791,3.238,0.527,1.497,0.678,4.049,RECOVERING,68.7,Medium,SEED
2026-06-02 06:11:40,SEED-689,2.536,37.142,0.758,1.029,0.884,2.75,1.028,2.668,0.82,1.592,0.627,3.457,NORMAL,79.8,Low,SEED
2026-06-02 06:21:40,SEED-690,2.174,31.306,1.06,1.059,0.841,3.494,1.015,2.038,0.64,1.632,0.97,4.185,NORMAL,84.2,Low,SEED
2026-06-02 06:31:40,SEED-691,2.577,34.669,1.107,1.406,0.995,3.607,1.289,2.601,0.727,1.228,0.968,4.271,NORMAL,72.4,Low,SEED
2026-06-02 06:41:40,SEED-692,3.433,63.468,0.495,0.852,0.304,5.202,0.565,2.93,0.371,0.854,0.427,5.965,BROKEN,77.2,High,SEED
2026-06-02 06:51:40,SEED-693,1.787,54.938,1.058,1.103,0.784,2.875,0.95,2.524,0.718,1.249,0.945,4.1,NORMAL,89.6,Low,SEED
2026-06-02 07:01:40,SEED-694,2.843,64.209,0.524,0.949,0.322,5.701,0.569,4.0,0.491,1.088,0.454,5.632,BROKEN,85.7,High,SEED
2026-06-02 07:11:40,SEED-695,2.794,51.065,1.181,1.188,0.694,3.829,0.886,2.498,0.799,1.69,0.842,2.567,NORMAL,73.6,Low,SEED
2026-06-02 07:21:40,SEED-696,1.615,41.841,0.961,1.022,0.91,3.382,1.087,2.358,0.756,1.792,0.67,4.207,NORMAL,72.0,Low,SEED
2026-06-02 07:31:40,SEED-697,2.658,40.981,1.155,1.034,0.994,3.368,1.149,1.928,0.551,1.712,0.639,3.966,NORMAL,87.2,Low,SEED
2026-06-02 07:41:40,SEED-698,2.29,52.851,0.611,1.122,0.748,3.655,0.929,2.301,0.617,1.069,0.619,3.738,RECOVERING,69.7,Medium,SEED
2026-06-02 07:51:40,SEED-699,2.656,54.281,0.655,1.05,0.743,3.531,0.753,2.19,0.603,1.433,0.529,4.976,RECOVERING,68.7,Medium,SEED
2026-06-02 08:01:40,SEED-700,2.475,54.313,1.162,1.294,0.62,2.893,0.974,2.495,0.857,1.276,0.654,3.802,NORMAL,70.8,Low,SEED
2026-06-02 08:11:40,SEED-701,2.459,51.77,1.091,1.369,0.906,2.734,1.196,2.267,0.558,1.66,0.668,4.267,NORMAL,72.8,Low,SEED
2026-06-02 08:21:40,SEED-702,2.008,53.397,0.81,1.329,0.671,3.518,1.082,2.068,0.899,1.495,0.9,2.683,NORMAL,86.3,Low,SEED
2026-06-02 08:31:40,SEED-703,2.262,41.6,0.962,1.021,0.736,3.598,0.986,2.714,0.505,1.774,0.627,3.015,NORMAL,74.1,Low,SEED
2026-06-02 08:41:40,SEED-704,1.77,44.974,0.9,1.304,0.891,3.529,1.26,1.827,0.661,1.792,0.615,4.411,NORMAL,79.4,Low,SEED
2026-06-02 08:51:40,SEED-705,2.563,42.556,1.055,1.368,0.826,4.175,0.818,1.55,0.767,1.511,0.881,3.689,NORMAL,86.8,Low,SEED
2026-06-02 09:01:40,SEED-706,2.162,30.898,0.876,1.176,0.687,3.674,1.0,1.515,0.737,1.462,0.952,2.613,NORMAL,83.1,Low,SEED
2026-06-02 09:11:40,SEED-707,3.107,45.86,0.811,1.122,0.458,3.546,0.931,3.377,0.628,1.217,0.508,4.31,RECOVERING,69.7,Medium,SEED
2026-06-02 09:21:40,SEED-708,1.684,43.554,0.908,1.498,0.722,3.597,1.183,2.542,0.743,1.431,0.785,3.806,NORMAL,84.6,Low,SEED
2026-06-02 09:31:40,SEED-709,1.531,31.433,0.907,1.305,0.863,3.669,1.108,1.8,0.784,1.798,0.897,4.133,NORMAL,73.9,Low,SEED
2026-06-02 09:41:40,SEED-710,2.666,50.143,0.598,1.233,0.68,5.019,0.796,2.258,0.452,1.128,0.75,5.191,RECOVERING,69.7,Medium,SEED
2026-06-02 09:51:40,SEED-711,2.656,53.573,0.756,1.132,0.735,2.525,1.283,1.836,0.518,1.67,0.653,2.999,NORMAL,87.5,Low,SEED
2026-06-02 10:01:40,SEED-712,3.248,68.984,0.498,0.977,0.325,4.639,0.584,3.814,0.324,1.061,0.457,5.664,BROKEN,88.1,High,SEED
2026-06-02 10:11:40,SEED-713,2.733,47.893,0.788,0.905,0.708,4.263,0.753,2.883,0.519,1.36,0.661,5.128,RECOVERING,69.7,Medium,SEED
2026-06-02 10:21:40,SEED-714,2.511,40.26,0.982,1.249,0.661,4.283,1.281,2.147,0.764,1.716,0.813,3.774,NORMAL,90.5,Low,SEED
2026-06-02 10:31:40,SEED-715,1.883,53.793,0.94,1.332,0.638,3.486,1.02,2.202,0.623,1.427,0.624,2.817,NORMAL,74.3,Low,SEED
2026-06-02 10:41:40,SEED-716,2.5,50.938,1.164,1.196,0.94,4.267,0.822,2.024,0.72,1.249,0.931,2.829,NORMAL,70.8,Low,SEED
2026-06-02 10:51:40,SEED-717,3.037,47.107,0.664,1.167,0.722,3.317,0.83,3.276,0.562,1.233,0.636,3.735,RECOVERING,69.7,Medium,SEED
2026-06-02 11:01:40,SEED-718,2.616,49.524,0.822,0.997,0.493,4.043,0.691,2.58,0.664,1.024,0.568,5.452,RECOVERING,69.0,Medium,SEED
2026-06-02 11:11:40,SEED-719,3.272,71.487,0.41,0.805,0.33,4.605,0.65,2.976,0.366,1.104,0.513,5.061,BROKEN,81.4,High,SEED
2026-06-02 11:21:40,SEED-720,2.863,58.711,0.807,1.094,0.475,4.233,0.878,3.326,0.686,1.42,0.524,4.827,RECOVERING,69.0,Medium,SEED
2026-06-02 11:31:40,SEED-721,2.082,32.447,0.846,1.105,0.664,3.678,1.137,2.232,0.781,1.24,0.678,4.435,NORMAL,77.1,Low,SEED
2026-06-02 11:41:40,SEED-722,2.122,39.026,1.035,1.046,0.994,4.158,0.975,2.013,0.802,1.433,0.952,4.009,NORMAL,89.2,Low,SEED
2026-06-02 11:51:40,SEED-723,1.728,47.544,0.913,1.401,0.679,3.276,0.911,1.811,0.68,1.357,0.959,3.568,NORMAL,87.1,Low,SEED
2026-06-02 12:01:40,SEED-724,2.178,51.587,0.888,1.154,0.555,4.896,0.831,3.363,0.54,1.035,0.563,4.648,RECOVERING,70.0,Medium,SEED
2026-06-02 12:11:40,SEED-725,2.228,54.867,0.874,1.225,0.696,4.164,0.922,2.961,0.541,1.463,0.687,5.12,RECOVERING,69.7,Medium,SEED
2026-06-02 12:21:40,SEED-726,1.707,49.438,0.7,1.201,0.898,3.022,1.111,1.943,0.579,1.24,0.865,3.165,NORMAL,72.7,Low,SEED
2026-06-02 12:31:40,SEED-727,3.074,48.119,0.697,1.064,0.677,4.439,0.703,2.723,0.582,1.168,0.776,5.304,RECOVERING,69.7,Medium,SEED
2026-06-02 12:41:40,SEED-728,2.142,39.648,0.76,1.454,0.765,2.4,0.876,1.819,0.895,1.686,0.994,3.011,NORMAL,81.5,Low,SEED
2026-06-02 12:51:40,SEED-729,2.669,49.91,0.727,1.101,0.831,2.602,0.998,1.583,0.74,1.295,0.749,2.697,NORMAL,90.8,Low,SEED
2026-06-02 13:01:40,SEED-730,2.208,42.77,1.123,1.265,0.99,2.435,1.259,2.784,0.63,1.704,0.775,4.495,NORMAL,86.0,Low,SEED
2026-06-02 13:11:40,SEED-731,3.252,58.004,0.436,0.928,0.379,4.683,0.532,3.898,0.368,1.106,0.568,6.405,BROKEN,93.3,High,SEED
2026-06-02 13:21:40,SEED-732,2.947,77.696,0.55,0.915,0.409,5.775,0.613,3.154,0.476,0.958,0.446,5.601,BROKEN,74.0,High,SEED
2026-06-02 13:31:40,SEED-733,2.483,41.576,0.996,1.289,0.86,2.316,0.935,2.347,0.759,1.781,0.895,3.976,NORMAL,76.0,Low,SEED
2026-06-02 13:41:40,SEED-734,2.857,56.293,0.774,1.218,0.739,3.593,0.879,2.551,0.564,1.414,0.726,3.52,RECOVERING,68.7,Medium,SEED
2026-06-02 13:51:40,SEED-735,2.164,37.036,1.071,1.309,0.654,2.992,1.017,1.979,0.867,1.446,0.76,4.262,NORMAL,78.3,Low,SEED
2026-06-02 14:01:40,SEED-736,1.564,50.136,1.126,1.114,0.83,2.691,0.984,1.617,0.559,1.394,0.858,4.095,NORMAL,93.6,Low,SEED
2026-06-02 14:11:40,SEED-737,2.173,47.918,0.789,0.935,0.468,4.152,0.729,2.46,0.625,1.047,0.589,3.926,RECOVERING,70.7,Medium,SEED
2026-06-02 14:21:40,SEED-738,2.981,75.586,0.467,0.918,0.316,5.681,0.655,3.381,0.439,0.807,0.429,4.813,BROKEN,72.7,High,SEED
2026-06-02 14:31:40,SEED-739,2.409,33.063,0.882,1.166,0.935,2.3,1.23,2.441,0.643,1.388,0.613,3.984,NORMAL,90.0,Low,SEED
2026-06-02 14:41:40,SEED-740,2.056,47.916,1.11,1.276,0.761,3.928,1.037,2.175,0.595,1.264,0.83,4.07,NORMAL,88.3,Low,SEED
2026-06-02 14:51:40,SEED-741,2.454,65.266,0.65,1.225,0.704,3.798,0.864,2.257,0.611,1.093,0.743,4.193,RECOVERING,68.7,Medium,SEED
2026-06-02 15:01:40,SEED-742,2.61,48.072,0.784,1.242,0.911,3.287,1.192,1.878,0.516,1.317,0.785,3.442,NORMAL,95.0,Low,SEED
2026-06-02 15:11:40,SEED-743,2.722,43.695,1.106,1.439,0.665,4.199,1.065,1.998,0.552,1.381,0.676,3.482,NORMAL,78.3,Low,SEED
2026-06-02 15:21:40,SEED-744,1.621,30.825,1.0,1.135,0.618,4.233,1.182,2.012,0.742,1.396,0.868,3.616,NORMAL,94.5,Low,SEED
2026-06-02 15:31:40,SEED-745,1.64,53.48,0.812,1.262,0.744,2.304,1.17,2.558,0.676,1.689,0.804,3.889,NORMAL,93.1,Low,SEED
2026-06-02 15:41:40,SEED-746,2.383,51.333,0.58,1.054,0.732,4.777,0.797,2.621,0.671,1.084,0.782,3.599,RECOVERING,69.7,Medium,SEED
2026-06-02 15:51:40,SEED-747,2.322,45.725,0.842,0.978,0.465,4.187,0.781,2.524,0.47,1.204,0.542,4.748,RECOVERING,70.0,Medium,SEED
2026-06-02 16:01:40,SEED-748,2.176,50.58,0.766,1.086,0.97,3.575,1.197,1.67,0.585,1.517,0.982,2.904,NORMAL,81.0,Low,SEED
2026-06-02 16:11:40,SEED-749,2.016,44.307,1.153,1.411,0.817,2.324,1.09,2.675,0.81,1.701,0.725,2.807,NORMAL,81.0,Low,SEED
2026-06-02 16:21:40,SEED-750,2.574,42.866,1.106,1.091,0.951,2.655,1.03,2.683,0.58,1.725,0.719,3.003,NORMAL,79.5,Low,SEED
2026-06-02 16:31:40,SEED-751,2.633,47.614,1.01,1.011,0.909,4.333,0.895,1.78,0.538,1.304,0.733,4.016,NORMAL,77.8,Low,SEED
2026-06-02 16:41:40,SEED-752,3.379,78.896,0.425,0.987,0.377,5.722,0.589,3.251,0.499,1.152,0.562,5.466,BROKEN,92.1,High,SEED
2026-06-02 16:51:40,SEED-753,2.185,53.848,0.839,0.915,0.653,3.846,0.85,2.366,0.641,1.292,0.624,3.59,RECOVERING,68.3,Medium,SEED
2026-06-02 17:01:40,SEED-754,1.634,33.05,1.098,1.031,0.733,2.668,1.063,1.634,0.885,1.671,0.722,3.635,NORMAL,79.1,Low,SEED
2026-06-02 17:11:40,SEED-755,2.577,36.765,0.952,1.324,0.883,4.481,1.044,2.327,0.85,1.541,0.948,2.766,NORMAL,88.1,Low,SEED
2026-06-02 17:21:40,SEED-756,2.326,66.761,0.816,1.008,0.577,4.269,0.982,2.456,0.455,1.219,0.68,4.618,RECOVERING,70.0,Medium,SEED
2026-06-02 17:31:40,SEED-757,2.376,45.926,0.862,1.285,0.827,2.918,0.869,2.636,0.803,1.397,0.638,4.362,NORMAL,86.8,Low,SEED
2026-06-02 17:41:40,SEED-758,2.746,57.096,0.692,1.122,0.556,3.613,0.699,2.374,0.513,1.08,0.512,3.813,RECOVERING,68.7,Medium,SEED
2026-06-02 17:51:40,SEED-759,2.291,30.617,0.754,1.324,0.687,4.178,1.08,1.935,0.86,1.449,0.721,3.94,NORMAL,82.3,Low,SEED
2026-06-02 18:01:40,SEED-760,2.518,60.068,0.66,1.104,0.458,4.064,0.671,3.001,0.465,1.295,0.642,4.827,RECOVERING,68.7,Medium,SEED
2026-06-02 18:11:40,SEED-761,2.805,68.485,0.499,0.826,0.472,4.696,0.536,3.726,0.337,1.132,0.457,4.951,BROKEN,80.0,High,SEED
2026-06-02 18:21:40,SEED-762,2.854,45.518,0.6,1.154,0.669,3.832,0.654,2.821,0.692,1.086,0.739,4.03,RECOVERING,68.7,Medium,SEED
2026-06-02 18:31:40,SEED-763,2.685,56.167,0.771,1.087,0.748,5.157,0.672,2.964,0.509,1.405,0.675,3.642,RECOVERING,69.0,Medium,SEED
2026-06-02 18:41:40,SEED-764,2.67,44.476,0.595,1.23,0.577,3.362,0.662,2.985,0.576,1.341,0.549,3.809,RECOVERING,67.7,Medium,SEED
2026-06-02 18:51:40,SEED-765,2.241,58.339,0.874,0.968,0.499,3.813,0.766,2.409,0.496,1.207,0.726,3.521,RECOVERING,68.7,Medium,SEED
2026-06-02 19:01:40,SEED-766,2.437,65.573,0.813,1.226,0.567,4.968,0.748,2.719,0.452,1.175,0.666,5.301,RECOVERING,69.0,Medium,SEED
2026-06-02 19:11:40,SEED-767,2.534,38.176,1.01,1.335,0.998,4.199,1.072,1.979,0.778,1.618,0.644,3.344,NORMAL,86.2,Low,SEED
2026-06-02 19:21:40,SEED-768,2.564,52.273,0.671,1.015,0.604,4.724,0.965,3.227,0.453,1.017,0.64,3.575,RECOVERING,69.0,Medium,SEED
2026-06-02 19:31:40,SEED-769,1.857,38.36,1.049,1.093,0.808,3.673,1.211,2.755,0.713,1.52,0.677,2.792,NORMAL,82.0,Low,SEED
2026-06-02 19:41:40,SEED-770,3.136,51.716,0.661,0.932,0.654,5.162,0.918,2.282,0.443,1.363,0.575,4.402,RECOVERING,69.3,Medium,SEED
2026-06-02 19:51:40,SEED-771,1.549,50.098,1.079,1.04,0.895,3.839,1.104,2.792,0.752,1.248,0.995,2.747,NORMAL,71.2,Low,SEED
2026-06-02 20:01:40,SEED-772,2.195,56.326,0.873,0.955,0.59,4.143,0.953,3.162,0.465,1.071,0.744,4.863,RECOVERING,68.7,Medium,SEED
2026-06-02 20:11:40,SEED-773,2.837,56.905,0.689,1.079,0.692,3.504,0.817,2.346,0.4,1.338,0.627,4.929,RECOVERING,68.7,Medium,SEED
2026-06-02 20:21:40,SEED-774,2.753,51.249,0.663,1.085,0.593,3.732,0.811,3.253,0.408,1.418,0.783,4.65,RECOVERING,69.3,Medium,SEED
2026-06-02 20:31:40,SEED-775,2.404,46.891,0.923,1.167,0.805,2.772,0.934,1.82,0.778,1.732,0.849,4.152,NORMAL,92.1,Low,SEED
2026-06-02 20:41:40,SEED-776,1.569,46.72,1.135,1.202,0.821,2.745,1.3,2.666,0.69,1.778,0.917,3.103,NORMAL,90.8,Low,SEED
2026-06-02 20:51:40,SEED-777,2.241,36.016,1.198,1.095,0.606,4.152,1.08,1.727,0.759,1.653,0.761,3.019,NORMAL,79.8,Low,SEED
2026-06-02 21:01:40,SEED-778,2.476,45.633,0.899,1.203,0.703,5.146,0.659,2.366,0.671,1.107,0.704,4.262,RECOVERING,70.3,Medium,SEED
2026-06-02 21:11:40,SEED-779,1.987,31.66,0.883,1.308,0.633,3.689,0.872,2.524,0.871,1.24,0.727,2.898,NORMAL,90.2,Low,SEED
2026-06-02 21:21:40,SEED-780,2.297,49.522,0.836,1.231,0.591,3.915,0.766,2.711,0.46,1.227,0.614,4.967,RECOVERING,70.0,Medium,SEED
2026-06-02 21:31:40,SEED-781,1.58,51.461,0.962,1.335,0.734,3.582,1.244,2.131,0.772,1.782,0.919,3.435,NORMAL,72.6,Low,SEED
2026-06-02 21:41:40,SEED-782,2.274,50.28,1.068,1.313,0.905,3.548,1.212,1.584,0.762,1.332,0.733,3.24,NORMAL,75.1,Low,SEED
2026-06-02 21:51:40,SEED-783,2.309,47.113,0.776,1.152,0.691,3.552,0.852,2.53,0.669,1.368,0.709,3.838,RECOVERING,70.7,Medium,SEED
2026-06-02 22:01:40,SEED-784,2.117,52.045,0.816,1.172,0.87,2.584,1.139,2.505,0.654,1.403,0.81,3.185,NORMAL,76.5,Low,SEED
2026-06-02 22:11:40,SEED-785,2.832,71.979,0.594,0.97,0.329,4.832,0.675,3.935,0.385,0.825,0.519,5.626,BROKEN,75.1,High,SEED
2026-06-02 22:21:40,SEED-786,2.348,47.381,1.034,1.249,0.962,4.476,1.255,2.356,0.744,1.444,0.755,3.62,NORMAL,91.6,Low,SEED
2026-06-02 22:31:40,SEED-787,1.683,44.59,1.113,1.192,0.894,3.642,0.861,1.976,0.858,1.444,0.853,2.965,NORMAL,91.0,Low,SEED
2026-06-02 22:41:40,SEED-788,2.411,66.171,0.714,0.956,0.614,4.865,0.764,2.466,0.44,1.265,0.559,3.769,RECOVERING,69.0,Medium,SEED
2026-06-02 22:51:40,SEED-789,2.788,36.586,1.048,1.046,0.846,3.262,1.121,2.785,0.718,1.596,0.604,3.866,NORMAL,90.0,Low,SEED
2026-06-02 23:01:40,SEED-790,2.049,39.853,0.945,1.044,0.656,2.538,1.14,2.106,0.678,1.213,0.85,4.498,NORMAL,80.7,Low,SEED
2026-06-02 23:11:40,SEED-791,3.012,42.71,0.874,0.934,0.519,4.157,0.73,3.357,0.671,1.306,0.776,5.386,RECOVERING,68.0,Medium,SEED
2026-06-02 23:21:40,SEED-792,2.454,41.274,1.006,1.435,0.851,2.662,0.961,2.387,0.727,1.757,0.721,3.275,NORMAL,94.1,Low,SEED
2026-06-02 23:31:40,SEED-793,2.04,48.134,0.801,1.354,0.853,2.526,1.264,2.313,0.714,1.746,0.883,3.322,NORMAL,82.1,Low,SEED
2026-06-02 23:41:40,SEED-794,2.276,41.963,1.124,1.462,0.619,3.636,0.971,2.308,0.597,1.598,0.795,3.537,NORMAL,82.0,Low,SEED
2026-06-02 23:51:40,SEED-795,2.288,44.742,0.965,1.462,0.621,3.657,0.996,2.684,0.729,1.552,0.922,3.002,NORMAL,85.8,Low,SEED
2026-06-03 00:01:40,SEED-796,3.231,79.187,0.536,0.913,0.397,4.95,0.685,3.949,0.437,0.934,0.404,6.326,BROKEN,84.4,High,SEED
2026-06-03 00:11:40,SEED-797,3.314,74.448,0.591,0.912,0.375,4.734,0.614,2.837,0.349,0.966,0.576,4.642,BROKEN,94.3,High,SEED
2026-06-03 00:21:40,SEED-798,2.938,58.778,0.816,1.067,0.53,3.291,0.825,2.373,0.492,1.224,0.709,4.529,RECOVERING,68.7,Medium,SEED
2026-06-03 00:31:40,SEED-799,1.603,52.995,0.93,1.368,0.849,2.57,1.195,1.659,0.798,1.579,0.668,3.402,NORMAL,83.7,Low,SEED
2026-06-03 00:41:40,SEED-800,1.961,33.923,1.079,1.477,0.69,3.816,1.111,1.708,0.685,1.416,0.932,4.474,NORMAL,82.1,Low,SEED
2026-06-03 00:51:40,SEED-801,1.931,39.553,1.187,1.274,0.873,3.299,1.176,1.793,0.81,1.68,0.779,2.758,NORMAL,76.5,Low,SEED
2026-06-03 01:01:40,SEED-802,2.557,52.153,0.776,1.24,0.461,4.192,0.866,2.951,0.611,1.421,0.764,4.393,RECOVERING,69.3,Medium,SEED
2026-06-03 01:11:40,SEED-803,1.926,30.543,0.782,1.096,0.913,2.877,1.222,1.638,0.86,1.317,0.772,2.738,NORMAL,86.2,Low,SEED
2026-06-03 01:21:40,SEED-804,2.454,51.681,0.58,0.948,0.731,3.331,0.901,3.394,0.411,1.169,0.766,5.147,RECOVERING,69.0,Medium,SEED
2026-06-03 01:31:40,SEED-805,3.097,61.569,0.597,0.913,0.435,4.828,0.656,2.803,0.493,0.969,0.507,5.66,BROKEN,95.0,High,SEED
2026-06-03 01:41:40,SEED-806,3.021,51.262,0.79,0.954,0.744,4.344,0.712,2.35,0.515,1.494,0.654,3.958,RECOVERING,69.7,Medium,SEED
2026-06-03 01:51:40,SEED-807,1.961,39.213,0.924,1.124,0.716,3.04,0.989,1.868,0.878,1.242,0.631,2.819,NORMAL,83.3,Low,SEED
2026-06-03 02:01:40,SEED-808,1.931,35.222,1.189,1.304,0.791,2.506,1.113,1.588,0.587,1.222,0.987,3.884,NORMAL,94.6,Low,SEED
2026-06-03 02:11:40,SEED-809,3.232,69.254,0.426,0.899,0.323,5.077,0.668,3.299,0.419,1.168,0.497,5.797,BROKEN,89.3,High,SEED
2026-06-03 02:21:40,SEED-810,3.135,56.778,0.715,1.239,0.668,4.033,0.749,3.181,0.479,1.294,0.787,5.044,RECOVERING,68.7,Medium,SEED
2026-06-03 02:31:40,SEED-811,3.174,75.602,0.472,0.996,0.409,5.271,0.616,3.91,0.479,0.964,0.405,4.605,BROKEN,89.2,High,SEED
2026-06-03 02:41:40,SEED-812,2.365,46.688,1.022,1.165,0.75,3.089,0.942,2.344,0.567,1.635,0.994,3.753,NORMAL,94.7,Low,SEED
2026-06-03 02:51:40,SEED-813,1.558,46.489,0.984,1.209,0.849,2.066,1.023,2.05,0.875,1.676,0.749,3.13,NORMAL,91.8,Low,SEED
2026-06-03 03:01:40,SEED-814,1.652,37.89,1.013,1.095,0.65,3.501,1.014,2.233,0.817,1.748,0.631,3.205,NORMAL,82.8,Low,SEED
2026-06-03 03:11:40,SEED-815,2.623,63.366,0.634,1.161,0.525,4.575,0.718,2.992,0.692,1.459,0.526,5.232,RECOVERING,69.0,Medium,SEED
2026-06-03 03:21:40,SEED-816,2.349,50.661,0.836,1.051,0.502,4.925,0.804,3.056,0.626,1.1,0.709,5.487,RECOVERING,69.7,Medium,SEED
2026-06-03 03:31:40,SEED-817,2.22,33.45,1.167,1.176,0.608,2.184,1.058,2.065,0.877,1.498,0.959,2.787,NORMAL,70.7,Low,SEED
2026-06-03 03:41:40,SEED-818,1.917,38.945,0.73,1.184,0.709,2.762,1.1,1.915,0.766,1.527,0.811,2.822,NORMAL,87.4,Low,SEED
2026-06-03 03:51:40,SEED-819,2.331,47.377,0.83,1.043,0.606,4.741,0.868,2.833,0.643,1.235,0.767,5.089,RECOVERING,71.7,Medium,SEED
2026-06-03 04:01:40,SEED-820,2.167,53.504,0.848,0.905,0.704,4.367,0.998,3.25,0.476,1.004,0.736,4.919,RECOVERING,68.7,Medium,SEED
2026-06-03 04:11:40,SEED-821,1.586,38.294,1.017,1.151,0.851,3.546,0.904,1.617,0.832,1.759,0.832,2.725,NORMAL,88.5,Low,SEED
2026-06-03 04:21:40,SEED-822,2.542,41.081,1.183,1.127,0.971,3.009,1.23,2.132,0.792,1.424,0.867,3.325,NORMAL,72.5,Low,SEED
2026-06-03 04:31:40,SEED-823,2.085,52.585,0.823,1.131,0.737,4.042,1.162,1.635,0.856,1.766,0.944,3.818,NORMAL,90.0,Low,SEED
2026-06-03 04:41:40,SEED-824,2.878,53.922,0.837,0.902,0.708,5.125,0.913,2.551,0.521,1.107,0.563,3.979,RECOVERING,69.0,Medium,SEED
2026-06-03 04:51:40,SEED-825,2.163,30.823,0.937,1.149,0.789,4.059,0.913,1.958,0.587,1.774,0.977,4.216,NORMAL,86.5,Low,SEED
2026-06-03 05:01:40,SEED-826,2.46,48.985,0.729,1.169,0.665,3.112,0.864,2.379,0.521,1.474,0.651,4.365,NORMAL,72.5,Low,SEED
2026-06-03 05:11:40,SEED-827,2.789,60.228,0.848,0.998,0.688,5.185,0.825,2.236,0.441,1.39,0.652,4.211,RECOVERING,69.0,Medium,SEED
2026-06-03 05:21:40,SEED-828,3.307,75.691,0.438,0.895,0.486,4.552,0.596,3.772,0.492,1.036,0.555,5.997,BROKEN,93.1,High,SEED
2026-06-03 05:31:40,SEED-829,3.085,67.443,0.608,1.032,0.536,3.426,0.974,3.099,0.684,1.113,0.727,5.326,RECOVERING,68.7,Medium,SEED
2026-06-03 05:41:40,SEED-830,2.37,41.555,0.801,1.236,0.732,3.726,1.116,2.143,0.603,1.365,0.658,3.378,NORMAL,90.4,Low,SEED
2026-06-03 05:51:40,SEED-831,2.49,36.409,0.793,1.41,0.828,2.448,1.083,2.372,0.666,1.273,0.985,2.542,NORMAL,80.2,Low,SEED
2026-06-03 06:01:40,SEED-832,1.718,38.25,1.14,1.063,0.635,3.97,1.172,1.68,0.776,1.208,0.614,3.392,NORMAL,91.7,Low,SEED
2026-06-03 06:11:40,SEED-833,2.999,77.372,0.464,0.907,0.366,5.503,0.548,3.43,0.394,0.802,0.532,5.137,BROKEN,81.2,High,SEED
2026-06-03 06:21:40,SEED-834,2.36,65.513,0.672,1.155,0.471,4.011,0.76,2.595,0.681,1.289,0.515,4.176,RECOVERING,68.7,Medium,SEED
2026-06-03 06:31:40,SEED-835,2.809,64.22,0.856,0.96,0.639,5.169,0.818,2.312,0.535,1.359,0.632,5.294,RECOVERING,69.0,Medium,SEED
2026-06-03 06:41:40,SEED-836,2.358,43.96,0.709,1.437,0.623,2.267,0.903,1.76,0.506,1.342,0.927,4.052,NORMAL,71.0,Low,SEED
2026-06-03 06:51:40,SEED-837,1.688,35.464,0.71,1.31,0.802,3.185,0.923,2.318,0.614,1.363,0.7,3.96,NORMAL,86.1,Low,SEED
2026-06-03 07:01:40,SEED-838,2.805,73.428,0.489,0.979,0.317,5.313,0.606,3.908,0.436,0.948,0.552,5.547,BROKEN,74.2,High,SEED
2026-06-03 07:11:40,SEED-839,2.582,51.005,1.12,1.269,0.674,4.445,0.865,1.655,0.536,1.556,0.899,3.439,NORMAL,91.5,Low,SEED
2026-06-03 07:21:40,SEED-840,2.409,67.01,0.556,1.198,0.703,4.156,0.916,2.214,0.501,1.095,0.771,5.334,RECOVERING,69.0,Medium,SEED
2026-06-03 07:31:40,SEED-841,2.237,36.835,1.143,1.049,0.799,3.614,1.189,1.891,0.832,1.493,0.721,3.854,NORMAL,87.2,Low,SEED
2026-06-03 07:41:40,SEED-842,2.043,50.748,0.825,1.15,0.821,2.574,1.002,1.875,0.899,1.216,0.786,3.558,NORMAL,89.6,Low,SEED
2026-06-03 07:51:40,SEED-843,3.176,69.799,0.477,0.868,0.476,5.24,0.637,2.907,0.368,1.199,0.474,4.804,BROKEN,88.8,High,SEED
2026-06-03 08:01:40,SEED-844,2.566,30.939,1.118,1.261,0.882,2.348,0.969,1.555,0.639,1.716,0.916,2.797,NORMAL,74.1,Low,SEED
2026-06-03 08:11:40,SEED-845,1.8,36.89,1.194,1.495,0.857,4.343,1.258,1.825,0.528,1.557,0.769,3.893,NORMAL,93.0,Low,SEED
2026-06-03 08:21:40,SEED-846,2.311,38.335,1.087,1.496,0.837,2.743,0.823,2.73,0.646,1.361,0.709,4.037,NORMAL,77.3,Low,SEED
2026-06-03 08:31:40,SEED-847,2.783,53.869,0.708,1.315,0.687,2.81,0.86,2.495,0.513,1.651,0.916,4.259,NORMAL,93.5,Low,SEED
2026-06-03 08:41:40,SEED-848,2.689,33.0,1.15,1.323,0.771,3.889,1.175,2.619,0.873,1.444,0.632,3.94,NORMAL,88.2,Low,SEED
2026-06-03 08:51:40,SEED-849,1.779,40.922,0.955,1.488,0.614,3.102,1.174,1.801,0.709,1.408,0.864,3.303,NORMAL,94.3,Low,SEED
2026-06-03 09:01:40,SEED-850,3.357,57.471,0.525,0.979,0.339,4.764,0.53,3.472,0.374,1.012,0.508,4.58,BROKEN,86.9,High,SEED
2026-06-03 09:11:40,SEED-851,2.375,62.988,0.586,1.22,0.464,3.832,0.731,2.935,0.44,1.071,0.713,5.385,RECOVERING,69.7,Medium,SEED
2026-06-03 09:21:40,SEED-852,2.293,47.726,1.104,1.02,0.927,2.448,1.128,1.537,0.523,1.571,0.705,3.422,NORMAL,73.1,Low,SEED
2026-06-03 09:31:40,SEED-853,2.043,51.132,0.919,1.451,0.915,2.7,0.888,2.45,0.736,1.27,0.993,3.685,NORMAL,86.7,Low,SEED
2026-06-03 09:41:40,SEED-854,1.639,35.835,0.851,1.082,0.848,2.968,1.269,1.684,0.623,1.69,0.665,3.597,NORMAL,76.3,Low,SEED
2026-06-03 09:51:40,SEED-855,2.861,59.133,0.452,0.895,0.412,5.539,0.509,3.198,0.302,1.198,0.536,6.388,BROKEN,94.1,High,SEED
2026-06-03 10:01:40,SEED-856,1.731,50.638,0.909,1.251,0.852,3.944,1.031,1.809,0.857,1.258,0.908,2.596,NORMAL,71.9,Low,SEED
2026-06-03 10:11:40,SEED-857,1.667,31.207,1.078,1.219,0.602,2.04,0.835,1.695,0.751,1.201,0.654,2.952,NORMAL,94.1,Low,SEED
2026-06-03 10:21:40,SEED-858,2.72,45.64,1.173,1.076,0.658,2.677,0.814,2.599,0.814,1.738,0.652,4.363,NORMAL,73.9,Low,SEED
2026-06-03 10:31:40,SEED-859,2.488,33.875,1.108,1.231,0.947,2.345,1.036,1.553,0.532,1.549,0.836,3.653,NORMAL,82.3,Low,SEED
2026-06-03 10:41:40,SEED-860,1.659,35.937,0.817,1.154,0.894,2.306,1.001,2.065,0.744,1.345,0.974,2.886,NORMAL,89.9,Low,SEED
2026-06-03 10:51:40,SEED-861,3.182,74.796,0.538,0.942,0.455,5.599,0.668,2.817,0.395,0.856,0.407,5.612,BROKEN,82.4,High,SEED
2026-06-03 11:01:40,SEED-862,2.29,48.591,1.15,1.464,0.891,3.138,1.021,2.76,0.659,1.673,0.892,2.767,NORMAL,82.6,Low,SEED
2026-06-03 11:11:40,SEED-863,1.642,51.426,0.977,1.066,0.611,2.497,1.177,2.688,0.616,1.273,0.653,3.296,NORMAL,75.2,Low,SEED
2026-06-03 11:21:40,SEED-864,1.855,44.488,0.928,1.015,0.726,2.344,1.014,1.584,0.552,1.413,0.733,3.076,NORMAL,94.3,Low,SEED
2026-06-03 11:31:40,SEED-865,2.39,64.053,0.614,1.097,0.688,4.067,0.68,3.023,0.432,1.496,0.646,4.523,RECOVERING,68.7,Medium,SEED
2026-06-03 11:41:40,SEED-866,1.722,35.777,0.894,1.471,0.707,3.23,0.87,2.549,0.859,1.529,0.686,3.958,NORMAL,89.4,Low,SEED
2026-06-03 11:51:40,SEED-867,2.584,46.395,0.687,1.211,0.567,4.32,0.81,2.308,0.467,1.425,0.576,3.75,RECOVERING,70.0,Medium,SEED
2026-06-03 12:01:40,SEED-868,1.851,36.091,0.781,1.433,0.718,3.08,1.043,2.457,0.648,1.552,0.755,3.95,NORMAL,89.5,Low,SEED
2026-06-03 12:11:40,SEED-869,2.383,39.779,1.044,1.377,0.956,3.209,1.116,2.434,0.848,1.656,0.629,3.081,NORMAL,74.7,Low,SEED
2026-06-03 12:21:40,SEED-870,1.92,32.514,0.731,1.26,0.951,3.374,1.06,2.199,0.544,1.55,0.882,3.917,NORMAL,88.2,Low,SEED
2026-06-03 12:31:40,SEED-871,2.236,34.254,1.114,1.396,0.877,3.405,1.085,1.882,0.786,1.516,0.704,4.42,NORMAL,77.6,Low,SEED
2026-06-03 12:41:40,SEED-872,2.631,46.269,1.083,1.039,0.657,2.89,1.1,2.503,0.648,1.619,0.858,3.887,NORMAL,74.6,Low,SEED
2026-06-03 12:51:40,SEED-873,3.342,67.483,0.484,0.917,0.375,4.969,0.666,2.817,0.485,0.815,0.477,5.829,BROKEN,84.9,High,SEED
2026-06-03 13:01:40,SEED-874,2.678,44.385,0.875,1.393,0.912,3.41,0.926,2.668,0.776,1.462,0.737,2.689,NORMAL,89.3,Low,SEED
2026-06-03 13:11:40,SEED-875,2.717,31.574,0.931,1.022,0.842,3.628,1.111,2.329,0.679,1.353,0.648,2.68,NORMAL,93.8,Low,SEED
2026-06-03 13:21:40,SEED-876,2.143,47.445,0.787,1.264,0.781,3.603,1.006,1.796,0.756,1.61,0.88,4.483,NORMAL,87.8,Low,SEED
2026-06-03 13:31:40,SEED-877,2.055,47.652,0.814,1.193,0.842,4.257,1.0,2.045,0.717,1.687,0.939,3.824,NORMAL,82.3,Low,SEED
2026-06-03 13:41:40,SEED-878,2.795,36.647,1.066,1.007,0.723,2.188,1.144,2.652,0.805,1.687,0.61,3.946,NORMAL,79.1,Low,SEED
2026-06-03 13:51:40,SEED-879,2.568,43.71,1.144,1.482,0.785,4.089,0.955,1.75,0.514,1.763,0.821,4.028,NORMAL,80.2,Low,SEED
2026-06-03 14:01:40,SEED-880,2.564,46.199,1.046,1.422,0.967,3.969,0.871,2.163,0.635,1.222,0.806,4.059,NORMAL,82.3,Low,SEED
2026-06-03 14:11:40,SEED-881,1.537,30.598,0.714,1.499,0.798,3.383,1.22,2.537,0.783,1.408,0.604,3.064,NORMAL,89.3,Low,SEED
2026-06-03 14:21:40,SEED-882,2.911,56.437,0.59,0.917,0.333,5.78,0.662,3.473,0.444,1.066,0.521,5.437,BROKEN,72.6,High,SEED
2026-06-03 14:31:40,SEED-883,3.064,63.937,0.448,0.816,0.4,5.081,0.539,2.976,0.369,0.922,0.564,4.884,BROKEN,79.7,High,SEED
2026-06-03 14:41:40,SEED-884,2.051,50.667,1.185,1.359,0.898,2.082,1.123,2.624,0.601,1.507,0.608,2.851,NORMAL,92.0,Low,SEED
2026-06-03 14:51:40,SEED-885,2.715,65.572,0.717,0.919,0.492,3.534,0.835,3.035,0.623,1.202,0.575,5.141,RECOVERING,68.7,Medium,SEED
2026-06-03 15:01:40,SEED-886,2.054,42.323,0.752,1.223,0.981,2.185,0.905,2.741,0.627,1.575,0.872,3.7,NORMAL,70.3,Low,SEED
2026-06-03 15:11:40,SEED-887,2.135,52.406,1.04,1.298,0.617,4.113,1.157,2.189,0.568,1.354,0.858,3.733,NORMAL,84.4,Low,SEED
2026-06-03 15:21:40,SEED-888,2.569,32.775,1.035,1.186,0.84,2.9,1.122,1.543,0.891,1.486,0.81,3.699,NORMAL,88.3,Low,SEED
2026-06-03 15:31:40,SEED-889,2.626,49.459,0.86,1.039,0.526,3.782,0.693,2.996,0.693,1.326,0.553,4.582,RECOVERING,69.0,Medium,SEED
2026-06-03 15:41:40,SEED-890,2.288,59.677,0.552,0.982,0.593,5.211,0.924,3.3,0.586,1.473,0.537,3.548,RECOVERING,69.3,Medium,SEED
2026-06-03 15:51:40,SEED-891,2.859,53.847,0.87,0.942,0.499,4.169,0.898,2.801,0.521,1.227,0.66,4.836,RECOVERING,69.0,Medium,SEED
2026-06-03 16:01:40,SEED-892,1.614,48.977,0.839,1.225,0.643,4.287,0.927,2.623,0.729,1.353,0.604,2.874,NORMAL,83.0,Low,SEED
2026-06-03 16:11:40,SEED-893,2.729,53.4,1.169,1.254,0.793,3.667,1.136,2.241,0.54,1.25,0.992,2.759,NORMAL,73.8,Low,SEED
2026-06-03 16:21:40,SEED-894,1.934,35.262,1.178,1.344,0.627,2.818,0.879,2.137,0.821,1.79,0.62,3.166,NORMAL,70.3,Low,SEED
2026-06-03 16:31:40,SEED-895,3.157,79.993,0.484,0.889,0.496,5.196,0.695,2.977,0.495,1.111,0.444,6.022,BROKEN,84.5,High,SEED
2026-06-03 16:41:40,SEED-896,2.441,33.842,0.884,1.378,0.766,4.341,1.032,2.308,0.589,1.443,0.774,4.184,NORMAL,71.9,Low,SEED
2026-06-03 16:51:40,SEED-897,1.579,48.279,0.924,1.163,0.886,2.716,1.291,1.885,0.748,1.723,0.715,2.614,NORMAL,71.6,Low,SEED
2026-06-03 17:01:40,SEED-898,2.16,40.937,0.92,1.464,0.874,2.743,0.973,2.702,0.85,1.365,0.712,2.659,NORMAL,75.6,Low,SEED
2026-06-03 17:11:40,SEED-899,1.741,49.465,1.07,1.401,0.762,3.367,0.829,2.286,0.56,1.208,0.815,3.942,NORMAL,84.3,Low,SEED
2026-06-03 17:21:40,SEED-900,3.042,61.956,0.653,1.198,0.569,3.326,0.821,3.106,0.681,1.292,0.662,5.398,RECOVERING,68.7,Medium,SEED
2026-06-03 17:31:40,SEED-901,2.675,65.545,0.844,1.205,0.586,4.796,0.753,2.428,0.449,1.479,0.648,5.021,RECOVERING,69.0,Medium,SEED
2026-06-03 17:41:40,SEED-902,2.385,44.621,0.762,1.441,0.719,2.37,0.983,1.606,0.598,1.433,0.993,2.951,NORMAL,92.6,Low,SEED
2026-06-03 17:51:40,SEED-903,2.57,50.304,1.083,1.341,0.666,2.059,0.937,2.616,0.531,1.624,0.736,4.159,NORMAL,72.1,Low,SEED
2026-06-03 18:01:40,SEED-904,3.341,70.412,0.532,0.898,0.383,4.785,0.627,3.866,0.461,0.944,0.497,5.12,BROKEN,81.7,High,SEED
2026-06-03 18:11:40,SEED-905,2.618,66.102,0.594,1.214,0.512,4.465,0.683,2.335,0.431,1.161,0.513,3.767,RECOVERING,69.0,Medium,SEED
2026-06-03 18:21:40,SEED-906,2.267,44.241,0.806,1.005,0.788,3.363,1.062,2.119,0.718,1.326,0.991,3.835,NORMAL,76.7,Low,SEED
2026-06-03 18:31:40,SEED-907,2.614,65.051,0.823,0.95,0.581,4.151,0.956,3.061,0.505,1.086,0.592,4.012,RECOVERING,69.0,Medium,SEED
2026-06-03 18:41:40,SEED-908,3.278,56.74,0.533,0.902,0.329,5.102,0.599,3.225,0.363,1.0,0.401,5.613,BROKEN,94.8,High,SEED
2026-06-03 18:51:40,SEED-909,1.513,42.508,1.019,1.046,0.801,3.448,1.165,2.143,0.521,1.787,0.856,2.726,NORMAL,87.2,Low,SEED
2026-06-03 19:01:40,SEED-910,3.371,73.676,0.5,0.822,0.468,5.932,0.659,3.305,0.485,1.007,0.541,5.881,BROKEN,74.3,High,SEED
2026-06-03 19:11:40,SEED-911,3.319,65.226,0.573,0.886,0.407,5.032,0.637,2.937,0.359,0.99,0.557,6.077,BROKEN,81.0,High,SEED
2026-06-03 19:21:40,SEED-912,1.899,30.301,1.084,1.027,0.939,3.318,1.208,2.253,0.842,1.394,0.754,3.175,NORMAL,85.1,Low,SEED
2026-06-03 19:31:40,SEED-913,3.032,67.652,0.429,0.901,0.448,4.666,0.537,2.98,0.363,0.944,0.457,5.504,BROKEN,79.6,High,SEED
2026-06-03 19:41:40,SEED-914,2.26,38.405,1.041,1.271,0.818,4.039,1.154,1.615,0.591,1.249,0.985,2.577,NORMAL,88.1,Low,SEED
2026-06-03 19:51:40,SEED-915,2.715,66.04,0.709,1.154,0.622,3.89,0.783,2.706,0.425,1.387,0.68,3.693,RECOVERING,68.7,Medium,SEED
2026-06-03 20:01:40,SEED-916,2.44,38.395,0.77,1.37,0.755,3.745,0.964,2.272,0.614,1.29,0.924,4.35,NORMAL,78.9,Low,SEED
2026-06-03 20:11:40,SEED-917,2.209,41.819,0.968,1.129,0.912,3.035,1.019,1.77,0.873,1.345,0.79,3.039,NORMAL,79.5,Low,SEED
2026-06-03 20:21:40,SEED-918,1.627,33.478,1.08,1.105,0.864,2.835,1.001,2.783,0.823,1.618,0.784,3.044,NORMAL,74.1,Low,SEED
2026-06-03 20:31:40,SEED-919,3.399,55.457,0.415,0.86,0.426,5.728,0.66,3.539,0.484,1.034,0.513,6.089,BROKEN,82.4,High,SEED
2026-06-03 20:41:40,SEED-920,1.661,43.404,0.836,1.129,0.672,3.771,1.05,2.528,0.626,1.245,0.635,2.953,NORMAL,84.7,Low,SEED
2026-06-03 20:51:40,SEED-921,2.714,43.499,0.58,0.996,0.737,4.507,0.709,3.256,0.481,1.233,0.511,3.737,RECOVERING,68.0,Medium,SEED
2026-06-03 21:01:40,SEED-922,2.566,57.07,0.605,1.249,0.487,4.756,0.692,2.874,0.411,1.357,0.689,4.596,RECOVERING,69.0,Medium,SEED
2026-06-03 21:11:40,SEED-923,2.554,51.369,0.744,1.23,0.656,2.062,1.262,1.755,0.631,1.57,0.747,3.068,NORMAL,88.9,Low,SEED
2026-06-03 21:21:40,SEED-924,2.965,55.294,0.809,1.157,0.688,4.534,0.818,2.48,0.552,1.337,0.611,5.173,RECOVERING,69.0,Medium,SEED
2026-06-03 21:31:40,SEED-925,3.132,72.037,0.493,0.812,0.38,5.191,0.625,3.653,0.339,0.801,0.478,4.885,BROKEN,72.1,High,SEED
2026-06-03 21:41:40,SEED-926,2.607,46.535,0.873,1.186,0.975,3.692,0.928,2.462,0.814,1.794,0.915,3.089,NORMAL,73.2,Low,SEED
2026-06-03 21:51:40,SEED-927,2.753,53.938,0.935,1.443,0.946,2.99,0.92,2.055,0.849,1.65,0.871,2.553,NORMAL,71.9,Low,SEED
2026-06-03 22:01:40,SEED-928,2.432,67.092,0.834,1.25,0.649,3.636,0.809,2.931,0.457,1.056,0.521,5.056,RECOVERING,68.7,Medium,SEED
2026-06-03 22:11:40,SEED-929,2.296,34.46,0.781,1.498,0.64,2.151,1.119,1.683,0.88,1.781,0.97,2.662,NORMAL,89.5,Low,SEED
2026-06-03 22:21:40,SEED-930,2.588,43.352,0.991,1.133,0.899,2.493,1.158,1.718,0.773,1.389,0.844,2.924,NORMAL,70.3,Low,SEED
2026-06-03 22:31:40,SEED-931,2.28,52.656,0.747,1.186,0.545,4.064,0.829,3.158,0.62,1.371,0.683,4.678,RECOVERING,69.7,Medium,SEED
2026-06-03 22:41:40,SEED-932,1.811,36.048,0.846,1.403,0.817,3.466,0.931,2.006,0.752,1.423,0.645,3.363,NORMAL,83.0,Low,SEED
2026-06-03 22:51:40,SEED-933,1.732,34.927,0.844,1.086,0.7,2.665,0.918,2.357,0.515,1.369,0.974,3.025,NORMAL,91.4,Low,SEED
2026-06-03 23:01:40,SEED-934,1.682,37.194,0.941,1.475,0.602,3.731,1.249,2.672,0.761,1.356,0.923,3.471,NORMAL,89.4,Low,SEED
2026-06-03 23:11:40,SEED-935,2.417,32.862,0.945,1.071,0.976,4.075,1.101,2.377,0.692,1.564,0.904,2.782,NORMAL,71.4,Low,SEED
2026-06-03 23:21:40,SEED-936,2.096,31.781,1.093,1.118,0.734,3.154,0.9,1.56,0.676,1.32,0.913,3.313,NORMAL,73.6,Low,SEED
2026-06-03 23:31:40,SEED-937,3.399,72.205,0.46,0.926,0.496,5.126,0.655,3.226,0.313,0.984,0.446,5.427,BROKEN,87.9,High,SEED
2026-06-03 23:41:40,SEED-938,2.255,31.058,0.908,1.238,0.815,2.186,0.856,2.318,0.769,1.364,0.862,4.208,NORMAL,77.9,Low,SEED
2026-06-03 23:51:40,SEED-939,3.35,68.392,0.424,0.849,0.344,4.637,0.561,2.992,0.33,1.157,0.454,4.957,BROKEN,78.7,High,SEED
2026-06-04 00:01:40,SEED-940,2.53,49.658,1.081,1.253,0.603,2.766,1.224,1.994,0.666,1.501,0.873,3.274,NORMAL,88.9,Low,SEED
2026-06-04 00:11:40,SEED-941,2.173,48.322,0.757,1.044,0.461,4.218,0.985,2.985,0.467,1.232,0.582,3.549,RECOVERING,70.7,Medium,SEED
2026-06-04 00:21:40,SEED-942,1.922,39.379,0.758,1.24,0.703,4.32,1.053,2.449,0.705,1.504,0.805,2.65,NORMAL,79.1,Low,SEED
2026-06-04 00:31:40,SEED-943,1.966,40.483,1.147,1.319,0.601,3.633,0.966,2.365,0.752,1.701,0.757,3.675,NORMAL,79.3,Low,SEED
2026-06-04 00:41:40,SEED-944,2.332,36.038,1.122,1.41,0.825,3.577,1.056,1.591,0.685,1.343,0.723,3.988,NORMAL,90.4,Low,SEED
2026-06-04 00:51:40,SEED-945,3.108,58.454,0.582,0.828,0.361,5.491,0.676,3.026,0.33,1.136,0.458,5.28,BROKEN,78.2,High,SEED
2026-06-04 01:01:40,SEED-946,1.682,31.971,0.961,1.455,0.979,2.02,1.201,2.546,0.828,1.54,0.829,2.539,NORMAL,84.4,Low,SEED
2026-06-04 01:11:40,SEED-947,1.708,44.951,0.721,1.077,0.98,3.239,0.826,2.137,0.895,1.772,0.951,3.364,NORMAL,76.5,Low,SEED
2026-06-04 01:21:40,SEED-948,2.223,42.167,1.123,1.208,0.774,4.21,1.043,1.596,0.853,1.406,0.793,4.418,NORMAL,80.7,Low,SEED
2026-06-04 01:31:40,SEED-949,3.266,72.065,0.593,0.994,0.371,5.911,0.699,2.96,0.472,0.996,0.598,5.675,BROKEN,78.7,High,SEED
2026-06-04 01:41:40,SEED-950,2.548,38.642,1.119,1.428,0.725,3.125,1.24,2.081,0.516,1.676,0.775,3.963,NORMAL,83.8,Low,SEED
2026-06-04 01:51:40,SEED-951,1.819,32.196,0.833,1.25,0.895,3.89,0.896,1.87,0.727,1.481,0.77,4.421,NORMAL,87.0,Low,SEED
2026-06-04 02:01:40,SEED-952,2.524,43.591,0.791,1.208,0.578,3.765,0.756,2.925,0.605,1.021,0.633,4.372,RECOVERING,67.7,Medium,SEED
2026-06-04 02:11:40,SEED-953,2.782,50.858,0.844,1.01,0.605,3.98,1.081,2.749,0.567,1.562,0.975,3.996,NORMAL,87.6,Low,SEED
2026-06-04 02:21:40,SEED-954,2.068,35.639,0.755,1.221,0.909,2.812,1.207,2.607,0.785,1.644,0.646,4.355,NORMAL,74.4,Low,SEED
2026-06-04 02:31:40,SEED-955,1.57,35.841,1.008,1.193,0.871,3.548,0.876,2.443,0.724,1.437,0.753,3.731,NORMAL,92.3,Low,SEED
2026-06-04 02:41:40,SEED-956,2.177,59.016,0.837,1.08,0.721,4.826,0.838,3.054,0.558,1.467,0.583,4.845,RECOVERING,68.7,Medium,SEED
2026-06-04 02:51:40,SEED-957,2.295,41.014,0.847,1.435,0.86,2.609,1.087,1.742,0.885,1.682,0.844,3.573,NORMAL,75.6,Low,SEED
2026-06-04 03:01:40,SEED-958,2.956,55.811,0.685,0.999,0.566,5.053,0.992,2.341,0.513,1.493,0.591,4.083,RECOVERING,69.0,Medium,SEED
2026-06-04 03:11:40,SEED-959,2.879,72.505,0.486,0.822,0.44,5.865,0.518,3.385,0.375,0.994,0.562,5.268,BROKEN,72.1,High,SEED
2026-06-04 03:21:40,SEED-960,2.128,34.861,0.933,1.362,0.693,3.83,0.881,2.176,0.756,1.405,0.777,4.222,NORMAL,74.8,Low,SEED
2026-06-04 03:31:40,SEED-961,2.993,52.388,0.571,0.974,0.649,4.766,0.888,3.026,0.642,1.309,0.637,4.587,RECOVERING,69.0,Medium,SEED
2026-06-04 03:41:40,SEED-962,2.669,45.143,0.68,1.167,0.486,3.66,0.661,3.144,0.602,1.242,0.758,3.994,RECOVERING,67.7,Medium,SEED
2026-06-04 03:51:40,SEED-963,2.44,42.403,0.811,1.307,0.904,4.228,1.234,2.678,0.658,1.283,0.64,2.542,NORMAL,84.2,Low,SEED
2026-06-04 04:01:40,SEED-964,2.462,32.103,1.185,1.405,0.997,2.589,1.162,1.743,0.723,1.565,0.638,2.814,NORMAL,80.7,Low,SEED
2026-06-04 04:11:40,SEED-965,2.146,51.728,0.862,1.397,0.717,3.525,0.903,2.033,0.619,1.7,0.846,2.855,NORMAL,89.7,Low,SEED
2026-06-04 04:21:40,SEED-966,2.631,61.368,0.742,0.947,0.614,3.872,0.987,2.89,0.475,1.164,0.543,3.876,RECOVERING,68.7,Medium,SEED
2026-06-04 04:31:40,SEED-967,1.5,34.31,1.134,1.462,0.641,3.377,1.136,2.54,0.609,1.279,0.881,3.065,NORMAL,85.9,Low,SEED
2026-06-04 04:41:40,SEED-968,2.494,64.857,0.897,0.98,0.612,3.658,0.653,3.309,0.664,1.203,0.591,4.921,RECOVERING,68.7,Medium,SEED
2026-06-04 04:51:40,SEED-969,2.243,31.392,0.923,1.361,0.811,4.07,1.198,2.127,0.887,1.746,0.934,3.208,NORMAL,76.5,Low,SEED
2026-06-04 05:01:40,SEED-970,2.415,50.42,0.836,1.066,0.661,3.256,0.87,3.126,0.607,1.483,0.588,4.496,RECOVERING,69.0,Medium,SEED
2026-06-04 05:11:40,SEED-971,1.621,50.746,0.748,1.469,0.858,3.39,1.231,2.511,0.861,1.305,0.836,2.673,NORMAL,73.5,Low,SEED
2026-06-04 05:21:40,SEED-972,3.014,47.685,0.709,0.989,0.662,4.568,0.686,3.051,0.469,1.303,0.725,4.631,RECOVERING,70.3,Medium,SEED
2026-06-04 05:31:40,SEED-973,2.426,42.974,0.594,0.961,0.7,4.753,0.679,3.01,0.458,1.026,0.644,4.783,RECOVERING,69.0,Medium,SEED
2026-06-04 05:41:40,SEED-974,2.535,35.031,0.858,1.378,0.847,3.228,0.817,2.502,0.57,1.601,0.794,4.425,NORMAL,79.0,Low,SEED
2026-06-04 05:51:40,SEED-975,2.656,47.098,0.871,1.345,0.769,3.346,0.912,2.733,0.899,1.669,0.734,3.328,NORMAL,83.7,Low,SEED
2026-06-04 06:01:40,SEED-976,2.085,31.876,1.035,1.025,0.823,3.674,1.261,1.851,0.686,1.587,0.909,2.594,NORMAL,91.9,Low,SEED
2026-06-04 06:11:40,SEED-977,1.841,54.4,1.107,1.073,0.886,3.843,1.126,2.439,0.637,1.718,0.892,3.271,NORMAL,79.8,Low,SEED
2026-06-04 06:21:40,SEED-978,2.134,34.598,0.923,1.046,0.99,2.504,0.977,2.273,0.719,1.432,0.681,3.011,NORMAL,70.3,Low,SEED
2026-06-04 06:31:40,SEED-979,2.373,45.878,1.074,1.485,0.623,3.771,1.009,1.647,0.891,1.43,0.948,2.958,NORMAL,73.7,Low,SEED
2026-06-04 06:41:40,SEED-980,2.551,33.651,1.138,1.119,0.735,3.23,0.885,1.844,0.869,1.376,0.608,3.91,NORMAL,80.8,Low,SEED
2026-06-04 06:51:40,SEED-981,2.793,43.21,0.932,1.155,0.613,2.996,0.992,2.034,0.578,1.709,0.723,2.584,NORMAL,77.2,Low,SEED
2026-06-04 07:01:40,SEED-982,3.105,54.413,0.608,1.229,0.472,3.395,0.94,2.241,0.544,1.374,0.716,3.614,RECOVERING,68.7,Medium,SEED
2026-06-04 07:11:40,SEED-983,3.414,73.167,0.475,0.938,0.395,4.874,0.662,3.839,0.343,0.86,0.467,6.038,BROKEN,72.4,High,SEED
2026-06-04 07:21:40,SEED-984,1.897,36.03,0.816,1.025,0.632,4.339,1.117,2.776,0.561,1.459,0.995,3.512,NORMAL,82.4,Low,SEED
2026-06-04 07:31:40,SEED-985,2.109,37.581,0.704,1.398,0.813,3.305,1.284,2.698,0.71,1.572,0.784,2.829,NORMAL,79.4,Low,SEED
2026-06-04 07:41:40,SEED-986,2.758,44.566,0.955,1.143,0.795,3.769,1.105,2.689,0.566,1.627,0.864,3.737,NORMAL,71.9,Low,SEED
2026-06-04 07:51:40,SEED-987,2.322,43.763,1.08,1.126,0.73,2.11,1.196,1.917,0.644,1.711,0.957,3.039,NORMAL,91.1,Low,SEED
2026-06-04 08:01:40,SEED-988,2.601,64.689,0.565,0.943,0.653,5.148,0.951,2.829,0.538,1.382,0.508,5.362,RECOVERING,69.0,Medium,SEED
2026-06-04 08:11:40,SEED-989,3.088,71.522,0.494,0.836,0.362,4.827,0.631,2.881,0.41,1.199,0.557,6.332,BROKEN,80.5,High,SEED
2026-06-04 08:21:40,SEED-990,2.982,48.941,0.583,0.918,0.652,4.969,0.801,2.775,0.475,1.219,0.707,4.638,RECOVERING,70.3,Medium,SEED
2026-06-04 08:31:40,SEED-991,1.959,44.432,1.143,1.205,0.747,3.525,1.24,2.07,0.709,1.347,0.656,4.402,NORMAL,90.1,Low,SEED
2026-06-04 08:41:40,SEED-992,3.484,78.777,0.402,0.856,0.45,5.354,0.64,3.843,0.461,1.058,0.462,5.133,BROKEN,77.3,High,SEED
2026-06-04 08:51:40,SEED-993,2.438,33.672,1.196,1.328,0.746,3.644,1.202,2.551,0.821,1.648,0.979,4.123,NORMAL,74.5,Low,SEED
2026-06-04 09:01:40,SEED-994,2.329,46.746,0.83,1.022,0.657,3.328,1.141,1.834,0.685,1.54,0.66,2.671,NORMAL,89.7,Low,SEED
2026-06-04 09:11:40,SEED-995,1.795,52.613,0.73,1.042,0.793,2.876,1.235,2.108,0.604,1.5,0.692,2.811,NORMAL,82.8,Low,SEED
2026-06-04 09:21:40,SEED-996,2.274,51.738,0.958,1.477,0.906,2.724,1.294,2.597,0.856,1.37,0.877,4.133,NORMAL,77.0,Low,SEED
2026-06-04 09:31:40,SEED-997,3.054,65.186,0.554,1.142,0.459,4.573,0.969,3.376,0.603,1.07,0.548,4.219,RECOVERING,69.0,Medium,SEED
2026-06-04 09:41:40,SEED-998,3.115,69.507,0.589,0.973,0.472,5.767,0.668,3.055,0.457,0.902,0.583,6.449,BROKEN,75.4,High,SEED
2026-06-04 09:51:40,SEED-999,2.372,51.885,1.005,1.25,0.787,2.062,0.85,1.98,0.833,1.715,0.621,4.444,NORMAL,86.8,Low,SEED
2026-06-04 11:27:32,AUTO-PMP,1.905,45.263,1.153,1.429,0.931,2.76,0.902,1.882,0.627,1.76,0.802,2.696,NORMAL,68.7,Low,AUTO
2026-06-04 11:29:32,AUTO-PMP,1.066,40.325,1.367,1.304,1.035,2.82,1.097,1.823,0.746,1.952,0.958,3.058,NORMAL,63.7,Low,AUTO
2026-06-04 11:31:32,AUTO-PMP,1.725,29.029,0.98,1.222,1.019,2.421,0.946,2.007,0.763,1.984,0.768,1.631,NORMAL,75.7,Low,AUTO
2026-06-04 11:33:33,AUTO-PMP,1.394,46.22,1.343,1.323,0.943,2.932,1.386,1.525,0.696,1.768,0.708,2.665,NORMAL,71.3,Low,AUTO
2026-06-04 11:35:33,AUTO-PMP,3.166,70.508,0.46,0.874,0.287,5.409,0.495,4.282,0.3,0.95,0.489,5.271,NORMAL,69.7,Low,AUTO
2026-06-04 11:37:33,AUTO-PMP,2.192,33.411,0.963,1.546,0.735,2.296,1.338,2.082,0.697,1.552,0.979,2.324,NORMAL,68.3,Low,AUTO
2026-06-04 11:39:34,AUTO-PMP,1.951,40.132,0.941,1.558,0.957,2.983,1.326,2.124,0.989,1.956,0.826,2.966,NORMAL,68.7,Low,AUTO
2026-06-04 11:41:34,AUTO-PMP,3.149,68.984,0.371,0.707,0.235,6.411,0.572,3.877,0.227,0.733,0.487,5.454,NORMAL,69.7,Low,AUTO
2026-06-04 11:43:35,AUTO-PMP,1.601,32.239,1.3,1.595,0.892,1.991,1.368,1.562,0.771,1.976,0.956,2.302,NORMAL,69.0,Low,AUTO
2026-06-04 11:45:35,AUTO-PMP,2.127,47.715,1.35,1.152,0.759,1.712,0.945,1.912,0.843,1.462,0.887,3.0,NORMAL,70.3,Low,AUTO
2026-06-04 11:47:36,AUTO-PMP,3.128,62.575,0.413,0.813,0.232,6.427,0.487,3.05,0.284,0.977,0.317,6.21,NORMAL,69.7,Low,AUTO
2026-06-04 11:49:36,AUTO-PMP,2.89,79.716,0.403,0.868,0.268,5.76,0.565,3.975,0.227,0.851,0.427,6.005,NORMAL,69.7,Low,AUTO
2026-06-04 12:53:48,AUTO-PMP,2.108,31.593,0.876,1.206,0.866,3.229,0.983,1.89,0.941,1.411,0.772,2.979,NORMAL,68.7,Low,AUTO
2026-06-04 12:55:49,AUTO-PMP,1.612,41.962,1.24,1.584,0.798,1.937,1.08,1.995,0.843,1.825,0.927,3.179,NORMAL,69.3,Low,AUTO
2026-06-04 12:57:54,AUTO-PMP,1.076,44.406,0.986,1.342,0.826,2.408,1.277,2.189,0.947,1.779,0.785,1.568,NORMAL,71.3,Low,AUTO
2026-06-04 22:29:40,AUTO-PMP,1.657,35.143,1.034,1.549,1.017,2.823,1.056,1.771,0.859,1.98,0.769,3.273,NORMAL,69.3,Low,AUTO
2026-06-04 22:31:41,AUTO-PMP,3.252,64.322,0.328,0.759,0.267,5.884,0.537,4.232,0.288,0.813,0.4,5.148,NORMAL,69.7,Low,AUTO
2026-06-04 22:33:42,AUTO-PMP,3.299,60.076,0.461,0.734,0.392,5.052,0.461,3.23,0.296,0.719,0.414,6.198,NORMAL,69.7,Low,AUTO
2026-06-04 22:35:42,AUTO-PMP,1.762,30.361,1.262,1.22,0.988,1.749,1.078,1.838,0.84,1.32,1.009,1.811,NORMAL,75.7,Low,AUTO
2026-06-04 22:37:42,AUTO-PMP,2.938,74.832,0.446,0.803,0.251,6.365,0.528,4.05,0.286,0.878,0.343,5.705,NORMAL,69.7,Low,AUTO
2026-06-04 22:39:43,AUTO-PMP,3.125,60.986,0.392,0.784,0.257,5.103,0.416,3.328,0.343,0.861,0.332,5.766,NORMAL,69.7,Low,AUTO
2026-06-04 22:41:43,AUTO-PMP,1.626,44.699,1.004,1.5,0.862,2.115,1.198,1.615,0.649,1.37,0.982,3.337,NORMAL,69.3,Low,AUTO
2026-06-04 22:43:44,AUTO-PMP,1.908,31.1,1.243,1.372,0.978,3.467,1.106,1.49,0.868,1.998,0.809,1.769,NORMAL,75.0,Low,AUTO
2026-06-04 22:45:44,AUTO-PMP,2.893,70.842,0.372,0.806,0.256,6.26,0.583,4.346,0.356,0.76,0.45,5.62,NORMAL,69.7,Low,AUTO
2026-06-04 22:47:45,AUTO-PMP,2.028,36.348,1.218,1.248,0.817,1.518,1.27,1.376,0.826,1.683,0.976,3.488,NORMAL,68.7,Low,AUTO
2026-06-04 22:49:45,AUTO-PMP,1.732,30.821,1.226,1.562,0.831,2.17,1.233,1.961,0.759,1.324,0.702,2.445,NORMAL,69.3,Low,AUTO
2026-06-04 22:51:45,AUTO-PMP,1.939,34.483,1.234,1.507,0.711,1.749,1.392,1.35,0.701,1.995,0.708,2.899,NORMAL,68.7,Low,AUTO
2026-06-04 22:53:46,AUTO-PMP,2.196,43.357,1.393,1.563,0.766,1.806,1.163,1.957,0.905,1.807,0.945,2.198,NORMAL,69.0,Low,AUTO
2026-06-04 22:55:47,AUTO-PMP,1.852,29.809,1.159,1.431,0.702,1.641,1.177,1.147,0.684,1.889,0.801,1.982,NORMAL,75.3,Low,AUTO
2026-06-04 22:57:47,AUTO-PMP,3.052,76.334,0.456,0.719,0.279,5.462,0.474,4.351,0.245,0.992,0.424,5.311,NORMAL,69.7,Low,AUTO
2026-06-04 22:59:47,AUTO-PMP,2.178,34.388,1.276,1.365,1.069,3.315,1.174,1.975,0.977,1.861,0.848,3.304,NORMAL,68.7,Low,AUTO
2026-06-04 23:01:48,AUTO-PMP,1.681,36.912,0.84,1.25,0.775,2.258,1.049,1.739,0.698,1.331,1.098,1.584,NORMAL,75.7,Low,AUTO
2026-06-04 23:03:49,AUTO-PMP,2.132,25.79,1.26,1.286,0.999,3.012,1.005,1.408,0.953,1.391,0.908,1.567,NORMAL,75.0,Low,AUTO
2026-06-04 23:05:49,AUTO-PMP,3.373,74.438,0.442,0.793,0.246,5.712,0.465,4.307,0.334,0.967,0.326,6.013,NORMAL,69.7,Low,AUTO
2026-06-04 23:07:50,AUTO-PMP,1.242,36.035,0.861,1.166,1.059,3.273,1.217,1.751,0.696,1.461,1.082,2.699,NORMAL,68.0,Low,AUTO
2026-06-04 23:09:50,AUTO-PMP,3.327,68.195,0.334,0.784,0.22,6.413,0.452,4.418,0.27,0.718,0.359,5.586,NORMAL,69.7,Low,AUTO
2026-06-04 23:11:51,AUTO-PMP,1.602,26.59,1.379,1.548,0.851,2.276,1.065,1.171,0.768,1.482,0.726,1.848,NORMAL,75.7,Low,AUTO
2026-06-04 23:13:52,AUTO-PMP,1.693,41.716,1.073,1.369,0.814,3.455,1.131,1.155,0.66,1.819,1.088,2.437,NORMAL,69.3,Low,AUTO
2026-06-04 23:15:52,AUTO-PMP,1.232,47.64,1.267,1.164,0.935,1.531,1.055,1.859,0.703,1.7,0.978,3.462,NORMAL,70.0,Low,AUTO
2026-06-04 23:17:53,AUTO-PMP,1.363,45.382,1.225,1.172,0.903,1.821,1.251,2.171,0.957,1.602,0.821,2.074,NORMAL,73.7,Low,AUTO
2026-06-04 23:19:53,AUTO-PMP,2.96,60.91,0.462,0.821,0.389,5.34,0.59,3.917,0.371,0.701,0.373,5.967,NORMAL,69.7,Low,AUTO
2026-06-04 23:21:53,AUTO-PMP,2.957,69.493,0.474,0.821,0.338,5.178,0.494,4.003,0.397,0.984,0.361,5.56,NORMAL,69.7,Low,AUTO
2026-06-04 23:23:54,AUTO-PMP,1.085,29.017,1.288,1.391,1.079,2.033,0.927,1.708,0.66,1.699,0.871,2.372,NORMAL,63.3,Low,AUTO
2026-06-04 23:25:55,AUTO-PMP,1.518,25.052,1.356,1.41,0.705,2.24,1.321,1.857,0.745,1.601,0.894,1.584,NORMAL,75.7,Low,AUTO
2026-06-04 23:27:56,AUTO-PMP,1.794,35.613,0.966,1.241,0.89,2.227,0.977,1.254,0.755,1.977,0.759,2.693,NORMAL,69.3,Low,AUTO
2026-06-04 23:29:57,AUTO-PMP,1.743,28.856,1.08,1.454,0.786,3.254,1.012,1.693,0.995,1.693,0.908,1.731,NORMAL,75.7,Low,AUTO
2026-06-04 23:31:57,AUTO-PMP,1.667,39.243,1.331,1.471,0.921,2.151,1.289,2.155,0.682,1.881,0.829,3.165,NORMAL,69.3,Low,AUTO
2026-06-04 23:33:58,AUTO-PMP,1.687,42.811,0.816,1.181,1.02,2.097,1.223,2.074,0.9,1.796,0.916,1.834,NORMAL,75.7,Low,AUTO
2026-06-04 23:35:58,AUTO-PMP,3.209,76.543,0.39,0.821,0.314,5.9,0.43,3.702,0.361,0.702,0.464,6.289,NORMAL,69.7,Low,AUTO
2026-06-04 23:37:59,AUTO-PMP,1.232,28.732,1.011,1.318,1.033,2.881,1.317,1.94,0.661,1.428,0.753,1.822,NORMAL,75.0,Low,AUTO
2026-06-04 23:39:59,AUTO-PMP,1.823,26.64,1.294,1.187,0.997,2.236,1.261,1.574,0.868,1.919,0.733,1.88,NORMAL,75.7,Low,AUTO
2026-06-04 23:42:00,AUTO-PMP,1.403,45.877,0.94,1.221,0.876,1.913,1.183,1.045,0.627,1.96,0.854,3.145,NORMAL,71.3,Low,AUTO
2026-06-05 10:51:37,AUTO-PMP,1.903,37.499,1.036,1.351,0.842,2.883,1.02,1.99,0.913,1.579,0.873,2.954,NORMAL,68.7,Low,AUTO
2026-06-05 10:53:37,AUTO-PMP,2.827,61.515,0.347,0.727,0.223,6.135,0.545,3.262,0.277,0.925,0.464,5.976,NORMAL,69.7,Low,AUTO
2026-06-05 10:55:38,AUTO-PMP,2.862,78.049,0.494,0.801,0.239,5.436,0.417,4.137,0.352,0.813,0.462,5.486,NORMAL,69.7,Low,AUTO
2026-06-05 10:57:41,AUTO-PMP,2.073,41.202,1.116,1.338,0.887,3.059,1.339,1.947,0.837,1.576,0.771,2.137,NORMAL,69.3,Low,AUTO
2026-06-05 10:59:42,AUTO-PMP,1.518,33.632,1.163,1.416,0.871,2.727,1.267,1.899,0.639,1.752,0.955,2.626,NORMAL,69.3,Low,AUTO
2026-06-05 11:01:43,AUTO-PMP,3.12,75.454,0.425,0.745,0.254,5.678,0.476,3.932,0.213,0.897,0.346,6.164,NORMAL,69.7,Low,AUTO
2026-06-05 11:03:43,AUTO-PMP,3.237,67.797,0.402,0.883,0.34,5.005,0.561,3.665,0.261,0.825,0.49,5.858,NORMAL,69.7,Low,AUTO
2026-06-05 11:05:44,AUTO-PMP,1.593,28.895,1.087,1.129,0.826,1.593,1.04,2.19,0.991,1.727,0.793,2.793,NORMAL,69.3,Low,AUTO
2026-06-05 11:07:44,AUTO-PMP,2.839,63.993,0.431,0.811,0.4,5.517,0.522,3.847,0.27,0.748,0.403,6.409,NORMAL,69.7,Low,AUTO
2026-06-05 11:09:45,AUTO-PMP,1.569,41.797,1.336,1.287,1.035,2.658,1.047,1.615,0.632,1.983,0.769,2.534,NORMAL,69.3,Low,AUTO
2026-06-05 11:11:46,AUTO-PMP,1.88,40.034,1.043,1.23,0.902,3.325,1.272,1.791,0.994,1.339,1.03,2.892,NORMAL,68.7,Low,AUTO
2026-06-05 11:13:47,AUTO-PMP,1.247,29.184,1.159,1.302,0.758,2.036,1.317,2.026,0.789,1.373,1.011,1.636,NORMAL,75.7,Low,AUTO
2026-06-05 11:15:47,AUTO-PMP,2.112,26.89,0.934,1.512,1.076,2.53,0.971,1.412,0.853,1.723,1.046,2.219,NORMAL,69.0,Low,AUTO
2026-06-05 11:17:48,AUTO-PMP,1.734,27.395,1.353,1.21,0.925,3.26,0.909,1.576,0.925,1.566,1.053,2.533,NORMAL,69.3,Low,AUTO
2026-06-05 11:19:49,AUTO-PMP,2.048,35.492,1.066,1.246,0.723,1.943,1.143,1.599,0.637,1.835,0.719,2.332,NORMAL,68.3,Low,AUTO
2026-06-05 11:21:49,AUTO-PMP,1.343,38.392,0.95,1.126,1.054,2.868,1.047,1.722,0.839,1.928,0.817,1.785,NORMAL,75.7,Low,AUTO
2026-06-05 12:19:12,AUTO-PMP,1.174,37.495,1.39,1.25,0.878,1.7,0.965,1.517,0.731,1.728,1.05,3.309,NORMAL,68.0,Low,AUTO
2026-06-05 12:59:17,AUTO-PMP,2.821,79.164,0.43,0.728,0.304,6.371,0.43,3.016,0.255,0.808,0.422,5.164,NORMAL,69.7,Low,AUTO
2026-06-05 13:01:17,AUTO-PMP,1.626,26.303,0.998,1.262,1.055,2.318,0.913,2.19,0.773,1.676,1.057,3.329,NORMAL,69.3,Low,AUTO
2026-06-05 13:03:18,AUTO-PMP,3.281,78.746,0.477,0.729,0.374,5.679,0.404,4.005,0.241,0.778,0.355,5.663,NORMAL,69.7,Low,AUTO
2026-06-05 13:05:18,AUTO-PMP,1.587,41.478,1.124,1.435,0.766,1.737,1.099,1.858,0.993,1.453,0.759,1.604,NORMAL,75.7,Low,AUTO
2026-06-05 13:07:18,AUTO-PMP,2.176,41.473,1.057,1.307,1.032,3.214,1.005,1.627,0.878,1.99,0.867,1.72,NORMAL,75.0,Low,AUTO
2026-06-05 13:09:19,AUTO-PMP,2.855,64.921,0.366,0.747,0.272,5.177,0.568,4.109,0.362,0.986,0.485,5.171,NORMAL,69.7,Low,AUTO
2026-06-05 13:11:19,AUTO-PMP,1.477,29.213,1.3,1.316,0.81,3.156,0.948,1.17,0.901,1.358,1.07,2.971,NORMAL,69.3,Low,AUTO
2026-06-05 13:13:19,AUTO-PMP,3.065,74.95,0.39,0.849,0.307,6.075,0.574,3.726,0.356,0.867,0.478,5.413,NORMAL,69.7,Low,AUTO
2026-06-05 13:15:20,AUTO-PMP,1.575,25.391,1.006,1.249,0.735,2.871,1.21,1.594,0.864,1.822,0.946,2.626,NORMAL,69.3,Low,AUTO
2026-06-05 13:17:20,AUTO-PMP,3.334,68.795,0.478,0.833,0.388,5.576,0.578,3.474,0.294,0.874,0.495,5.457,NORMAL,69.7,Low,AUTO
2026-06-05 13:19:21,AUTO-PMP,1.957,26.27,1.313,1.384,0.864,2.954,0.955,1.078,0.944,1.437,0.898,3.361,NORMAL,68.7,Low,AUTO
2026-06-05 13:21:21,AUTO-PMP,1.391,44.11,1.308,1.151,0.959,2.536,1.338,1.394,0.66,1.838,0.96,2.389,NORMAL,69.0,Low,AUTO
2026-06-05 13:23:22,AUTO-PMP,2.841,65.633,0.374,0.752,0.245,5.527,0.537,4.187,0.29,0.971,0.338,6.12,NORMAL,69.7,Low,AUTO
2026-06-05 14:55:34,AUTO-PMP,2.121,40.725,1.27,1.18,0.957,2.045,1.221,1.723,0.629,1.764,0.962,1.55,NORMAL,75.0,Low,AUTO
2026-06-05 15:26:00,AUTO-PMP,1.216,46.716,0.894,1.188,0.812,2.768,0.911,1.591,0.831,1.63,0.971,2.713,NORMAL,70.0,Low,AUTO
2026-06-05 15:34:25,AUTO-PMP,2.813,65.395,0.311,0.731,0.304,5.536,0.431,3.348,0.341,0.734,0.441,6.11,NORMAL,69.7,Low,AUTO
2026-06-05 15:36:27,AUTO-PMP,3.158,73.293,0.321,0.744,0.277,6.154,0.589,4.315,0.321,0.922,0.495,6.157,NORMAL,69.7,Low,AUTO
2026-06-05 15:38:27,AUTO-PMP,1.318,46.967,1.096,1.484,0.968,2.8,0.923,1.755,0.867,1.547,0.883,2.595,NORMAL,71.0,Low,AUTO
2026-06-05 15:40:28,AUTO-PMP,2.096,29.894,1.2,1.342,0.857,1.562,0.903,1.249,0.812,1.408,0.805,2.614,NORMAL,68.7,Low,AUTO
2026-06-05 15:42:29,AUTO-PMP,2.961,68.83,0.383,0.875,0.38,5.231,0.538,4.426,0.357,0.814,0.371,6.136,NORMAL,69.7,Low,AUTO
2026-06-05 15:44:29,AUTO-PMP,1.424,32.834,1.086,1.483,1.064,2.469,1.227,1.323,0.653,1.912,0.826,2.053,NORMAL,75.3,Low,AUTO
2026-06-05 15:46:30,AUTO-PMP,3.228,61.065,0.488,0.755,0.259,5.644,0.481,3.759,0.203,0.796,0.483,5.599,NORMAL,69.7,Low,AUTO
2026-06-05 15:48:30,AUTO-PMP,3.151,73.786,0.39,0.857,0.327,5.104,0.596,4.191,0.353,0.749,0.427,5.824,NORMAL,69.7,Low,AUTO
2026-06-05 15:52:21,AUTO-PMP,1.108,38.107,1.243,1.576,0.914,2.611,1.006,2.095,0.768,1.729,0.803,2.541,NORMAL,66.7,Low,AUTO
2026-06-05 16:03:00,AUTO-PMP,2.964,78.628,0.412,0.707,0.232,5.058,0.414,3.929,0.346,0.766,0.47,5.685,NORMAL,69.7,Low,AUTO
2026-06-05 16:05:00,AUTO-PMP,1.564,40.608,1.218,1.333,0.787,2.887,1.155,1.264,0.921,1.8,0.805,3.183,NORMAL,69.3,Low,AUTO
2026-06-05 16:07:01,AUTO-PMP,1.95,33.531,1.345,1.104,0.89,3.289,1.07,1.606,0.606,1.806,0.848,2.358,NORMAL,68.3,Low,AUTO
2026-06-05 16:09:02,AUTO-PMP,1.226,45.985,1.261,1.267,0.714,1.85,1.007,1.366,0.685,1.438,0.783,3.408,NORMAL,70.0,Low,AUTO
2026-06-05 16:11:03,AUTO-PMP,3.466,66.466,0.486,0.726,0.237,6.302,0.508,3.776,0.23,0.731,0.424,5.851,NORMAL,69.7,Low,AUTO
2026-06-05 16:13:03,AUTO-PMP,2.07,28.136,1.039,1.512,1.057,2.793,1.374,1.274,0.757,1.668,0.733,2.817,NORMAL,68.7,Low,AUTO
2026-06-05 16:15:04,AUTO-PMP,3.392,78.908,0.5,0.75,0.343,5.829,0.424,3.349,0.242,0.951,0.384,5.188,NORMAL,69.7,Low,AUTO
2026-06-05 20:43:21,AUTO-PMP,1.603,42.501,1.143,1.47,0.753,2.954,1.231,1.872,0.912,1.858,0.792,3.142,NORMAL,69.3,Low,AUTO
2026-06-05 21:13:34,AUTO-PMP,3.372,71.406,0.415,0.743,0.216,6.337,0.549,3.647,0.201,0.728,0.377,5.859,NORMAL,69.7,Low,AUTO
2026-06-05 21:15:35,AUTO-PMP,1.556,30.673,1.311,1.405,0.975,1.779,1.195,2.183,0.678,1.737,0.758,2.097,NORMAL,72.0,Low,AUTO
2026-06-05 21:17:35,AUTO-PMP,1.495,32.783,1.012,1.341,0.805,2.522,0.989,1.745,0.941,1.919,0.938,1.659,NORMAL,75.7,Low,AUTO
2026-06-06 11:24:15,AUTO-PMP,1.212,44.602,1.351,1.221,0.843,2.733,0.925,1.929,0.718,1.427,0.777,3.432,NORMAL,68.0,Low,AUTO
2026-06-06 11:26:15,AUTO-PMP,1.25,43.682,1.116,1.371,1.01,2.722,1.089,1.286,0.858,1.974,0.836,2.332,NORMAL,68.3,Low,AUTO
2026-06-06 11:32:30,AUTO-PMP,1.03,41.752,0.995,1.464,0.953,2.795,1.372,1.352,0.643,1.792,1.045,2.647,NORMAL,63.7,Low,AUTO
2026-06-06 11:34:31,AUTO-PMP,3.31,64.601,0.404,0.837,0.207,5.965,0.501,3.724,0.302,0.839,0.451,5.321,NORMAL,69.7,Low,AUTO
2026-06-06 11:36:31,AUTO-PMP,1.974,26.897,0.884,1.255,1.054,2.092,1.258,1.257,0.734,1.53,1.023,1.751,NORMAL,75.0,Low,AUTO
2026-06-06 11:38:32,AUTO-PMP,1.673,47.391,1.001,1.575,0.841,3.324,0.92,1.995,0.791,1.659,0.704,2.247,NORMAL,71.7,Low,AUTO
2026-06-06 11:40:32,AUTO-PMP,2.866,64.064,0.363,0.814,0.224,6.412,0.571,3.458,0.376,0.855,0.444,5.989,NORMAL,69.7,Low,AUTO
2026-06-06 11:42:32,AUTO-PMP,1.721,40.716,0.939,1.462,1.075,3.087,1.045,1.943,0.769,1.657,0.976,1.601,NORMAL,75.7,Low,AUTO
2026-06-06 11:44:33,AUTO-PMP,1.961,42.751,0.808,1.233,0.813,2.246,1.335,2.152,0.913,1.832,0.909,3.089,NORMAL,68.7,Low,AUTO
2026-06-06 11:46:33,AUTO-PMP,1.051,43.43,0.891,1.254,1.045,3.352,1.398,1.497,0.774,1.57,0.746,2.029,NORMAL,71.0,Low,AUTO
2026-06-06 11:48:34,AUTO-PMP,1.155,41.975,1.095,1.11,0.827,2.885,0.985,1.263,0.996,1.423,0.717,2.936,NORMAL,68.0,Low,AUTO
2026-06-07 11:42:49,AUTO-PMP,2.904,62.028,0.427,0.86,0.334,6.249,0.59,4.068,0.383,0.936,0.394,5.311,NORMAL,69.7,Low,AUTO
2026-06-07 11:44:49,AUTO-PMP,3.22,60.642,0.427,0.707,0.252,5.566,0.577,3.238,0.297,0.855,0.349,6.371,NORMAL,69.7,Low,AUTO
2026-06-07 11:46:50,AUTO-PMP,1.221,33.263,1.212,1.414,1.004,1.772,0.999,2.098,0.718,1.812,1.034,2.191,NORMAL,68.7,Low,AUTO
2026-06-07 11:48:50,AUTO-PMP,2.174,43.068,1.077,1.137,0.823,1.674,1.339,1.411,0.725,1.369,0.867,2.003,NORMAL,74.7,Low,AUTO
2026-06-07 11:50:50,AUTO-PMP,1.349,25.138,1.229,1.463,0.92,3.156,0.982,1.408,0.686,1.678,0.748,2.578,NORMAL,69.0,Low,AUTO
2026-06-07 11:52:51,AUTO-PMP,3.304,72.15,0.465,0.872,0.359,5.084,0.572,3.274,0.366,0.89,0.449,5.158,NORMAL,69.7,Low,AUTO
2026-06-07 11:54:51,AUTO-PMP,1.63,30.116,1.053,1.53,0.906,1.964,1.302,1.976,0.757,1.629,0.7,2.382,NORMAL,69.0,Low,AUTO
2026-06-07 11:56:52,AUTO-PMP,3.255,68.766,0.409,0.783,0.389,5.127,0.571,4.091,0.218,0.893,0.405,5.884,NORMAL,69.7,Low,AUTO
